"receptor","year","month","day","hour","hour.inc","lat","lon","height","pressure","date.inc","date.start","diffs","trajectory"
1,2015,1,1,12,0,-80.3,-81.3,1500,750.6,2015-01-01 12:00:00,2015-01-01 12:00:00,1,1
1,2015,1,1,11,-1,-80.37,-82.727,1546.8,730.3,2015-01-01 11:00:00,2015-01-01 12:00:00,-1,1
1,2015,1,1,10,-2,-80.419,-84.159,1592.9,709.3,2015-01-01 10:00:00,2015-01-01 12:00:00,-1,1
1,2015,1,1,9,-3,-80.447,-85.622,1638,689.4,2015-01-01 09:00:00,2015-01-01 12:00:00,-1,1
1,2015,1,1,8,-4,-80.454,-87.133,1681.4,669.4,2015-01-01 08:00:00,2015-01-01 12:00:00,-1,1
1,2015,1,1,7,-5,-80.438,-88.704,1722.7,650.8,2015-01-01 07:00:00,2015-01-01 12:00:00,-1,1
1,2015,1,1,6,-6,-80.395,-90.34,1760.3,633.2,2015-01-01 06:00:00,2015-01-01 12:00:00,-1,1
1,2015,1,1,5,-7,-80.318,-92.007,1791.8,617.5,2015-01-01 05:00:00,2015-01-01 12:00:00,-1,1
1,2015,1,1,4,-8,-80.204,-93.661,1816.1,605.7,2015-01-01 04:00:00,2015-01-01 12:00:00,-1,1
1,2015,1,1,3,-9,-80.049,-95.281,1832.5,596.7,2015-01-01 03:00:00,2015-01-01 12:00:00,-1,1
1,2015,1,1,2,-10,-79.854,-96.809,1844.7,594.6,2015-01-01 02:00:00,2015-01-01 12:00:00,-1,1
1,2015,1,1,1,-11,-79.622,-98.173,1849.4,597.1,2015-01-01 01:00:00,2015-01-01 12:00:00,-1,1
1,2015,1,1,0,-12,-79.36,-99.354,1845.4,603.1,2015-01-01,2015-01-01 12:00:00,-1,1
1,2014,12,31,23,-13,-79.071,-100.263,1830.5,611.3,2014-12-31 23:00:00,2015-01-01 12:00:00,-1,1
1,2014,12,31,22,-14,-78.754,-100.841,1804.2,622.2,2014-12-31 22:00:00,2015-01-01 12:00:00,-1,1
1,2014,12,31,21,-15,-78.416,-101.136,1766.3,634.3,2014-12-31 21:00:00,2015-01-01 12:00:00,-1,1
1,2014,12,31,20,-16,-78.061,-101.204,1717.7,647.6,2014-12-31 20:00:00,2015-01-01 12:00:00,-1,1
1,2014,12,31,19,-17,-77.692,-101.1,1658.6,661.9,2014-12-31 19:00:00,2015-01-01 12:00:00,-1,1
1,2014,12,31,18,-18,-77.313,-100.878,1591.7,678.9,2014-12-31 18:00:00,2015-01-01 12:00:00,-1,1
1,2014,12,31,17,-19,-76.933,-100.559,1521.2,698,2014-12-31 17:00:00,2015-01-01 12:00:00,-1,1
1,2014,12,31,16,-20,-76.558,-100.153,1449.5,716.8,2014-12-31 16:00:00,2015-01-01 12:00:00,-1,1
1,2014,12,31,15,-21,-76.186,-99.686,1377.4,735.5,2014-12-31 15:00:00,2015-01-01 12:00:00,-1,1
1,2014,12,31,14,-22,-75.818,-99.181,1305.7,753.9,2014-12-31 14:00:00,2015-01-01 12:00:00,-1,1
1,2014,12,31,13,-23,-75.454,-98.659,1235.1,771.7,2014-12-31 13:00:00,2015-01-01 12:00:00,-1,1
1,2014,12,31,12,-24,-75.095,-98.14,1165.9,788.7,2014-12-31 12:00:00,2015-01-01 12:00:00,-1,1
1,2015,1,2,12,0,-80.3,-81.3,1500,745.6,2015-01-02 12:00:00,2015-01-02 12:00:00,24,2
1,2015,1,2,11,-1,-80.453,-81.251,1521.1,742.1,2015-01-02 11:00:00,2015-01-02 12:00:00,-1,2
1,2015,1,2,10,-2,-80.594,-81.201,1538.7,739.3,2015-01-02 10:00:00,2015-01-02 12:00:00,-1,2
1,2015,1,2,9,-3,-80.722,-81.152,1553,736.9,2015-01-02 09:00:00,2015-01-02 12:00:00,-1,2
1,2015,1,2,8,-4,-80.837,-81.11,1563.7,734.9,2015-01-02 08:00:00,2015-01-02 12:00:00,-1,2
1,2015,1,2,7,-5,-80.94,-81.076,1570.7,733.4,2015-01-02 07:00:00,2015-01-02 12:00:00,-1,2
1,2015,1,2,6,-6,-81.031,-81.054,1574,732.2,2015-01-02 06:00:00,2015-01-02 12:00:00,-1,2
1,2015,1,2,5,-7,-81.11,-81.064,1578.1,731.3,2015-01-02 05:00:00,2015-01-02 12:00:00,-1,2
1,2015,1,2,4,-8,-81.18,-81.127,1587.3,729.1,2015-01-02 04:00:00,2015-01-02 12:00:00,-1,2
1,2015,1,2,3,-9,-81.238,-81.247,1601.5,726.1,2015-01-02 03:00:00,2015-01-02 12:00:00,-1,2
1,2015,1,2,2,-10,-81.283,-81.429,1620.8,722.3,2015-01-02 02:00:00,2015-01-02 12:00:00,-1,2
1,2015,1,2,1,-11,-81.315,-81.673,1644.9,717.6,2015-01-02 01:00:00,2015-01-02 12:00:00,-1,2
1,2015,1,2,0,-12,-81.333,-81.982,1673.8,712,2015-01-02,2015-01-02 12:00:00,-1,2
1,2015,1,1,23,-13,-81.344,-82.399,1706,705.1,2015-01-01 23:00:00,2015-01-02 12:00:00,-1,2
1,2015,1,1,22,-14,-81.356,-82.964,1739.8,696.6,2015-01-01 22:00:00,2015-01-02 12:00:00,-1,2
1,2015,1,1,21,-15,-81.365,-83.678,1774.9,686.8,2015-01-01 21:00:00,2015-01-02 12:00:00,-1,2
1,2015,1,1,20,-16,-81.368,-84.541,1810.6,675.6,2015-01-01 20:00:00,2015-01-02 12:00:00,-1,2
1,2015,1,1,19,-17,-81.36,-85.545,1846,663.2,2015-01-01 19:00:00,2015-01-02 12:00:00,-1,2
1,2015,1,1,18,-18,-81.336,-86.676,1880.2,649.7,2015-01-01 18:00:00,2015-01-02 12:00:00,-1,2
1,2015,1,1,17,-19,-81.294,-87.894,1913.6,636,2015-01-01 17:00:00,2015-01-02 12:00:00,-1,2
1,2015,1,1,16,-20,-81.235,-89.161,1944.4,623.4,2015-01-01 16:00:00,2015-01-02 12:00:00,-1,2
1,2015,1,1,15,-21,-81.159,-90.469,1972.7,611.4,2015-01-01 15:00:00,2015-01-02 12:00:00,-1,2
1,2015,1,1,14,-22,-81.066,-91.806,1998.8,600.7,2015-01-01 14:00:00,2015-01-02 12:00:00,-1,2
1,2015,1,1,13,-23,-80.956,-93.155,2022.1,591.2,2015-01-01 13:00:00,2015-01-02 12:00:00,-1,2
1,2015,1,1,12,-24,-80.827,-94.495,2042.8,583,2015-01-01 12:00:00,2015-01-02 12:00:00,-1,2
1,2015,1,3,12,0,-80.3,-81.3,1500,743,2015-01-03 12:00:00,2015-01-03 12:00:00,24,3
1,2015,1,3,11,-1,-80.567,-81.361,1536.4,735.2,2015-01-03 11:00:00,2015-01-03 12:00:00,-1,3
1,2015,1,3,10,-2,-80.838,-81.467,1569.9,727.2,2015-01-03 10:00:00,2015-01-03 12:00:00,-1,3
1,2015,1,3,9,-3,-81.113,-81.619,1601.5,719.2,2015-01-03 09:00:00,2015-01-03 12:00:00,-1,3
1,2015,1,3,8,-4,-81.392,-81.821,1631.7,710.9,2015-01-03 08:00:00,2015-01-03 12:00:00,-1,3
1,2015,1,3,7,-5,-81.674,-82.078,1661.2,702.3,2015-01-03 07:00:00,2015-01-03 12:00:00,-1,3
1,2015,1,3,6,-6,-81.957,-82.4,1690.8,693.3,2015-01-03 06:00:00,2015-01-03 12:00:00,-1,3
1,2015,1,3,5,-7,-82.23,-82.727,1722.8,684.3,2015-01-03 05:00:00,2015-01-03 12:00:00,-1,3
1,2015,1,3,4,-8,-82.483,-82.989,1759,675.8,2015-01-03 04:00:00,2015-01-03 12:00:00,-1,3
1,2015,1,3,3,-9,-82.712,-83.147,1800.7,668.5,2015-01-03 03:00:00,2015-01-03 12:00:00,-1,3
1,2015,1,3,2,-10,-82.917,-83.168,1848,662.2,2015-01-03 02:00:00,2015-01-03 12:00:00,-1,3
1,2015,1,3,1,-11,-83.102,-83.051,1900.5,656.7,2015-01-03 01:00:00,2015-01-03 12:00:00,-1,3
1,2015,1,3,0,-12,-83.269,-82.796,1957.6,651.9,2015-01-03,2015-01-03 12:00:00,-1,3
1,2015,1,2,23,-13,-83.43,-82.467,2017,647.3,2015-01-02 23:00:00,2015-01-03 12:00:00,-1,3
1,2015,1,2,22,-14,-83.594,-82.13,2076.6,642.4,2015-01-02 22:00:00,2015-01-03 12:00:00,-1,3
1,2015,1,2,21,-15,-83.761,-81.809,2135.6,637.2,2015-01-02 21:00:00,2015-01-03 12:00:00,-1,3
1,2015,1,2,20,-16,-83.934,-81.524,2193.7,631.5,2015-01-02 20:00:00,2015-01-03 12:00:00,-1,3
1,2015,1,2,19,-17,-84.111,-81.303,2250.2,625.6,2015-01-02 19:00:00,2015-01-03 12:00:00,-1,3
1,2015,1,2,18,-18,-84.294,-81.173,2304.4,619.3,2015-01-02 18:00:00,2015-01-03 12:00:00,-1,3
1,2015,1,2,17,-19,-84.477,-81.087,2358.9,613.3,2015-01-02 17:00:00,2015-01-03 12:00:00,-1,3
1,2015,1,2,16,-20,-84.654,-80.979,2413.8,607.1,2015-01-02 16:00:00,2015-01-03 12:00:00,-1,3
1,2015,1,2,15,-21,-84.826,-80.852,2470.8,601,2015-01-02 15:00:00,2015-01-03 12:00:00,-1,3
1,2015,1,2,14,-22,-84.995,-80.713,2530.9,594.6,2015-01-02 14:00:00,2015-01-03 12:00:00,-1,3
1,2015,1,2,13,-23,-85.159,-80.567,2590.6,586.3,2015-01-02 13:00:00,2015-01-03 12:00:00,-1,3
1,2015,1,2,12,-24,-85.318,-80.397,2653.1,577.8,2015-01-02 12:00:00,2015-01-03 12:00:00,-1,3
1,2015,1,4,12,0,-80.3,-81.3,1500,745.8,2015-01-04 12:00:00,2015-01-04 12:00:00,24,4
1,2015,1,4,11,-1,-80.496,-81.076,1513.5,743.9,2015-01-04 11:00:00,2015-01-04 12:00:00,-1,4
1,2015,1,4,10,-2,-80.691,-80.809,1526.8,742.4,2015-01-04 10:00:00,2015-01-04 12:00:00,-1,4
1,2015,1,4,9,-3,-80.885,-80.509,1540.8,741,2015-01-04 09:00:00,2015-01-04 12:00:00,-1,4
1,2015,1,4,8,-4,-81.082,-80.183,1556.7,739.6,2015-01-04 08:00:00,2015-01-04 12:00:00,-1,4
1,2015,1,4,7,-5,-81.281,-79.84,1575.3,737.5,2015-01-04 07:00:00,2015-01-04 12:00:00,-1,4
1,2015,1,4,6,-6,-81.486,-79.49,1597.8,734.7,2015-01-04 06:00:00,2015-01-04 12:00:00,-1,4
1,2015,1,4,5,-7,-81.696,-79.098,1623.4,731.7,2015-01-04 05:00:00,2015-01-04 12:00:00,-1,4
1,2015,1,4,4,-8,-81.914,-78.618,1650.3,729.2,2015-01-04 04:00:00,2015-01-04 12:00:00,-1,4
1,2015,1,4,3,-9,-82.14,-78.041,1678.3,727,2015-01-04 03:00:00,2015-01-04 12:00:00,-1,4
1,2015,1,4,2,-10,-82.377,-77.356,1707.1,724.8,2015-01-04 02:00:00,2015-01-04 12:00:00,-1,4
1,2015,1,4,1,-11,-82.626,-76.557,1735.5,722.4,2015-01-04 01:00:00,2015-01-04 12:00:00,-1,4
1,2015,1,4,0,-12,-82.881,-75.631,1761.9,719.9,2015-01-04,2015-01-04 12:00:00,-1,4
1,2015,1,3,23,-13,-83.136,-74.616,1787.3,716.7,2015-01-03 23:00:00,2015-01-04 12:00:00,-1,4
1,2015,1,3,22,-14,-83.383,-73.546,1813.3,712.2,2015-01-03 22:00:00,2015-01-04 12:00:00,-1,4
1,2015,1,3,21,-15,-83.62,-72.406,1841.7,707.4,2015-01-03 21:00:00,2015-01-04 12:00:00,-1,4
1,2015,1,3,20,-16,-83.846,-71.174,1871.9,701.5,2015-01-03 20:00:00,2015-01-04 12:00:00,-1,4
1,2015,1,3,19,-17,-84.061,-69.836,1905.6,695.1,2015-01-03 19:00:00,2015-01-04 12:00:00,-1,4
1,2015,1,3,18,-18,-84.263,-68.384,1942.8,687.3,2015-01-03 18:00:00,2015-01-04 12:00:00,-1,4
1,2015,1,3,17,-19,-84.452,-66.757,1982.1,679.3,2015-01-03 17:00:00,2015-01-04 12:00:00,-1,4
1,2015,1,3,16,-20,-84.629,-64.879,2017.6,671.6,2015-01-03 16:00:00,2015-01-04 12:00:00,-1,4
1,2015,1,3,15,-21,-84.79,-62.717,2050.1,663.2,2015-01-03 15:00:00,2015-01-04 12:00:00,-1,4
1,2015,1,3,14,-22,-84.933,-60.255,2076.6,654.3,2015-01-03 14:00:00,2015-01-04 12:00:00,-1,4
1,2015,1,3,13,-23,-85.057,-57.489,2098,644.7,2015-01-03 13:00:00,2015-01-04 12:00:00,-1,4
1,2015,1,3,12,-24,-85.161,-54.407,2112.4,633.9,2015-01-03 12:00:00,2015-01-04 12:00:00,-1,4
1,2015,1,5,12,0,-80.3,-81.3,1500,746.7,2015-01-05 12:00:00,2015-01-05 12:00:00,24,5
1,2015,1,5,11,-1,-80.509,-80.969,1509.3,746.2,2015-01-05 11:00:00,2015-01-05 12:00:00,-1,5
1,2015,1,5,10,-2,-80.705,-80.59,1512.3,747.2,2015-01-05 10:00:00,2015-01-05 12:00:00,-1,5
1,2015,1,5,9,-3,-80.891,-80.161,1509.7,749.2,2015-01-05 09:00:00,2015-01-05 12:00:00,-1,5
1,2015,1,5,8,-4,-81.067,-79.68,1502.3,751.8,2015-01-05 08:00:00,2015-01-05 12:00:00,-1,5
1,2015,1,5,7,-5,-81.234,-79.145,1490.9,755,2015-01-05 07:00:00,2015-01-05 12:00:00,-1,5
1,2015,1,5,6,-6,-81.394,-78.555,1476.7,758.9,2015-01-05 06:00:00,2015-01-05 12:00:00,-1,5
1,2015,1,5,5,-7,-81.547,-77.926,1461.8,763.3,2015-01-05 05:00:00,2015-01-05 12:00:00,-1,5
1,2015,1,5,4,-8,-81.691,-77.267,1446.6,767.4,2015-01-05 04:00:00,2015-01-05 12:00:00,-1,5
1,2015,1,5,3,-9,-81.827,-76.564,1431.2,771.6,2015-01-05 03:00:00,2015-01-05 12:00:00,-1,5
1,2015,1,5,2,-10,-81.952,-75.801,1415.5,776.4,2015-01-05 02:00:00,2015-01-05 12:00:00,-1,5
1,2015,1,5,1,-11,-82.067,-74.963,1399.3,781.8,2015-01-05 01:00:00,2015-01-05 12:00:00,-1,5
1,2015,1,5,0,-12,-82.17,-74.033,1381.5,786.7,2015-01-05,2015-01-05 12:00:00,-1,5
1,2015,1,4,23,-13,-82.264,-73.028,1363.5,791.9,2015-01-04 23:00:00,2015-01-05 12:00:00,-1,5
1,2015,1,4,22,-14,-82.351,-71.977,1347,796.4,2015-01-04 22:00:00,2015-01-05 12:00:00,-1,5
1,2015,1,4,21,-15,-82.429,-70.884,1331.6,800.2,2015-01-04 21:00:00,2015-01-05 12:00:00,-1,5
1,2015,1,4,20,-16,-82.498,-69.75,1317.4,804.4,2015-01-04 20:00:00,2015-01-05 12:00:00,-1,5
1,2015,1,4,19,-17,-82.558,-68.583,1303.7,807.1,2015-01-04 19:00:00,2015-01-05 12:00:00,-1,5
1,2015,1,4,18,-18,-82.609,-67.389,1291.2,809.7,2015-01-04 18:00:00,2015-01-05 12:00:00,-1,5
1,2015,1,4,17,-19,-82.655,-66.132,1278.5,810.2,2015-01-04 17:00:00,2015-01-05 12:00:00,-1,5
1,2015,1,4,16,-20,-82.696,-64.773,1267.1,810.7,2015-01-04 16:00:00,2015-01-05 12:00:00,-1,5
1,2015,1,4,15,-21,-82.732,-63.313,1254.8,810.6,2015-01-04 15:00:00,2015-01-05 12:00:00,-1,5
1,2015,1,4,14,-22,-82.759,-61.744,1240.8,809.9,2015-01-04 14:00:00,2015-01-05 12:00:00,-1,5
1,2015,1,4,13,-23,-82.775,-60.06,1224.4,808.6,2015-01-04 13:00:00,2015-01-05 12:00:00,-1,5
1,2015,1,4,12,-24,-82.776,-58.264,1204.8,806.9,2015-01-04 12:00:00,2015-01-05 12:00:00,-1,5
1,2015,1,6,12,0,-80.3,-81.3,1500,744.7,2015-01-06 12:00:00,2015-01-06 12:00:00,24,6
1,2015,1,6,11,-1,-80.576,-81.19,1495.7,742.8,2015-01-06 11:00:00,2015-01-06 12:00:00,-1,6
1,2015,1,6,10,-2,-80.839,-81.096,1494.8,740.4,2015-01-06 10:00:00,2015-01-06 12:00:00,-1,6
1,2015,1,6,9,-3,-81.091,-81.02,1496.7,737.7,2015-01-06 09:00:00,2015-01-06 12:00:00,-1,6
1,2015,1,6,8,-4,-81.333,-80.967,1501.1,734.6,2015-01-06 08:00:00,2015-01-06 12:00:00,-1,6
1,2015,1,6,7,-5,-81.563,-80.942,1507.6,731.3,2015-01-06 07:00:00,2015-01-06 12:00:00,-1,6
1,2015,1,6,6,-6,-81.785,-80.95,1516,727.6,2015-01-06 06:00:00,2015-01-06 12:00:00,-1,6
1,2015,1,6,5,-7,-81.996,-80.997,1522.8,723.4,2015-01-06 05:00:00,2015-01-06 12:00:00,-1,6
1,2015,1,6,4,-8,-82.197,-81.089,1527.2,719.5,2015-01-06 04:00:00,2015-01-06 12:00:00,-1,6
1,2015,1,6,3,-9,-82.386,-81.231,1528.8,715.7,2015-01-06 03:00:00,2015-01-06 12:00:00,-1,6
1,2015,1,6,2,-10,-82.562,-81.41,1528.3,712,2015-01-06 02:00:00,2015-01-06 12:00:00,-1,6
1,2015,1,6,1,-11,-82.724,-81.597,1526.3,708.8,2015-01-06 01:00:00,2015-01-06 12:00:00,-1,6
1,2015,1,6,0,-12,-82.872,-81.768,1522.7,706.1,2015-01-06,2015-01-06 12:00:00,-1,6
1,2015,1,5,23,-13,-83.008,-81.931,1518.6,703.8,2015-01-05 23:00:00,2015-01-06 12:00:00,-1,6
1,2015,1,5,22,-14,-83.137,-82.099,1513.1,701.6,2015-01-05 22:00:00,2015-01-06 12:00:00,-1,6
1,2015,1,5,21,-15,-83.259,-82.281,1506.5,699.5,2015-01-05 21:00:00,2015-01-06 12:00:00,-1,6
1,2015,1,5,20,-16,-83.374,-82.483,1498.7,697.6,2015-01-05 20:00:00,2015-01-06 12:00:00,-1,6
1,2015,1,5,19,-17,-83.484,-82.713,1489.4,695.6,2015-01-05 19:00:00,2015-01-06 12:00:00,-1,6
1,2015,1,5,18,-18,-83.587,-82.98,1478.5,693.7,2015-01-05 18:00:00,2015-01-06 12:00:00,-1,6
1,2015,1,5,17,-19,-83.683,-83.222,1467.1,692.5,2015-01-05 17:00:00,2015-01-06 12:00:00,-1,6
1,2015,1,5,16,-20,-83.771,-83.366,1456.8,691.9,2015-01-05 16:00:00,2015-01-06 12:00:00,-1,6
1,2015,1,5,15,-21,-83.851,-83.397,1447.8,691.9,2015-01-05 15:00:00,2015-01-06 12:00:00,-1,6
1,2015,1,5,14,-22,-83.923,-83.302,1440.2,692.6,2015-01-05 14:00:00,2015-01-06 12:00:00,-1,6
1,2015,1,5,13,-23,-83.985,-83.069,1434,694,2015-01-05 13:00:00,2015-01-06 12:00:00,-1,6
1,2015,1,5,12,-24,-84.039,-82.687,1429.1,696.2,2015-01-05 12:00:00,2015-01-06 12:00:00,-1,6
1,2015,1,7,12,0,-80.3,-81.3,1500,741.7,2015-01-07 12:00:00,2015-01-07 12:00:00,24,7
1,2015,1,7,11,-1,-80.579,-80.993,1510,740.2,2015-01-07 11:00:00,2015-01-07 12:00:00,-1,7
1,2015,1,7,10,-2,-80.869,-80.699,1519.4,738.2,2015-01-07 10:00:00,2015-01-07 12:00:00,-1,7
1,2015,1,7,9,-3,-81.17,-80.411,1529.1,735.7,2015-01-07 09:00:00,2015-01-07 12:00:00,-1,7
1,2015,1,7,8,-4,-81.484,-80.125,1540.1,732.6,2015-01-07 08:00:00,2015-01-07 12:00:00,-1,7
1,2015,1,7,7,-5,-81.812,-79.835,1553.5,728.9,2015-01-07 07:00:00,2015-01-07 12:00:00,-1,7
1,2015,1,7,6,-6,-82.155,-79.535,1570.3,724.5,2015-01-07 06:00:00,2015-01-07 12:00:00,-1,7
1,2015,1,7,5,-7,-82.506,-79.253,1588.6,719.1,2015-01-07 05:00:00,2015-01-07 12:00:00,-1,7
1,2015,1,7,4,-8,-82.85,-79.002,1604.4,713.7,2015-01-07 04:00:00,2015-01-07 12:00:00,-1,7
1,2015,1,7,3,-9,-83.183,-78.767,1619.2,708.1,2015-01-07 03:00:00,2015-01-07 12:00:00,-1,7
1,2015,1,7,2,-10,-83.507,-78.546,1633,702.4,2015-01-07 02:00:00,2015-01-07 12:00:00,-1,7
1,2015,1,7,1,-11,-83.824,-78.335,1646,696.7,2015-01-07 01:00:00,2015-01-07 12:00:00,-1,7
1,2015,1,7,0,-12,-84.134,-78.133,1657.9,690.8,2015-01-07,2015-01-07 12:00:00,-1,7
1,2015,1,6,23,-13,-84.434,-77.884,1671.3,685.2,2015-01-06 23:00:00,2015-01-07 12:00:00,-1,7
1,2015,1,6,22,-14,-84.718,-77.521,1688,679.7,2015-01-06 22:00:00,2015-01-07 12:00:00,-1,7
1,2015,1,6,21,-15,-84.986,-77.035,1708,674.1,2015-01-06 21:00:00,2015-01-07 12:00:00,-1,7
1,2015,1,6,20,-16,-85.234,-76.43,1727.9,666.3,2015-01-06 20:00:00,2015-01-07 12:00:00,-1,7
1,2015,1,6,19,-17,-85.461,-75.728,1749.1,658.8,2015-01-06 19:00:00,2015-01-07 12:00:00,-1,7
1,2015,1,6,18,-18,-85.669,-74.959,1771.1,651.6,2015-01-06 18:00:00,2015-01-07 12:00:00,-1,7
1,2015,1,6,17,-19,-85.861,-74.194,1791.8,643.7,2015-01-06 17:00:00,2015-01-07 12:00:00,-1,7
1,2015,1,6,16,-20,-86.039,-73.502,1812,636.5,2015-01-06 16:00:00,2015-01-07 12:00:00,-1,7
1,2015,1,6,15,-21,-86.202,-72.905,1831.9,629.7,2015-01-06 15:00:00,2015-01-07 12:00:00,-1,7
1,2015,1,6,14,-22,-86.351,-72.423,1851.8,623.2,2015-01-06 14:00:00,2015-01-07 12:00:00,-1,7
1,2015,1,6,13,-23,-86.487,-72.082,1872.3,617.1,2015-01-06 13:00:00,2015-01-07 12:00:00,-1,7
1,2015,1,6,12,-24,-86.611,-71.906,1893.7,611.1,2015-01-06 12:00:00,2015-01-07 12:00:00,-1,7
1,2015,1,8,12,0,-80.3,-81.3,1500,743,2015-01-08 12:00:00,2015-01-08 12:00:00,24,8
1,2015,1,8,11,-1,-80.414,-81.206,1501.7,741.9,2015-01-08 11:00:00,2015-01-08 12:00:00,-1,8
1,2015,1,8,10,-2,-80.532,-81.111,1499.7,741.2,2015-01-08 10:00:00,2015-01-08 12:00:00,-1,8
1,2015,1,8,9,-3,-80.652,-81.018,1494,740.8,2015-01-08 09:00:00,2015-01-08 12:00:00,-1,8
1,2015,1,8,8,-4,-80.776,-80.927,1484.6,740.7,2015-01-08 08:00:00,2015-01-08 12:00:00,-1,8
1,2015,1,8,7,-5,-80.902,-80.843,1471.8,740.7,2015-01-08 07:00:00,2015-01-08 12:00:00,-1,8
1,2015,1,8,6,-6,-81.032,-80.766,1455.7,741,2015-01-08 06:00:00,2015-01-08 12:00:00,-1,8
1,2015,1,8,5,-7,-81.165,-80.665,1438.5,741.9,2015-01-08 05:00:00,2015-01-08 12:00:00,-1,8
1,2015,1,8,4,-8,-81.301,-80.504,1422.8,742.9,2015-01-08 04:00:00,2015-01-08 12:00:00,-1,8
1,2015,1,8,3,-9,-81.439,-80.275,1408.6,744.4,2015-01-08 03:00:00,2015-01-08 12:00:00,-1,8
1,2015,1,8,2,-10,-81.581,-79.971,1395.8,746.3,2015-01-08 02:00:00,2015-01-08 12:00:00,-1,8
1,2015,1,8,1,-11,-81.725,-79.585,1384.3,748.4,2015-01-08 01:00:00,2015-01-08 12:00:00,-1,8
1,2015,1,8,0,-12,-81.873,-79.107,1374.4,750.9,2015-01-08,2015-01-08 12:00:00,-1,8
1,2015,1,7,23,-13,-82.029,-78.573,1366.9,753.1,2015-01-07 23:00:00,2015-01-08 12:00:00,-1,8
1,2015,1,7,22,-14,-82.194,-78.02,1363.7,754.6,2015-01-07 22:00:00,2015-01-08 12:00:00,-1,8
1,2015,1,7,21,-15,-82.369,-77.444,1365,755.4,2015-01-07 21:00:00,2015-01-08 12:00:00,-1,8
1,2015,1,7,20,-16,-82.55,-76.84,1370.9,755.2,2015-01-07 20:00:00,2015-01-08 12:00:00,-1,8
1,2015,1,7,19,-17,-82.735,-76.197,1381.4,754.1,2015-01-07 19:00:00,2015-01-08 12:00:00,-1,8
1,2015,1,7,18,-18,-82.92,-75.498,1396.1,752.5,2015-01-07 18:00:00,2015-01-08 12:00:00,-1,8
1,2015,1,7,17,-19,-83.107,-74.752,1411.2,750.2,2015-01-07 17:00:00,2015-01-08 12:00:00,-1,8
1,2015,1,7,16,-20,-83.295,-73.972,1422.4,747.9,2015-01-07 16:00:00,2015-01-08 12:00:00,-1,8
1,2015,1,7,15,-21,-83.484,-73.151,1430.4,745.6,2015-01-07 15:00:00,2015-01-08 12:00:00,-1,8
1,2015,1,7,14,-22,-83.675,-72.283,1435.5,743,2015-01-07 14:00:00,2015-01-08 12:00:00,-1,8
1,2015,1,7,13,-23,-83.867,-71.359,1437.2,739.7,2015-01-07 13:00:00,2015-01-08 12:00:00,-1,8
1,2015,1,7,12,-24,-84.062,-70.37,1436.2,736.1,2015-01-07 12:00:00,2015-01-08 12:00:00,-1,8
1,2015,1,9,12,0,-80.3,-81.3,1500,740.1,2015-01-09 12:00:00,2015-01-09 12:00:00,24,9
1,2015,1,9,11,-1,-80.464,-81.623,1499.8,734.8,2015-01-09 11:00:00,2015-01-09 12:00:00,-1,9
1,2015,1,9,10,-2,-80.623,-81.965,1500.9,729.1,2015-01-09 10:00:00,2015-01-09 12:00:00,-1,9
1,2015,1,9,9,-3,-80.777,-82.335,1503.4,723.2,2015-01-09 09:00:00,2015-01-09 12:00:00,-1,9
1,2015,1,9,8,-4,-80.926,-82.739,1507.1,717.1,2015-01-09 08:00:00,2015-01-09 12:00:00,-1,9
1,2015,1,9,7,-5,-81.067,-83.185,1511.7,710.6,2015-01-09 07:00:00,2015-01-09 12:00:00,-1,9
1,2015,1,9,6,-6,-81.202,-83.677,1517.1,703.8,2015-01-09 06:00:00,2015-01-09 12:00:00,-1,9
1,2015,1,9,5,-7,-81.329,-84.173,1523.1,696.9,2015-01-09 05:00:00,2015-01-09 12:00:00,-1,9
1,2015,1,9,4,-8,-81.45,-84.626,1529.7,690.7,2015-01-09 04:00:00,2015-01-09 12:00:00,-1,9
1,2015,1,9,3,-9,-81.565,-85.035,1537.8,684.9,2015-01-09 03:00:00,2015-01-09 12:00:00,-1,9
1,2015,1,9,2,-10,-81.674,-85.399,1547.8,679.8,2015-01-09 02:00:00,2015-01-09 12:00:00,-1,9
1,2015,1,9,1,-11,-81.777,-85.715,1560,675.1,2015-01-09 01:00:00,2015-01-09 12:00:00,-1,9
1,2015,1,9,0,-12,-81.874,-85.984,1574.9,670.8,2015-01-09,2015-01-09 12:00:00,-1,9
1,2015,1,8,23,-13,-81.963,-86.26,1588.4,666.1,2015-01-08 23:00:00,2015-01-09 12:00:00,-1,9
1,2015,1,8,22,-14,-82.045,-86.599,1596.4,661.7,2015-01-08 22:00:00,2015-01-09 12:00:00,-1,9
1,2015,1,8,21,-15,-82.118,-86.999,1598.7,657.4,2015-01-08 21:00:00,2015-01-09 12:00:00,-1,9
1,2015,1,8,20,-16,-82.182,-87.461,1594.7,653.1,2015-01-08 20:00:00,2015-01-09 12:00:00,-1,9
1,2015,1,8,19,-17,-82.236,-87.98,1584.8,649.6,2015-01-08 19:00:00,2015-01-09 12:00:00,-1,9
1,2015,1,8,18,-18,-82.28,-88.554,1568.4,646.4,2015-01-08 18:00:00,2015-01-09 12:00:00,-1,9
1,2015,1,8,17,-19,-82.317,-89.137,1550,644.2,2015-01-08 17:00:00,2015-01-09 12:00:00,-1,9
1,2015,1,8,16,-20,-82.354,-89.686,1534.7,641.6,2015-01-08 16:00:00,2015-01-09 12:00:00,-1,9
1,2015,1,8,15,-21,-82.389,-90.201,1522.5,639.3,2015-01-08 15:00:00,2015-01-09 12:00:00,-1,9
1,2015,1,8,14,-22,-82.424,-90.682,1513.3,637.3,2015-01-08 14:00:00,2015-01-09 12:00:00,-1,9
1,2015,1,8,13,-23,-82.458,-91.128,1507,635.1,2015-01-08 13:00:00,2015-01-09 12:00:00,-1,9
1,2015,1,8,12,-24,-82.493,-91.542,1503.6,632.8,2015-01-08 12:00:00,2015-01-09 12:00:00,-1,9
1,2015,1,10,12,0,-80.3,-81.3,1500,733.2,2015-01-10 12:00:00,2015-01-10 12:00:00,24,10
1,2015,1,10,11,-1,-80.6,-81.695,1503.2,725.3,2015-01-10 11:00:00,2015-01-10 12:00:00,-1,10
1,2015,1,10,10,-2,-80.902,-82.013,1511,717.7,2015-01-10 10:00:00,2015-01-10 12:00:00,-1,10
1,2015,1,10,9,-3,-81.207,-82.256,1522.7,710.6,2015-01-10 09:00:00,2015-01-10 12:00:00,-1,10
1,2015,1,10,8,-4,-81.516,-82.424,1537.3,704,2015-01-10 08:00:00,2015-01-10 12:00:00,-1,10
1,2015,1,10,7,-5,-81.831,-82.512,1554.1,698.1,2015-01-10 07:00:00,2015-01-10 12:00:00,-1,10
1,2015,1,10,6,-6,-82.152,-82.514,1572.2,692.7,2015-01-10 06:00:00,2015-01-10 12:00:00,-1,10
1,2015,1,10,5,-7,-82.478,-82.436,1592.1,687.8,2015-01-10 05:00:00,2015-01-10 12:00:00,-1,10
1,2015,1,10,4,-8,-82.802,-82.25,1615.4,683.6,2015-01-10 04:00:00,2015-01-10 12:00:00,-1,10
1,2015,1,10,3,-9,-83.118,-81.918,1643,679.8,2015-01-10 03:00:00,2015-01-10 12:00:00,-1,10
1,2015,1,10,2,-10,-83.426,-81.451,1674.9,675.9,2015-01-10 02:00:00,2015-01-10 12:00:00,-1,10
1,2015,1,10,1,-11,-83.726,-80.865,1711.2,671.9,2015-01-10 01:00:00,2015-01-10 12:00:00,-1,10
1,2015,1,10,0,-12,-84.016,-80.168,1752.5,667.7,2015-01-10,2015-01-10 12:00:00,-1,10
1,2015,1,9,23,-13,-84.297,-79.384,1794.4,662.5,2015-01-09 23:00:00,2015-01-10 12:00:00,-1,10
1,2015,1,9,22,-14,-84.568,-78.534,1833.5,657.6,2015-01-09 22:00:00,2015-01-10 12:00:00,-1,10
1,2015,1,9,21,-15,-84.831,-77.617,1869,652.5,2015-01-09 21:00:00,2015-01-10 12:00:00,-1,10
1,2015,1,9,20,-16,-85.087,-76.643,1898.9,646.3,2015-01-09 20:00:00,2015-01-10 12:00:00,-1,10
1,2015,1,9,19,-17,-85.336,-75.655,1921.9,639,2015-01-09 19:00:00,2015-01-10 12:00:00,-1,10
1,2015,1,9,18,-18,-85.582,-74.687,1940.2,631.7,2015-01-09 18:00:00,2015-01-10 12:00:00,-1,10
1,2015,1,9,17,-19,-85.822,-73.723,1954.9,624,2015-01-09 17:00:00,2015-01-10 12:00:00,-1,10
1,2015,1,9,16,-20,-86.055,-72.742,1970.4,616.1,2015-01-09 16:00:00,2015-01-10 12:00:00,-1,10
1,2015,1,9,15,-21,-86.28,-71.752,1985.7,607.9,2015-01-09 15:00:00,2015-01-10 12:00:00,-1,10
1,2015,1,9,14,-22,-86.5,-70.76,2000.8,599.8,2015-01-09 14:00:00,2015-01-10 12:00:00,-1,10
1,2015,1,9,13,-23,-86.715,-69.777,2015.8,591.5,2015-01-09 13:00:00,2015-01-10 12:00:00,-1,10
1,2015,1,9,12,-24,-86.928,-68.811,2030.4,582.9,2015-01-09 12:00:00,2015-01-10 12:00:00,-1,10
1,2015,1,11,12,0,-80.3,-81.3,1500,734.6,2015-01-11 12:00:00,2015-01-11 12:00:00,24,11
1,2015,1,11,11,-1,-80.392,-81.294,1506.9,732.4,2015-01-11 11:00:00,2015-01-11 12:00:00,-1,11
1,2015,1,11,10,-2,-80.486,-81.253,1513.1,730.6,2015-01-11 10:00:00,2015-01-11 12:00:00,-1,11
1,2015,1,11,9,-3,-80.584,-81.174,1518.7,729.1,2015-01-11 09:00:00,2015-01-11 12:00:00,-1,11
1,2015,1,11,8,-4,-80.685,-81.054,1523.5,728.1,2015-01-11 08:00:00,2015-01-11 12:00:00,-1,11
1,2015,1,11,7,-5,-80.789,-80.887,1527.8,727.4,2015-01-11 07:00:00,2015-01-11 12:00:00,-1,11
1,2015,1,11,6,-6,-80.897,-80.667,1531.7,727.2,2015-01-11 06:00:00,2015-01-11 12:00:00,-1,11
1,2015,1,11,5,-7,-81.013,-80.427,1537.5,727.6,2015-01-11 05:00:00,2015-01-11 12:00:00,-1,11
1,2015,1,11,4,-8,-81.139,-80.198,1546,727.1,2015-01-11 04:00:00,2015-01-11 12:00:00,-1,11
1,2015,1,11,3,-9,-81.276,-79.971,1557.5,726,2015-01-11 03:00:00,2015-01-11 12:00:00,-1,11
1,2015,1,11,2,-10,-81.424,-79.741,1571.8,724.4,2015-01-11 02:00:00,2015-01-11 12:00:00,-1,11
1,2015,1,11,1,-11,-81.582,-79.501,1589.1,722.4,2015-01-11 01:00:00,2015-01-11 12:00:00,-1,11
1,2015,1,11,0,-12,-81.75,-79.241,1609.5,719.9,2015-01-11,2015-01-11 12:00:00,-1,11
1,2015,1,10,23,-13,-81.929,-78.914,1633.2,717.1,2015-01-10 23:00:00,2015-01-11 12:00:00,-1,11
1,2015,1,10,22,-14,-82.12,-78.47,1658.8,714.7,2015-01-10 22:00:00,2015-01-11 12:00:00,-1,11
1,2015,1,10,21,-15,-82.322,-77.892,1687.7,712.6,2015-01-10 21:00:00,2015-01-11 12:00:00,-1,11
1,2015,1,10,20,-16,-82.536,-77.161,1720.5,710.2,2015-01-10 20:00:00,2015-01-11 12:00:00,-1,11
1,2015,1,10,19,-17,-82.756,-76.22,1756.8,707.3,2015-01-10 19:00:00,2015-01-11 12:00:00,-1,11
1,2015,1,10,18,-18,-82.978,-75.001,1797.3,704.8,2015-01-10 18:00:00,2015-01-11 12:00:00,-1,11
1,2015,1,10,17,-19,-83.193,-73.527,1836.1,702.2,2015-01-10 17:00:00,2015-01-11 12:00:00,-1,11
1,2015,1,10,16,-20,-83.394,-71.859,1869,700.1,2015-01-10 16:00:00,2015-01-11 12:00:00,-1,11
1,2015,1,10,15,-21,-83.581,-70.019,1896.4,697.6,2015-01-10 15:00:00,2015-01-11 12:00:00,-1,11
1,2015,1,10,14,-22,-83.752,-68.019,1916.5,694.4,2015-01-10 14:00:00,2015-01-11 12:00:00,-1,11
1,2015,1,10,13,-23,-83.905,-65.859,1931,690.2,2015-01-10 13:00:00,2015-01-11 12:00:00,-1,11
1,2015,1,10,12,-24,-84.039,-63.56,1940,685.5,2015-01-10 12:00:00,2015-01-11 12:00:00,-1,11
1,2015,1,12,12,0,-80.3,-81.3,1500,737.7,2015-01-12 12:00:00,2015-01-12 12:00:00,24,12
1,2015,1,12,11,-1,-80.396,-80.738,1506.7,741.8,2015-01-12 11:00:00,2015-01-12 12:00:00,-1,12
1,2015,1,12,10,-2,-80.478,-80.155,1512.5,746.4,2015-01-12 10:00:00,2015-01-12 12:00:00,-1,12
1,2015,1,12,9,-3,-80.548,-79.552,1517.3,750.6,2015-01-12 09:00:00,2015-01-12 12:00:00,-1,12
1,2015,1,12,8,-4,-80.605,-78.935,1521.6,755,2015-01-12 08:00:00,2015-01-12 12:00:00,-1,12
1,2015,1,12,7,-5,-80.649,-78.307,1525.8,759.7,2015-01-12 07:00:00,2015-01-12 12:00:00,-1,12
1,2015,1,12,6,-6,-80.68,-77.672,1530.4,764.5,2015-01-12 06:00:00,2015-01-12 12:00:00,-1,12
1,2015,1,12,5,-7,-80.701,-77.046,1534.5,768.9,2015-01-12 05:00:00,2015-01-12 12:00:00,-1,12
1,2015,1,12,4,-8,-80.717,-76.442,1537.3,773.2,2015-01-12 04:00:00,2015-01-12 12:00:00,-1,12
1,2015,1,12,3,-9,-80.729,-75.859,1538.8,777.5,2015-01-12 03:00:00,2015-01-12 12:00:00,-1,12
1,2015,1,12,2,-10,-80.736,-75.294,1538.7,781.9,2015-01-12 02:00:00,2015-01-12 12:00:00,-1,12
1,2015,1,12,1,-11,-80.74,-74.745,1536.6,785.9,2015-01-12 01:00:00,2015-01-12 12:00:00,-1,12
1,2015,1,12,0,-12,-80.742,-74.206,1532.2,789.4,2015-01-12,2015-01-12 12:00:00,-1,12
1,2015,1,11,23,-13,-80.744,-73.678,1527.8,792.5,2015-01-11 23:00:00,2015-01-12 12:00:00,-1,12
1,2015,1,11,22,-14,-80.752,-73.166,1526.9,794.9,2015-01-11 22:00:00,2015-01-12 12:00:00,-1,12
1,2015,1,11,21,-15,-80.766,-72.669,1529.3,796.7,2015-01-11 21:00:00,2015-01-12 12:00:00,-1,12
1,2015,1,11,20,-16,-80.784,-72.188,1534.4,797.3,2015-01-11 20:00:00,2015-01-12 12:00:00,-1,12
1,2015,1,11,19,-17,-80.806,-71.724,1542.6,797.1,2015-01-11 19:00:00,2015-01-12 12:00:00,-1,12
1,2015,1,11,18,-18,-80.832,-71.277,1554.1,796.4,2015-01-11 18:00:00,2015-01-12 12:00:00,-1,12
1,2015,1,11,17,-19,-80.859,-70.843,1563.8,795.5,2015-01-11 17:00:00,2015-01-12 12:00:00,-1,12
1,2015,1,11,16,-20,-80.887,-70.419,1567,795.9,2015-01-11 16:00:00,2015-01-12 12:00:00,-1,12
1,2015,1,11,15,-21,-80.914,-70.006,1563.2,796.9,2015-01-11 15:00:00,2015-01-12 12:00:00,-1,12
1,2015,1,11,14,-22,-80.942,-69.609,1551.6,797.8,2015-01-11 14:00:00,2015-01-12 12:00:00,-1,12
1,2015,1,11,13,-23,-80.969,-69.23,1532.6,799.4,2015-01-11 13:00:00,2015-01-12 12:00:00,-1,12
1,2015,1,11,12,-24,-80.995,-68.87,1505.8,801.9,2015-01-11 12:00:00,2015-01-12 12:00:00,-1,12
1,2015,1,13,12,0,-80.3,-81.3,1500,739.4,2015-01-13 12:00:00,2015-01-13 12:00:00,24,13
1,2015,1,13,11,-1,-80.396,-80.91,1499.5,742.3,2015-01-13 11:00:00,2015-01-13 12:00:00,-1,13
1,2015,1,13,10,-2,-80.484,-80.468,1500.7,745.5,2015-01-13 10:00:00,2015-01-13 12:00:00,-1,13
1,2015,1,13,9,-3,-80.564,-79.976,1503.3,749,2015-01-13 09:00:00,2015-01-13 12:00:00,-1,13
1,2015,1,13,8,-4,-80.637,-79.443,1506.5,752.3,2015-01-13 08:00:00,2015-01-13 12:00:00,-1,13
1,2015,1,13,7,-5,-80.704,-78.877,1510.3,755.8,2015-01-13 07:00:00,2015-01-13 12:00:00,-1,13
1,2015,1,13,6,-6,-80.765,-78.287,1514.4,759.6,2015-01-13 06:00:00,2015-01-13 12:00:00,-1,13
1,2015,1,13,5,-7,-80.826,-77.674,1517.3,764.1,2015-01-13 05:00:00,2015-01-13 12:00:00,-1,13
1,2015,1,13,4,-8,-80.894,-77.033,1515.7,768.7,2015-01-13 04:00:00,2015-01-13 12:00:00,-1,13
1,2015,1,13,3,-9,-80.968,-76.352,1510.6,773.4,2015-01-13 03:00:00,2015-01-13 12:00:00,-1,13
1,2015,1,13,2,-10,-81.046,-75.62,1502.5,778.7,2015-01-13 02:00:00,2015-01-13 12:00:00,-1,13
1,2015,1,13,1,-11,-81.129,-74.824,1491.8,784.1,2015-01-13 01:00:00,2015-01-13 12:00:00,-1,13
1,2015,1,13,0,-12,-81.215,-73.948,1478.5,789,2015-01-13,2015-01-13 12:00:00,-1,13
1,2015,1,12,23,-13,-81.295,-72.999,1464.5,794.3,2015-01-12 23:00:00,2015-01-13 12:00:00,-1,13
1,2015,1,12,22,-14,-81.359,-72.002,1450.3,799,2015-01-12 22:00:00,2015-01-13 12:00:00,-1,13
1,2015,1,12,21,-15,-81.408,-70.978,1435.9,803.2,2015-01-12 21:00:00,2015-01-13 12:00:00,-1,13
1,2015,1,12,20,-16,-81.441,-69.948,1421.8,807.6,2015-01-12 20:00:00,2015-01-13 12:00:00,-1,13
1,2015,1,12,19,-17,-81.458,-68.927,1407.1,810.5,2015-01-12 19:00:00,2015-01-13 12:00:00,-1,13
1,2015,1,12,18,-18,-81.46,-67.925,1393.3,813.6,2015-01-12 18:00:00,2015-01-13 12:00:00,-1,13
1,2015,1,12,17,-19,-81.454,-66.923,1379,815.5,2015-01-12 17:00:00,2015-01-13 12:00:00,-1,13
1,2015,1,12,16,-20,-81.448,-65.891,1364.7,816.4,2015-01-12 16:00:00,2015-01-13 12:00:00,-1,13
1,2015,1,12,15,-21,-81.441,-64.827,1350.2,817.3,2015-01-12 15:00:00,2015-01-13 12:00:00,-1,13
1,2015,1,12,14,-22,-81.43,-63.73,1334.5,817.3,2015-01-12 14:00:00,2015-01-13 12:00:00,-1,13
1,2015,1,12,13,-23,-81.417,-62.599,1317.8,817.3,2015-01-12 13:00:00,2015-01-13 12:00:00,-1,13
1,2015,1,12,12,-24,-81.4,-61.431,1299.7,816.7,2015-01-12 12:00:00,2015-01-13 12:00:00,-1,13
1,2015,1,14,12,0,-80.3,-81.3,1500,740.3,2015-01-14 12:00:00,2015-01-14 12:00:00,24,14
1,2015,1,14,11,-1,-80.526,-81.185,1508.5,737.4,2015-01-14 11:00:00,2015-01-14 12:00:00,-1,14
1,2015,1,14,10,-2,-80.74,-81.016,1514.2,735.6,2015-01-14 10:00:00,2015-01-14 12:00:00,-1,14
1,2015,1,14,9,-3,-80.94,-80.788,1517.1,734.7,2015-01-14 09:00:00,2015-01-14 12:00:00,-1,14
1,2015,1,14,8,-4,-81.128,-80.494,1517.4,734.8,2015-01-14 08:00:00,2015-01-14 12:00:00,-1,14
1,2015,1,14,7,-5,-81.304,-80.129,1515.1,735.8,2015-01-14 07:00:00,2015-01-14 12:00:00,-1,14
1,2015,1,14,6,-6,-81.468,-79.689,1510.2,737.6,2015-01-14 06:00:00,2015-01-14 12:00:00,-1,14
1,2015,1,14,5,-7,-81.621,-79.185,1503.7,740.2,2015-01-14 05:00:00,2015-01-14 12:00:00,-1,14
1,2015,1,14,4,-8,-81.764,-78.627,1495.2,743.4,2015-01-14 04:00:00,2015-01-14 12:00:00,-1,14
1,2015,1,14,3,-9,-81.897,-78.012,1485.7,747.1,2015-01-14 03:00:00,2015-01-14 12:00:00,-1,14
1,2015,1,14,2,-10,-82.022,-77.336,1475.6,751.3,2015-01-14 02:00:00,2015-01-14 12:00:00,-1,14
1,2015,1,14,1,-11,-82.137,-76.594,1464.9,755.6,2015-01-14 01:00:00,2015-01-14 12:00:00,-1,14
1,2015,1,14,0,-12,-82.243,-75.782,1453.8,760.6,2015-01-14,2015-01-14 12:00:00,-1,14
1,2015,1,13,23,-13,-82.338,-74.889,1441.9,766,2015-01-13 23:00:00,2015-01-14 12:00:00,-1,14
1,2015,1,13,22,-14,-82.421,-73.908,1428.8,771,2015-01-13 22:00:00,2015-01-14 12:00:00,-1,14
1,2015,1,13,21,-15,-82.493,-72.845,1415.4,776.8,2015-01-13 21:00:00,2015-01-14 12:00:00,-1,14
1,2015,1,13,20,-16,-82.553,-71.698,1400.1,781.3,2015-01-13 20:00:00,2015-01-14 12:00:00,-1,14
1,2015,1,13,19,-17,-82.6,-70.472,1382.9,785.8,2015-01-13 19:00:00,2015-01-14 12:00:00,-1,14
1,2015,1,13,18,-18,-82.635,-69.184,1363.5,790.5,2015-01-13 18:00:00,2015-01-14 12:00:00,-1,14
1,2015,1,13,17,-19,-82.661,-67.845,1342.8,795.7,2015-01-13 17:00:00,2015-01-14 12:00:00,-1,14
1,2015,1,13,16,-20,-82.677,-66.438,1320.7,799.5,2015-01-13 16:00:00,2015-01-14 12:00:00,-1,14
1,2015,1,13,15,-21,-82.683,-64.949,1298.1,803.4,2015-01-13 15:00:00,2015-01-14 12:00:00,-1,14
1,2015,1,13,14,-22,-82.675,-63.387,1274.1,805.8,2015-01-13 14:00:00,2015-01-14 12:00:00,-1,14
1,2015,1,13,13,-23,-82.651,-61.765,1250.3,808.1,2015-01-13 13:00:00,2015-01-14 12:00:00,-1,14
1,2015,1,13,12,-24,-82.612,-60.077,1226.9,810.6,2015-01-13 12:00:00,2015-01-14 12:00:00,-1,14
1,2015,1,15,12,0,-80.3,-81.3,1500,744.6,2015-01-15 12:00:00,2015-01-15 12:00:00,24,15
1,2015,1,15,11,-1,-80.458,-80.664,1491.8,749.7,2015-01-15 11:00:00,2015-01-15 12:00:00,-1,15
1,2015,1,15,10,-2,-80.614,-80,1480.1,755.4,2015-01-15 10:00:00,2015-01-15 12:00:00,-1,15
1,2015,1,15,9,-3,-80.766,-79.3,1464.5,760.8,2015-01-15 09:00:00,2015-01-15 12:00:00,-1,15
1,2015,1,15,8,-4,-80.915,-78.556,1445.6,766.8,2015-01-15 08:00:00,2015-01-15 12:00:00,-1,15
1,2015,1,15,7,-5,-81.061,-77.761,1423.6,773.4,2015-01-15 07:00:00,2015-01-15 12:00:00,-1,15
1,2015,1,15,6,-6,-81.206,-76.907,1398.2,780,2015-01-15 06:00:00,2015-01-15 12:00:00,-1,15
1,2015,1,15,5,-7,-81.345,-76.03,1372.1,787.3,2015-01-15 05:00:00,2015-01-15 12:00:00,-1,15
1,2015,1,15,4,-8,-81.478,-75.162,1346.1,794.4,2015-01-15 04:00:00,2015-01-15 12:00:00,-1,15
1,2015,1,15,3,-9,-81.603,-74.285,1319.6,800.2,2015-01-15 03:00:00,2015-01-15 12:00:00,-1,15
1,2015,1,15,2,-10,-81.72,-73.381,1293,806.1,2015-01-15 02:00:00,2015-01-15 12:00:00,-1,15
1,2015,1,15,1,-11,-81.827,-72.435,1266,812.1,2015-01-15 01:00:00,2015-01-15 12:00:00,-1,15
1,2015,1,15,0,-12,-81.924,-71.432,1237.4,816.4,2015-01-15,2015-01-15 12:00:00,-1,15
1,2015,1,14,23,-13,-82.013,-70.406,1210.4,820.5,2015-01-14 23:00:00,2015-01-15 12:00:00,-1,15
1,2015,1,14,22,-14,-82.101,-69.398,1186.6,823.7,2015-01-14 22:00:00,2015-01-15 12:00:00,-1,15
1,2015,1,14,21,-15,-82.186,-68.407,1166.1,826.3,2015-01-14 21:00:00,2015-01-15 12:00:00,-1,15
1,2015,1,14,20,-16,-82.269,-67.43,1148.9,828.7,2015-01-14 20:00:00,2015-01-15 12:00:00,-1,15
1,2015,1,14,19,-17,-82.349,-66.459,1134.1,829.2,2015-01-14 19:00:00,2015-01-15 12:00:00,-1,15
1,2015,1,14,18,-18,-82.426,-65.477,1122.7,829.3,2015-01-14 18:00:00,2015-01-15 12:00:00,-1,15
1,2015,1,14,17,-19,-82.5,-64.463,1113,829.5,2015-01-14 17:00:00,2015-01-15 12:00:00,-1,15
1,2015,1,14,16,-20,-82.569,-63.39,1100.6,828.3,2015-01-14 16:00:00,2015-01-15 12:00:00,-1,15
1,2015,1,14,15,-21,-82.632,-62.242,1087,826.9,2015-01-14 15:00:00,2015-01-15 12:00:00,-1,15
1,2015,1,14,14,-22,-82.686,-61.004,1072.6,825.4,2015-01-14 14:00:00,2015-01-15 12:00:00,-1,15
1,2015,1,14,13,-23,-82.729,-59.667,1057.6,824.1,2015-01-14 13:00:00,2015-01-15 12:00:00,-1,15
1,2015,1,14,12,-24,-82.756,-58.229,1041.5,821.9,2015-01-14 12:00:00,2015-01-15 12:00:00,-1,15
1,2015,1,16,12,0,-80.3,-81.3,1500,749.3,2015-01-16 12:00:00,2015-01-16 12:00:00,24,16
1,2015,1,16,11,-1,-80.401,-81.545,1512.7,743.9,2015-01-16 11:00:00,2015-01-16 12:00:00,-1,16
1,2015,1,16,10,-2,-80.494,-81.784,1527.2,738.4,2015-01-16 10:00:00,2015-01-16 12:00:00,-1,16
1,2015,1,16,9,-3,-80.579,-82.011,1543.6,733,2015-01-16 09:00:00,2015-01-16 12:00:00,-1,16
1,2015,1,16,8,-4,-80.657,-82.22,1561.6,727.9,2015-01-16 08:00:00,2015-01-16 12:00:00,-1,16
1,2015,1,16,7,-5,-80.728,-82.406,1581.4,723,2015-01-16 07:00:00,2015-01-16 12:00:00,-1,16
1,2015,1,16,6,-6,-80.792,-82.564,1602.8,718.3,2015-01-16 06:00:00,2015-01-16 12:00:00,-1,16
1,2015,1,16,5,-7,-80.857,-82.731,1623.9,713.6,2015-01-16 05:00:00,2015-01-16 12:00:00,-1,16
1,2015,1,16,4,-8,-80.93,-82.948,1641.6,708.8,2015-01-16 04:00:00,2015-01-16 12:00:00,-1,16
1,2015,1,16,3,-9,-81.012,-83.222,1656.3,703.6,2015-01-16 03:00:00,2015-01-16 12:00:00,-1,16
1,2015,1,16,2,-10,-81.103,-83.561,1668.1,697.9,2015-01-16 02:00:00,2015-01-16 12:00:00,-1,16
1,2015,1,16,1,-11,-81.201,-83.975,1677.3,691.7,2015-01-16 01:00:00,2015-01-16 12:00:00,-1,16
1,2015,1,16,0,-12,-81.309,-84.474,1683.8,684.8,2015-01-16,2015-01-16 12:00:00,-1,16
1,2015,1,15,23,-13,-81.419,-84.993,1689.4,677.9,2015-01-15 23:00:00,2015-01-16 12:00:00,-1,16
1,2015,1,15,22,-14,-81.528,-85.459,1695.9,671.7,2015-01-15 22:00:00,2015-01-16 12:00:00,-1,16
1,2015,1,15,21,-15,-81.634,-85.875,1703.4,666,2015-01-15 21:00:00,2015-01-16 12:00:00,-1,16
1,2015,1,15,20,-16,-81.736,-86.238,1712,660.9,2015-01-15 20:00:00,2015-01-16 12:00:00,-1,16
1,2015,1,15,19,-17,-81.835,-86.546,1721.7,656.5,2015-01-15 19:00:00,2015-01-16 12:00:00,-1,16
1,2015,1,15,18,-18,-81.929,-86.796,1732.8,652.5,2015-01-15 18:00:00,2015-01-16 12:00:00,-1,16
1,2015,1,15,17,-19,-82.023,-87.026,1742.4,648.6,2015-01-15 17:00:00,2015-01-16 12:00:00,-1,16
1,2015,1,15,16,-20,-82.119,-87.278,1749,645,2015-01-15 16:00:00,2015-01-16 12:00:00,-1,16
1,2015,1,15,15,-21,-82.219,-87.557,1752.3,641.5,2015-01-15 15:00:00,2015-01-16 12:00:00,-1,16
1,2015,1,15,14,-22,-82.321,-87.865,1752.6,638.4,2015-01-15 14:00:00,2015-01-16 12:00:00,-1,16
1,2015,1,15,13,-23,-82.426,-88.201,1749.6,635.5,2015-01-15 13:00:00,2015-01-16 12:00:00,-1,16
1,2015,1,15,12,-24,-82.531,-88.564,1743.6,632.9,2015-01-15 12:00:00,2015-01-16 12:00:00,-1,16
1,2015,1,17,12,0,-80.3,-81.3,1500,742.8,2015-01-17 12:00:00,2015-01-17 12:00:00,24,17
1,2015,1,17,11,-1,-80.459,-81.765,1525.6,733.6,2015-01-17 11:00:00,2015-01-17 12:00:00,-1,17
1,2015,1,17,10,-2,-80.604,-82.197,1550.6,725.1,2015-01-17 10:00:00,2015-01-17 12:00:00,-1,17
1,2015,1,17,9,-3,-80.735,-82.595,1574.6,717.5,2015-01-17 09:00:00,2015-01-17 12:00:00,-1,17
1,2015,1,17,8,-4,-80.852,-82.958,1596.9,710.7,2015-01-17 08:00:00,2015-01-17 12:00:00,-1,17
1,2015,1,17,7,-5,-80.954,-83.284,1617,704.8,2015-01-17 07:00:00,2015-01-17 12:00:00,-1,17
1,2015,1,17,6,-6,-81.042,-83.567,1634.7,699.9,2015-01-17 06:00:00,2015-01-17 12:00:00,-1,17
1,2015,1,17,5,-7,-81.121,-83.838,1651.3,695.4,2015-01-17 05:00:00,2015-01-17 12:00:00,-1,17
1,2015,1,17,4,-8,-81.199,-84.129,1666.9,690.6,2015-01-17 04:00:00,2015-01-17 12:00:00,-1,17
1,2015,1,17,3,-9,-81.277,-84.443,1682.2,685.6,2015-01-17 03:00:00,2015-01-17 12:00:00,-1,17
1,2015,1,17,2,-10,-81.354,-84.782,1697.5,680.4,2015-01-17 02:00:00,2015-01-17 12:00:00,-1,17
1,2015,1,17,1,-11,-81.433,-85.151,1713,674.9,2015-01-17 01:00:00,2015-01-17 12:00:00,-1,17
1,2015,1,17,0,-12,-81.512,-85.557,1728.8,669.2,2015-01-17,2015-01-17 12:00:00,-1,17
1,2015,1,16,23,-13,-81.587,-86.006,1745.4,663,2015-01-16 23:00:00,2015-01-17 12:00:00,-1,17
1,2015,1,16,22,-14,-81.653,-86.504,1763.6,656.3,2015-01-16 22:00:00,2015-01-17 12:00:00,-1,17
1,2015,1,16,21,-15,-81.708,-87.05,1783.5,649.2,2015-01-16 21:00:00,2015-01-17 12:00:00,-1,17
1,2015,1,16,20,-16,-81.747,-87.642,1805,641.9,2015-01-16 20:00:00,2015-01-17 12:00:00,-1,17
1,2015,1,16,19,-17,-81.771,-88.272,1828.4,635,2015-01-16 19:00:00,2015-01-17 12:00:00,-1,17
1,2015,1,16,18,-18,-81.778,-88.929,1853,628,2015-01-16 18:00:00,2015-01-17 12:00:00,-1,17
1,2015,1,16,17,-19,-81.781,-89.626,1875.9,620.5,2015-01-16 17:00:00,2015-01-17 12:00:00,-1,17
1,2015,1,16,16,-20,-81.797,-90.397,1895.5,613.3,2015-01-16 16:00:00,2015-01-17 12:00:00,-1,17
1,2015,1,16,15,-21,-81.827,-91.266,1911.7,606.2,2015-01-16 15:00:00,2015-01-17 12:00:00,-1,17
1,2015,1,16,14,-22,-81.872,-92.25,1924.2,598.7,2015-01-16 14:00:00,2015-01-17 12:00:00,-1,17
1,2015,1,16,13,-23,-81.933,-93.368,1934.7,592.4,2015-01-16 13:00:00,2015-01-17 12:00:00,-1,17
1,2015,1,16,12,-24,-82.007,-94.644,1942.2,586.3,2015-01-16 12:00:00,2015-01-17 12:00:00,-1,17
1,2015,1,18,12,0,-80.3,-81.3,1500,732.7,2015-01-18 12:00:00,2015-01-18 12:00:00,24,18
1,2015,1,18,11,-1,-80.693,-82.024,1557.4,714,2015-01-18 11:00:00,2015-01-18 12:00:00,-1,18
1,2015,1,18,10,-2,-81.109,-82.901,1611.8,694.8,2015-01-18 10:00:00,2015-01-18 12:00:00,-1,18
1,2015,1,18,9,-3,-81.546,-83.994,1663.5,674.9,2015-01-18 09:00:00,2015-01-18 12:00:00,-1,18
1,2015,1,18,8,-4,-81.995,-85.372,1712.3,653.6,2015-01-18 08:00:00,2015-01-18 12:00:00,-1,18
1,2015,1,18,7,-5,-82.452,-87.112,1757.1,631.8,2015-01-18 07:00:00,2015-01-18 12:00:00,-1,18
1,2015,1,18,6,-6,-82.901,-89.253,1800.7,613.5,2015-01-18 06:00:00,2015-01-18 12:00:00,-1,18
1,2015,1,18,5,-7,-83.321,-91.714,1844.7,599.4,2015-01-18 05:00:00,2015-01-18 12:00:00,-1,18
1,2015,1,18,4,-8,-83.698,-94.407,1884.9,589.3,2015-01-18 04:00:00,2015-01-18 12:00:00,-1,18
1,2015,1,18,3,-9,-84.031,-97.313,1922.9,583.3,2015-01-18 03:00:00,2015-01-18 12:00:00,-1,18
1,2015,1,18,2,-10,-84.319,-100.393,1956.9,581.1,2015-01-18 02:00:00,2015-01-18 12:00:00,-1,18
1,2015,1,18,1,-11,-84.562,-103.593,1986,581.4,2015-01-18 01:00:00,2015-01-18 12:00:00,-1,18
1,2015,1,18,0,-12,-84.758,-106.852,2010,583.9,2015-01-18,2015-01-18 12:00:00,-1,18
1,2015,1,17,23,-13,-84.908,-110.086,2030.3,587.6,2015-01-17 23:00:00,2015-01-18 12:00:00,-1,18
1,2015,1,17,22,-14,-85.018,-113.23,2046.6,593,2015-01-17 22:00:00,2015-01-18 12:00:00,-1,18
1,2015,1,17,21,-15,-85.095,-116.167,2056.3,598.1,2015-01-17 21:00:00,2015-01-18 12:00:00,-1,18
1,2015,1,17,20,-16,-85.139,-118.875,2063.1,604.1,2015-01-17 20:00:00,2015-01-18 12:00:00,-1,18
1,2015,1,17,19,-17,-85.157,-121.35,2065.2,611.4,2015-01-17 19:00:00,2015-01-18 12:00:00,-1,18
1,2015,1,17,18,-18,-85.155,-123.534,2059.4,618.6,2015-01-17 18:00:00,2015-01-18 12:00:00,-1,18
1,2015,1,17,17,-19,-85.14,-125.392,2051.6,625.4,2015-01-17 17:00:00,2015-01-18 12:00:00,-1,18
1,2015,1,17,16,-20,-85.118,-126.873,2046.7,631.6,2015-01-17 16:00:00,2015-01-18 12:00:00,-1,18
1,2015,1,17,15,-21,-85.094,-128.011,2046.6,636.7,2015-01-17 15:00:00,2015-01-18 12:00:00,-1,18
1,2015,1,17,14,-22,-85.068,-128.849,2052.1,640.4,2015-01-17 14:00:00,2015-01-18 12:00:00,-1,18
1,2015,1,17,13,-23,-85.042,-129.42,2062.9,642.8,2015-01-17 13:00:00,2015-01-18 12:00:00,-1,18
1,2015,1,17,12,-24,-85.018,-129.744,2079.2,643.9,2015-01-17 12:00:00,2015-01-18 12:00:00,-1,18
1,2015,1,19,12,0,-80.3,-81.3,1500,734.6,2015-01-19 12:00:00,2015-01-19 12:00:00,24,19
1,2015,1,19,11,-1,-80.528,-80.826,1490.5,737.8,2015-01-19 11:00:00,2015-01-19 12:00:00,-1,19
1,2015,1,19,10,-2,-80.762,-80.337,1484.9,740.1,2015-01-19 10:00:00,2015-01-19 12:00:00,-1,19
1,2015,1,19,9,-3,-81.002,-79.837,1482.4,741.6,2015-01-19 09:00:00,2015-01-19 12:00:00,-1,19
1,2015,1,19,8,-4,-81.246,-79.33,1482.5,741.9,2015-01-19 08:00:00,2015-01-19 12:00:00,-1,19
1,2015,1,19,7,-5,-81.495,-78.822,1485.3,741.7,2015-01-19 07:00:00,2015-01-19 12:00:00,-1,19
1,2015,1,19,6,-6,-81.746,-78.319,1490.2,740.8,2015-01-19 06:00:00,2015-01-19 12:00:00,-1,19
1,2015,1,19,5,-7,-81.992,-77.834,1495.2,739.4,2015-01-19 05:00:00,2015-01-19 12:00:00,-1,19
1,2015,1,19,4,-8,-82.223,-77.384,1497.4,738.3,2015-01-19 04:00:00,2015-01-19 12:00:00,-1,19
1,2015,1,19,3,-9,-82.44,-76.971,1497.4,736.9,2015-01-19 03:00:00,2015-01-19 12:00:00,-1,19
1,2015,1,19,2,-10,-82.639,-76.605,1495.5,735.2,2015-01-19 02:00:00,2015-01-19 12:00:00,-1,19
1,2015,1,19,1,-11,-82.821,-76.298,1491.8,733.3,2015-01-19 01:00:00,2015-01-19 12:00:00,-1,19
1,2015,1,19,0,-12,-82.986,-76.059,1486.6,731.2,2015-01-19,2015-01-19 12:00:00,-1,19
1,2015,1,18,23,-13,-83.146,-75.893,1481.4,728.7,2015-01-18 23:00:00,2015-01-19 12:00:00,-1,19
1,2015,1,18,22,-14,-83.312,-75.81,1477.9,725.2,2015-01-18 22:00:00,2015-01-19 12:00:00,-1,19
1,2015,1,18,21,-15,-83.487,-75.826,1475.6,720.7,2015-01-18 21:00:00,2015-01-19 12:00:00,-1,19
1,2015,1,18,20,-16,-83.672,-75.957,1474.1,715.4,2015-01-18 20:00:00,2015-01-19 12:00:00,-1,19
1,2015,1,18,19,-17,-83.87,-76.221,1473.4,709.2,2015-01-18 19:00:00,2015-01-19 12:00:00,-1,19
1,2015,1,18,18,-18,-84.082,-76.643,1473.2,702.2,2015-01-18 18:00:00,2015-01-19 12:00:00,-1,19
1,2015,1,18,17,-19,-84.315,-77.224,1476.1,694.3,2015-01-18 17:00:00,2015-01-19 12:00:00,-1,19
1,2015,1,18,16,-20,-84.57,-77.966,1484.5,685,2015-01-18 16:00:00,2015-01-19 12:00:00,-1,19
1,2015,1,18,15,-21,-84.85,-78.9,1499.1,674.6,2015-01-18 15:00:00,2015-01-19 12:00:00,-1,19
1,2015,1,18,14,-22,-85.154,-80.032,1519.7,661.9,2015-01-18 14:00:00,2015-01-19 12:00:00,-1,19
1,2015,1,18,13,-23,-85.475,-81.305,1546.9,647,2015-01-18 13:00:00,2015-01-19 12:00:00,-1,19
1,2015,1,18,12,-24,-85.81,-82.638,1581.9,631.9,2015-01-18 12:00:00,2015-01-19 12:00:00,-1,19
1,2015,1,20,12,0,-80.3,-81.3,1500,734.5,2015-01-20 12:00:00,2015-01-20 12:00:00,24,20
1,2015,1,20,11,-1,-80.514,-80.554,1485,741,2015-01-20 11:00:00,2015-01-20 12:00:00,-1,20
1,2015,1,20,10,-2,-80.727,-79.766,1468.9,747.5,2015-01-20 10:00:00,2015-01-20 12:00:00,-1,20
1,2015,1,20,9,-3,-80.937,-78.929,1451.7,753.5,2015-01-20 09:00:00,2015-01-20 12:00:00,-1,20
1,2015,1,20,8,-4,-81.142,-78.039,1434.2,759.9,2015-01-20 08:00:00,2015-01-20 12:00:00,-1,20
1,2015,1,20,7,-5,-81.343,-77.089,1416.3,766.1,2015-01-20 07:00:00,2015-01-20 12:00:00,-1,20
1,2015,1,20,6,-6,-81.538,-76.073,1398.1,771.5,2015-01-20 06:00:00,2015-01-20 12:00:00,-1,20
1,2015,1,20,5,-7,-81.721,-74.981,1379.8,777.5,2015-01-20 05:00:00,2015-01-20 12:00:00,-1,20
1,2015,1,20,4,-8,-81.887,-73.804,1359.1,783.3,2015-01-20 04:00:00,2015-01-20 12:00:00,-1,20
1,2015,1,20,3,-9,-82.037,-72.527,1337.9,790.1,2015-01-20 03:00:00,2015-01-20 12:00:00,-1,20
1,2015,1,20,2,-10,-82.168,-71.14,1315.3,795.7,2015-01-20 02:00:00,2015-01-20 12:00:00,-1,20
1,2015,1,20,1,-11,-82.281,-69.629,1292.9,801.4,2015-01-20 01:00:00,2015-01-20 12:00:00,-1,20
1,2015,1,20,0,-12,-82.373,-67.984,1270.2,805.6,2015-01-20,2015-01-20 12:00:00,-1,20
1,2015,1,19,23,-13,-82.447,-66.24,1248.7,809.3,2015-01-19 23:00:00,2015-01-20 12:00:00,-1,20
1,2015,1,19,22,-14,-82.502,-64.442,1227.8,812,2015-01-19 22:00:00,2015-01-20 12:00:00,-1,20
1,2015,1,19,21,-15,-82.537,-62.607,1206.9,812.9,2015-01-19 21:00:00,2015-01-20 12:00:00,-1,20
1,2015,1,19,20,-16,-82.55,-60.762,1185.1,812.2,2015-01-19 20:00:00,2015-01-20 12:00:00,-1,20
1,2015,1,19,19,-17,-82.538,-58.941,1162.8,812.1,2015-01-19 19:00:00,2015-01-20 12:00:00,-1,20
1,2015,1,19,18,-18,-82.503,-57.167,1139.1,812.7,2015-01-19 18:00:00,2015-01-20 12:00:00,-1,20
1,2015,1,19,17,-19,-82.445,-55.423,1115.4,811.1,2015-01-19 17:00:00,2015-01-20 12:00:00,-1,20
1,2015,1,19,16,-20,-82.359,-53.688,1095.7,809.9,2015-01-19 16:00:00,2015-01-20 12:00:00,-1,20
1,2015,1,19,15,-21,-82.246,-51.976,1079.9,808.7,2015-01-19 15:00:00,2015-01-20 12:00:00,-1,20
1,2015,1,19,14,-22,-82.102,-50.311,1068.1,807.3,2015-01-19 14:00:00,2015-01-20 12:00:00,-1,20
1,2015,1,19,13,-23,-81.928,-48.712,1060.1,806.1,2015-01-19 13:00:00,2015-01-20 12:00:00,-1,20
1,2015,1,19,12,-24,-81.724,-47.188,1056.5,806.3,2015-01-19 12:00:00,2015-01-20 12:00:00,-1,20
1,2015,1,21,12,0,-80.3,-81.3,1500,732.3,2015-01-21 12:00:00,2015-01-21 12:00:00,24,21
1,2015,1,21,11,-1,-80.422,-80.632,1487.1,739.2,2015-01-21 11:00:00,2015-01-21 12:00:00,-1,21
1,2015,1,21,10,-2,-80.55,-79.977,1476.8,745.3,2015-01-21 10:00:00,2015-01-21 12:00:00,-1,21
1,2015,1,21,9,-3,-80.684,-79.336,1468.7,750,2015-01-21 09:00:00,2015-01-21 12:00:00,-1,21
1,2015,1,21,8,-4,-80.821,-78.712,1463.4,754.1,2015-01-21 08:00:00,2015-01-21 12:00:00,-1,21
1,2015,1,21,7,-5,-80.962,-78.109,1461.2,757.5,2015-01-21 07:00:00,2015-01-21 12:00:00,-1,21
1,2015,1,21,6,-6,-81.106,-77.532,1462.2,760.1,2015-01-21 06:00:00,2015-01-21 12:00:00,-1,21
1,2015,1,21,5,-7,-81.251,-76.971,1463.5,761.2,2015-01-21 05:00:00,2015-01-21 12:00:00,-1,21
1,2015,1,21,4,-8,-81.391,-76.413,1462.6,762.8,2015-01-21 04:00:00,2015-01-21 12:00:00,-1,21
1,2015,1,21,3,-9,-81.526,-75.849,1459.6,764.7,2015-01-21 03:00:00,2015-01-21 12:00:00,-1,21
1,2015,1,21,2,-10,-81.657,-75.269,1454.3,767,2015-01-21 02:00:00,2015-01-21 12:00:00,-1,21
1,2015,1,21,1,-11,-81.782,-74.664,1446.4,769.4,2015-01-21 01:00:00,2015-01-21 12:00:00,-1,21
1,2015,1,21,0,-12,-81.9,-74.021,1436.2,771.9,2015-01-21,2015-01-21 12:00:00,-1,21
1,2015,1,20,23,-13,-82.009,-73.324,1426.1,774.9,2015-01-20 23:00:00,2015-01-21 12:00:00,-1,21
1,2015,1,20,22,-14,-82.11,-72.562,1419.5,777.9,2015-01-20 22:00:00,2015-01-21 12:00:00,-1,21
1,2015,1,20,21,-15,-82.2,-71.739,1415.4,779.6,2015-01-20 21:00:00,2015-01-21 12:00:00,-1,21
1,2015,1,20,20,-16,-82.28,-70.854,1414.6,781.5,2015-01-20 20:00:00,2015-01-21 12:00:00,-1,21
1,2015,1,20,19,-17,-82.349,-69.906,1417.2,783.5,2015-01-20 19:00:00,2015-01-21 12:00:00,-1,21
1,2015,1,20,18,-18,-82.407,-68.905,1422.1,784.2,2015-01-20 18:00:00,2015-01-21 12:00:00,-1,21
1,2015,1,20,17,-19,-82.457,-67.848,1426.4,784.9,2015-01-20 17:00:00,2015-01-21 12:00:00,-1,21
1,2015,1,20,16,-20,-82.506,-66.723,1426.6,786,2015-01-20 16:00:00,2015-01-21 12:00:00,-1,21
1,2015,1,20,15,-21,-82.552,-65.519,1422.2,786.9,2015-01-20 15:00:00,2015-01-21 12:00:00,-1,21
1,2015,1,20,14,-22,-82.594,-64.237,1412.8,787.3,2015-01-20 14:00:00,2015-01-21 12:00:00,-1,21
1,2015,1,20,13,-23,-82.633,-62.881,1398.6,787.7,2015-01-20 13:00:00,2015-01-21 12:00:00,-1,21
1,2015,1,20,12,-24,-82.667,-61.452,1379.3,787.6,2015-01-20 12:00:00,2015-01-21 12:00:00,-1,21
1,2015,1,22,12,0,-80.3,-81.3,1500,736.2,2015-01-22 12:00:00,2015-01-22 12:00:00,24,22
1,2015,1,22,11,-1,-80.401,-79.809,1454.5,755.7,2015-01-22 11:00:00,2015-01-22 12:00:00,-1,22
1,2015,1,22,10,-2,-80.501,-78.396,1411.1,772.2,2015-01-22 10:00:00,2015-01-22 12:00:00,-1,22
1,2015,1,22,9,-3,-80.596,-77.064,1368.9,787.1,2015-01-22 09:00:00,2015-01-22 12:00:00,-1,22
1,2015,1,22,8,-4,-80.684,-75.818,1327,799.4,2015-01-22 08:00:00,2015-01-22 12:00:00,-1,22
1,2015,1,22,7,-5,-80.765,-74.662,1286.1,810.2,2015-01-22 07:00:00,2015-01-22 12:00:00,-1,22
1,2015,1,22,6,-6,-80.838,-73.604,1245.9,818.6,2015-01-22 06:00:00,2015-01-22 12:00:00,-1,22
1,2015,1,22,5,-7,-80.899,-72.603,1206.3,827.1,2015-01-22 05:00:00,2015-01-22 12:00:00,-1,22
1,2015,1,22,4,-8,-80.94,-71.615,1162.7,834.5,2015-01-22 04:00:00,2015-01-22 12:00:00,-1,22
1,2015,1,22,3,-9,-80.963,-70.64,1118.1,842.2,2015-01-22 03:00:00,2015-01-22 12:00:00,-1,22
1,2015,1,22,2,-10,-80.968,-69.679,1072.8,849.7,2015-01-22 02:00:00,2015-01-22 12:00:00,-1,22
1,2015,1,22,1,-11,-80.954,-68.734,1027.2,855.8,2015-01-22 01:00:00,2015-01-22 12:00:00,-1,22
1,2015,1,22,0,-12,-80.922,-67.805,982.4,862.3,2015-01-22,2015-01-22 12:00:00,-1,22
1,2015,1,21,23,-13,-80.88,-66.881,938.3,867.7,2015-01-21 23:00:00,2015-01-22 12:00:00,-1,22
1,2015,1,21,22,-14,-80.837,-65.951,897,871.8,2015-01-21 22:00:00,2015-01-22 12:00:00,-1,22
1,2015,1,21,21,-15,-80.792,-65.012,858.6,875.4,2015-01-21 21:00:00,2015-01-22 12:00:00,-1,22
1,2015,1,21,20,-16,-80.747,-64.07,823.1,877.4,2015-01-21 20:00:00,2015-01-22 12:00:00,-1,22
1,2015,1,21,19,-17,-80.701,-63.129,791.2,879.1,2015-01-21 19:00:00,2015-01-22 12:00:00,-1,22
1,2015,1,21,18,-18,-80.654,-62.187,763.2,880.3,2015-01-21 18:00:00,2015-01-22 12:00:00,-1,22
1,2015,1,21,17,-19,-80.602,-61.262,738,880.5,2015-01-21 17:00:00,2015-01-22 12:00:00,-1,22
1,2015,1,21,16,-20,-80.537,-60.367,714.1,880.6,2015-01-21 16:00:00,2015-01-22 12:00:00,-1,22
1,2015,1,21,15,-21,-80.462,-59.496,690.9,880.6,2015-01-21 15:00:00,2015-01-22 12:00:00,-1,22
1,2015,1,21,14,-22,-80.375,-58.645,667.5,881,2015-01-21 14:00:00,2015-01-22 12:00:00,-1,22
1,2015,1,21,13,-23,-80.278,-57.811,643.2,881.9,2015-01-21 13:00:00,2015-01-22 12:00:00,-1,22
1,2015,1,21,12,-24,-80.169,-56.993,617,883,2015-01-21 12:00:00,2015-01-22 12:00:00,-1,22
1,2015,1,23,12,0,-80.3,-81.3,1500,740.4,2015-01-23 12:00:00,2015-01-23 12:00:00,24,23
1,2015,1,23,11,-1,-80.444,-80.369,1484.5,750.5,2015-01-23 11:00:00,2015-01-23 12:00:00,-1,23
1,2015,1,23,10,-2,-80.592,-79.432,1472,758.9,2015-01-23 10:00:00,2015-01-23 12:00:00,-1,23
1,2015,1,23,9,-3,-80.742,-78.491,1461.1,766.5,2015-01-23 09:00:00,2015-01-23 12:00:00,-1,23
1,2015,1,23,8,-4,-80.893,-77.549,1451,773.6,2015-01-23 08:00:00,2015-01-23 12:00:00,-1,23
1,2015,1,23,7,-5,-81.043,-76.604,1439.7,779.2,2015-01-23 07:00:00,2015-01-23 12:00:00,-1,23
1,2015,1,23,6,-6,-81.191,-75.655,1427.3,784.8,2015-01-23 06:00:00,2015-01-23 12:00:00,-1,23
1,2015,1,23,5,-7,-81.332,-74.656,1412.2,790.1,2015-01-23 05:00:00,2015-01-23 12:00:00,-1,23
1,2015,1,23,4,-8,-81.46,-73.56,1393.4,795.4,2015-01-23 04:00:00,2015-01-23 12:00:00,-1,23
1,2015,1,23,3,-9,-81.575,-72.363,1372.2,801.7,2015-01-23 03:00:00,2015-01-23 12:00:00,-1,23
1,2015,1,23,2,-10,-81.674,-71.057,1348.7,807.3,2015-01-23 02:00:00,2015-01-23 12:00:00,-1,23
1,2015,1,23,1,-11,-81.757,-69.636,1324.6,813.1,2015-01-23 01:00:00,2015-01-23 12:00:00,-1,23
1,2015,1,23,0,-12,-81.823,-68.107,1299.9,817.2,2015-01-23,2015-01-23 12:00:00,-1,23
1,2015,1,22,23,-13,-81.871,-66.545,1275.3,820.4,2015-01-22 23:00:00,2015-01-23 12:00:00,-1,23
1,2015,1,22,22,-14,-81.903,-65.012,1248.5,823.3,2015-01-22 22:00:00,2015-01-23 12:00:00,-1,23
1,2015,1,22,21,-15,-81.919,-63.506,1219.8,824.9,2015-01-22 21:00:00,2015-01-23 12:00:00,-1,23
1,2015,1,22,20,-16,-81.917,-62.025,1189.2,826.4,2015-01-22 20:00:00,2015-01-23 12:00:00,-1,23
1,2015,1,22,19,-17,-81.898,-60.575,1156,826.9,2015-01-22 19:00:00,2015-01-23 12:00:00,-1,23
1,2015,1,22,18,-18,-81.86,-59.16,1121.1,828.1,2015-01-22 18:00:00,2015-01-23 12:00:00,-1,23
1,2015,1,22,17,-19,-81.804,-57.748,1084.9,829.7,2015-01-22 17:00:00,2015-01-23 12:00:00,-1,23
1,2015,1,22,16,-20,-81.725,-56.315,1048.2,830.4,2015-01-22 16:00:00,2015-01-23 12:00:00,-1,23
1,2015,1,22,15,-21,-81.621,-54.876,1011.6,831.5,2015-01-22 15:00:00,2015-01-23 12:00:00,-1,23
1,2015,1,22,14,-22,-81.491,-53.437,975.4,833.2,2015-01-22 14:00:00,2015-01-23 12:00:00,-1,23
1,2015,1,22,13,-23,-81.335,-52.011,940.6,835.7,2015-01-22 13:00:00,2015-01-23 12:00:00,-1,23
1,2015,1,22,12,-24,-81.151,-50.622,908,839.4,2015-01-22 12:00:00,2015-01-23 12:00:00,-1,23
1,2015,1,24,12,0,-80.3,-81.3,1500,739.2,2015-01-24 12:00:00,2015-01-24 12:00:00,24,24
1,2015,1,24,11,-1,-80.487,-81.445,1508.6,734.2,2015-01-24 11:00:00,2015-01-24 12:00:00,-1,24
1,2015,1,24,10,-2,-80.661,-81.566,1517.4,729.5,2015-01-24 10:00:00,2015-01-24 12:00:00,-1,24
1,2015,1,24,9,-3,-80.822,-81.674,1525.9,725.1,2015-01-24 09:00:00,2015-01-24 12:00:00,-1,24
1,2015,1,24,8,-4,-80.97,-81.78,1533.6,721.2,2015-01-24 08:00:00,2015-01-24 12:00:00,-1,24
1,2015,1,24,7,-5,-81.104,-81.894,1539.8,717.5,2015-01-24 07:00:00,2015-01-24 12:00:00,-1,24
1,2015,1,24,6,-6,-81.224,-82.025,1544.2,714.1,2015-01-24 06:00:00,2015-01-24 12:00:00,-1,24
1,2015,1,24,5,-7,-81.34,-82.145,1549,711.2,2015-01-24 05:00:00,2015-01-24 12:00:00,-1,24
1,2015,1,24,4,-8,-81.466,-82.225,1556.3,708.2,2015-01-24 04:00:00,2015-01-24 12:00:00,-1,24
1,2015,1,24,3,-9,-81.601,-82.266,1567.3,705.2,2015-01-24 03:00:00,2015-01-24 12:00:00,-1,24
1,2015,1,24,2,-10,-81.745,-82.267,1583,702,2015-01-24 02:00:00,2015-01-24 12:00:00,-1,24
1,2015,1,24,1,-11,-81.899,-82.23,1604.4,698.5,2015-01-24 01:00:00,2015-01-24 12:00:00,-1,24
1,2015,1,24,0,-12,-82.061,-82.155,1632.5,694.6,2015-01-24,2015-01-24 12:00:00,-1,24
1,2015,1,23,23,-13,-82.218,-82.078,1665.5,690,2015-01-23 23:00:00,2015-01-24 12:00:00,-1,24
1,2015,1,23,22,-14,-82.353,-82.03,1700.1,685.2,2015-01-23 22:00:00,2015-01-24 12:00:00,-1,24
1,2015,1,23,21,-15,-82.468,-82.005,1735.4,680.6,2015-01-23 21:00:00,2015-01-24 12:00:00,-1,24
1,2015,1,23,20,-16,-82.562,-81.986,1770.6,676.2,2015-01-23 20:00:00,2015-01-24 12:00:00,-1,24
1,2015,1,23,19,-17,-82.636,-81.956,1804.6,672.4,2015-01-23 19:00:00,2015-01-24 12:00:00,-1,24
1,2015,1,23,18,-18,-82.69,-81.908,1836.8,669.2,2015-01-23 18:00:00,2015-01-24 12:00:00,-1,24
1,2015,1,23,17,-19,-82.741,-81.782,1867.2,667,2015-01-23 17:00:00,2015-01-24 12:00:00,-1,24
1,2015,1,23,16,-20,-82.804,-81.519,1893.7,666,2015-01-23 16:00:00,2015-01-24 12:00:00,-1,24
1,2015,1,23,15,-21,-82.879,-81.115,1917.8,666,2015-01-23 15:00:00,2015-01-24 12:00:00,-1,24
1,2015,1,23,14,-22,-82.967,-80.564,1940,666.9,2015-01-23 14:00:00,2015-01-24 12:00:00,-1,24
1,2015,1,23,13,-23,-83.068,-79.854,1961,668.6,2015-01-23 13:00:00,2015-01-24 12:00:00,-1,24
1,2015,1,23,12,-24,-83.179,-78.978,1980.6,670.6,2015-01-23 12:00:00,2015-01-24 12:00:00,-1,24
1,2015,1,25,12,0,-80.3,-81.3,1500,737.5,2015-01-25 12:00:00,2015-01-25 12:00:00,24,25
1,2015,1,25,11,-1,-80.492,-81.289,1517.2,733.3,2015-01-25 11:00:00,2015-01-25 12:00:00,-1,25
1,2015,1,25,10,-2,-80.683,-81.275,1533.5,729.2,2015-01-25 10:00:00,2015-01-25 12:00:00,-1,25
1,2015,1,25,9,-3,-80.874,-81.265,1549,725.1,2015-01-25 09:00:00,2015-01-25 12:00:00,-1,25
1,2015,1,25,8,-4,-81.066,-81.265,1563.9,721,2015-01-25 08:00:00,2015-01-25 12:00:00,-1,25
1,2015,1,25,7,-5,-81.26,-81.282,1578.5,716.7,2015-01-25 07:00:00,2015-01-25 12:00:00,-1,25
1,2015,1,25,6,-6,-81.457,-81.322,1592.7,712.2,2015-01-25 06:00:00,2015-01-25 12:00:00,-1,25
1,2015,1,25,5,-7,-81.658,-81.368,1608.9,707.8,2015-01-25 05:00:00,2015-01-25 12:00:00,-1,25
1,2015,1,25,4,-8,-81.865,-81.398,1628.8,703,2015-01-25 04:00:00,2015-01-25 12:00:00,-1,25
1,2015,1,25,3,-9,-82.077,-81.404,1653.2,698,2015-01-25 03:00:00,2015-01-25 12:00:00,-1,25
1,2015,1,25,2,-10,-82.294,-81.381,1683,692.4,2015-01-25 02:00:00,2015-01-25 12:00:00,-1,25
1,2015,1,25,1,-11,-82.515,-81.325,1718.9,686.3,2015-01-25 01:00:00,2015-01-25 12:00:00,-1,25
1,2015,1,25,0,-12,-82.736,-81.204,1760.9,680.2,2015-01-25,2015-01-25 12:00:00,-1,25
1,2015,1,24,23,-13,-82.944,-81.061,1805.2,673.8,2015-01-24 23:00:00,2015-01-25 12:00:00,-1,25
1,2015,1,24,22,-14,-83.129,-80.983,1849.5,667.6,2015-01-24 22:00:00,2015-01-25 12:00:00,-1,25
1,2015,1,24,21,-15,-83.294,-80.989,1893.3,661.3,2015-01-24 21:00:00,2015-01-25 12:00:00,-1,25
1,2015,1,24,20,-16,-83.439,-81.095,1936.7,654.8,2015-01-24 20:00:00,2015-01-25 12:00:00,-1,25
1,2015,1,24,19,-17,-83.567,-81.312,1979.7,648.1,2015-01-24 19:00:00,2015-01-25 12:00:00,-1,25
1,2015,1,24,18,-18,-83.679,-81.644,2022,641.3,2015-01-24 18:00:00,2015-01-25 12:00:00,-1,25
1,2015,1,24,17,-19,-83.785,-82.018,2063.7,634.7,2015-01-24 17:00:00,2015-01-25 12:00:00,-1,25
1,2015,1,24,16,-20,-83.896,-82.359,2105.5,628.4,2015-01-24 16:00:00,2015-01-25 12:00:00,-1,25
1,2015,1,24,15,-21,-84.01,-82.683,2148.2,622,2015-01-24 15:00:00,2015-01-25 12:00:00,-1,25
1,2015,1,24,14,-22,-84.126,-83.007,2192.7,615.5,2015-01-24 14:00:00,2015-01-25 12:00:00,-1,25
1,2015,1,24,13,-23,-84.243,-83.349,2240.3,609,2015-01-24 13:00:00,2015-01-25 12:00:00,-1,25
1,2015,1,24,12,-24,-84.358,-83.729,2291.9,602.1,2015-01-24 12:00:00,2015-01-25 12:00:00,-1,25
1,2015,1,26,12,0,-80.3,-81.3,1500,736.7,2015-01-26 12:00:00,2015-01-26 12:00:00,24,26
1,2015,1,26,11,-1,-80.389,-80.799,1498.4,741.4,2015-01-26 11:00:00,2015-01-26 12:00:00,-1,26
1,2015,1,26,10,-2,-80.481,-80.291,1498.4,745.8,2015-01-26 10:00:00,2015-01-26 12:00:00,-1,26
1,2015,1,26,9,-3,-80.575,-79.774,1499.7,749.6,2015-01-26 09:00:00,2015-01-26 12:00:00,-1,26
1,2015,1,26,8,-4,-80.67,-79.242,1502.2,752.9,2015-01-26 08:00:00,2015-01-26 12:00:00,-1,26
1,2015,1,26,7,-5,-80.766,-78.694,1506,756,2015-01-26 07:00:00,2015-01-26 12:00:00,-1,26
1,2015,1,26,6,-6,-80.862,-78.13,1510.9,759,2015-01-26 06:00:00,2015-01-26 12:00:00,-1,26
1,2015,1,26,5,-7,-80.961,-77.57,1517.2,761.6,2015-01-26 05:00:00,2015-01-26 12:00:00,-1,26
1,2015,1,26,4,-8,-81.064,-77.034,1524.6,763,2015-01-26 04:00:00,2015-01-26 12:00:00,-1,26
1,2015,1,26,3,-9,-81.169,-76.51,1533.1,764.1,2015-01-26 03:00:00,2015-01-26 12:00:00,-1,26
1,2015,1,26,2,-10,-81.275,-75.987,1542.5,765,2015-01-26 02:00:00,2015-01-26 12:00:00,-1,26
1,2015,1,26,1,-11,-81.383,-75.455,1552.6,765.8,2015-01-26 01:00:00,2015-01-26 12:00:00,-1,26
1,2015,1,26,0,-12,-81.492,-74.902,1562.9,766.4,2015-01-26,2015-01-26 12:00:00,-1,26
1,2015,1,25,23,-13,-81.6,-74.35,1571.9,766.5,2015-01-25 23:00:00,2015-01-26 12:00:00,-1,26
1,2015,1,25,22,-14,-81.706,-73.822,1578.4,766.9,2015-01-25 22:00:00,2015-01-26 12:00:00,-1,26
1,2015,1,25,21,-15,-81.81,-73.319,1583.3,767.2,2015-01-25 21:00:00,2015-01-26 12:00:00,-1,26
1,2015,1,25,20,-16,-81.914,-72.839,1587,767.5,2015-01-25 20:00:00,2015-01-26 12:00:00,-1,26
1,2015,1,25,19,-17,-82.017,-72.382,1589.8,767.6,2015-01-25 19:00:00,2015-01-26 12:00:00,-1,26
1,2015,1,25,18,-18,-82.12,-71.95,1591.8,767,2015-01-25 18:00:00,2015-01-26 12:00:00,-1,26
1,2015,1,25,17,-19,-82.227,-71.519,1592.7,766.1,2015-01-25 17:00:00,2015-01-26 12:00:00,-1,26
1,2015,1,25,16,-20,-82.341,-71.054,1594.1,765.2,2015-01-25 16:00:00,2015-01-26 12:00:00,-1,26
1,2015,1,25,15,-21,-82.462,-70.545,1594.7,764.3,2015-01-25 15:00:00,2015-01-26 12:00:00,-1,26
1,2015,1,25,14,-22,-82.586,-69.976,1593.3,762.7,2015-01-25 14:00:00,2015-01-26 12:00:00,-1,26
1,2015,1,25,13,-23,-82.71,-69.33,1589.2,760.6,2015-01-25 13:00:00,2015-01-26 12:00:00,-1,26
1,2015,1,25,12,-24,-82.833,-68.6,1582.5,759.1,2015-01-25 12:00:00,2015-01-26 12:00:00,-1,26
1,2015,1,27,12,0,-80.3,-81.3,1500,741.3,2015-01-27 12:00:00,2015-01-27 12:00:00,24,27
1,2015,1,27,11,-1,-80.387,-81.035,1488.1,744,2015-01-27 11:00:00,2015-01-27 12:00:00,-1,27
1,2015,1,27,10,-2,-80.471,-80.722,1475.9,747.3,2015-01-27 10:00:00,2015-01-27 12:00:00,-1,27
1,2015,1,27,9,-3,-80.552,-80.359,1463.5,751.2,2015-01-27 09:00:00,2015-01-27 12:00:00,-1,27
1,2015,1,27,8,-4,-80.633,-79.945,1450.7,755.5,2015-01-27 08:00:00,2015-01-27 12:00:00,-1,27
1,2015,1,27,7,-5,-80.712,-79.476,1436.9,759.9,2015-01-27 07:00:00,2015-01-27 12:00:00,-1,27
1,2015,1,27,6,-6,-80.791,-78.951,1422.3,764.9,2015-01-27 06:00:00,2015-01-27 12:00:00,-1,27
1,2015,1,27,5,-7,-80.866,-78.394,1405.7,770.1,2015-01-27 05:00:00,2015-01-27 12:00:00,-1,27
1,2015,1,27,4,-8,-80.936,-77.827,1385.9,776.1,2015-01-27 04:00:00,2015-01-27 12:00:00,-1,27
1,2015,1,27,3,-9,-81.001,-77.244,1362.8,782.2,2015-01-27 03:00:00,2015-01-27 12:00:00,-1,27
1,2015,1,27,2,-10,-81.06,-76.639,1336.2,788.6,2015-01-27 02:00:00,2015-01-27 12:00:00,-1,27
1,2015,1,27,1,-11,-81.113,-76.008,1306.6,795.6,2015-01-27 01:00:00,2015-01-27 12:00:00,-1,27
1,2015,1,27,0,-12,-81.16,-75.347,1274.3,803.3,2015-01-27,2015-01-27 12:00:00,-1,27
1,2015,1,26,23,-13,-81.203,-74.68,1242,810.5,2015-01-26 23:00:00,2015-01-27 12:00:00,-1,27
1,2015,1,26,22,-14,-81.244,-74.036,1213.6,816.2,2015-01-26 22:00:00,2015-01-27 12:00:00,-1,27
1,2015,1,26,21,-15,-81.281,-73.423,1188.9,821.4,2015-01-26 21:00:00,2015-01-27 12:00:00,-1,27
1,2015,1,26,20,-16,-81.314,-72.845,1167.5,826.2,2015-01-26 20:00:00,2015-01-27 12:00:00,-1,27
1,2015,1,26,19,-17,-81.342,-72.308,1149.1,830.2,2015-01-26 19:00:00,2015-01-27 12:00:00,-1,27
1,2015,1,26,18,-18,-81.365,-71.814,1133.3,833.1,2015-01-26 18:00:00,2015-01-27 12:00:00,-1,27
1,2015,1,26,17,-19,-81.392,-71.362,1120,835.4,2015-01-26 17:00:00,2015-01-27 12:00:00,-1,27
1,2015,1,26,16,-20,-81.435,-70.946,1110.8,836.7,2015-01-26 16:00:00,2015-01-27 12:00:00,-1,27
1,2015,1,26,15,-21,-81.493,-70.564,1105.6,837.1,2015-01-26 15:00:00,2015-01-27 12:00:00,-1,27
1,2015,1,26,14,-22,-81.566,-70.215,1104.6,836.6,2015-01-26 14:00:00,2015-01-27 12:00:00,-1,27
1,2015,1,26,13,-23,-81.655,-69.897,1108.1,834.9,2015-01-26 13:00:00,2015-01-27 12:00:00,-1,27
1,2015,1,26,12,-24,-81.759,-69.604,1116.3,832.2,2015-01-26 12:00:00,2015-01-27 12:00:00,-1,27
1,2015,1,28,12,0,-80.3,-81.3,1500,742,2015-01-28 12:00:00,2015-01-28 12:00:00,24,28
1,2015,1,28,11,-1,-80.4,-81.058,1510.2,742.1,2015-01-28 11:00:00,2015-01-28 12:00:00,-1,28
1,2015,1,28,10,-2,-80.501,-80.796,1518.6,742.6,2015-01-28 10:00:00,2015-01-28 12:00:00,-1,28
1,2015,1,28,9,-3,-80.603,-80.514,1525.2,743.4,2015-01-28 09:00:00,2015-01-28 12:00:00,-1,28
1,2015,1,28,8,-4,-80.706,-80.212,1530.1,744.6,2015-01-28 08:00:00,2015-01-28 12:00:00,-1,28
1,2015,1,28,7,-5,-80.81,-79.888,1533.1,745.9,2015-01-28 07:00:00,2015-01-28 12:00:00,-1,28
1,2015,1,28,6,-6,-80.913,-79.541,1534.2,747.2,2015-01-28 06:00:00,2015-01-28 12:00:00,-1,28
1,2015,1,28,5,-7,-81.016,-79.218,1535.6,748.3,2015-01-28 05:00:00,2015-01-28 12:00:00,-1,28
1,2015,1,28,4,-8,-81.115,-78.968,1539.9,748.2,2015-01-28 04:00:00,2015-01-28 12:00:00,-1,28
1,2015,1,28,3,-9,-81.21,-78.782,1546.6,747.3,2015-01-28 03:00:00,2015-01-28 12:00:00,-1,28
1,2015,1,28,2,-10,-81.301,-78.656,1555.5,745.8,2015-01-28 02:00:00,2015-01-28 12:00:00,-1,28
1,2015,1,28,1,-11,-81.387,-78.585,1566.5,743.6,2015-01-28 01:00:00,2015-01-28 12:00:00,-1,28
1,2015,1,28,0,-12,-81.468,-78.566,1579.4,740.9,2015-01-28,2015-01-28 12:00:00,-1,28
1,2015,1,27,23,-13,-81.542,-78.597,1593.8,737.7,2015-01-27 23:00:00,2015-01-28 12:00:00,-1,28
1,2015,1,27,22,-14,-81.605,-78.675,1608,734.4,2015-01-27 22:00:00,2015-01-28 12:00:00,-1,28
1,2015,1,27,21,-15,-81.657,-78.798,1622.4,730.9,2015-01-27 21:00:00,2015-01-28 12:00:00,-1,28
1,2015,1,27,20,-16,-81.697,-78.964,1637.1,727.3,2015-01-27 20:00:00,2015-01-28 12:00:00,-1,28
1,2015,1,27,19,-17,-81.725,-79.168,1651.8,723.5,2015-01-27 19:00:00,2015-01-28 12:00:00,-1,28
1,2015,1,27,18,-18,-81.738,-79.41,1666.6,719.6,2015-01-27 18:00:00,2015-01-28 12:00:00,-1,28
1,2015,1,27,17,-19,-81.749,-79.651,1680.3,716.2,2015-01-27 17:00:00,2015-01-28 12:00:00,-1,28
1,2015,1,27,16,-20,-81.769,-79.86,1690.2,713.4,2015-01-27 16:00:00,2015-01-28 12:00:00,-1,28
1,2015,1,27,15,-21,-81.799,-80.036,1696.6,711.1,2015-01-27 15:00:00,2015-01-28 12:00:00,-1,28
1,2015,1,27,14,-22,-81.838,-80.177,1699.5,709.1,2015-01-27 14:00:00,2015-01-28 12:00:00,-1,28
1,2015,1,27,13,-23,-81.888,-80.284,1699,707.7,2015-01-27 13:00:00,2015-01-28 12:00:00,-1,28
1,2015,1,27,12,-24,-81.949,-80.359,1695.1,706.7,2015-01-27 12:00:00,2015-01-28 12:00:00,-1,28
1,2015,1,29,12,0,-80.3,-81.3,1500,739.6,2015-01-29 12:00:00,2015-01-29 12:00:00,24,29
1,2015,1,29,11,-1,-80.374,-80.664,1490.7,746.7,2015-01-29 11:00:00,2015-01-29 12:00:00,-1,29
1,2015,1,29,10,-2,-80.445,-80.146,1486.4,751.8,2015-01-29 10:00:00,2015-01-29 12:00:00,-1,29
1,2015,1,29,9,-3,-80.511,-79.73,1486.9,755,2015-01-29 09:00:00,2015-01-29 12:00:00,-1,29
1,2015,1,29,8,-4,-80.569,-79.406,1492,756.8,2015-01-29 08:00:00,2015-01-29 12:00:00,-1,29
1,2015,1,29,7,-5,-80.618,-79.163,1502.1,757.4,2015-01-29 07:00:00,2015-01-29 12:00:00,-1,29
1,2015,1,29,6,-6,-80.659,-78.991,1517.1,757,2015-01-29 06:00:00,2015-01-29 12:00:00,-1,29
1,2015,1,29,5,-7,-80.7,-78.889,1534.7,755.4,2015-01-29 05:00:00,2015-01-29 12:00:00,-1,29
1,2015,1,29,4,-8,-80.753,-78.862,1551,753.2,2015-01-29 04:00:00,2015-01-29 12:00:00,-1,29
1,2015,1,29,3,-9,-80.816,-78.911,1567,750.1,2015-01-29 03:00:00,2015-01-29 12:00:00,-1,29
1,2015,1,29,2,-10,-80.892,-79.039,1583.3,746.1,2015-01-29 02:00:00,2015-01-29 12:00:00,-1,29
1,2015,1,29,1,-11,-80.979,-79.245,1600.7,741.1,2015-01-29 01:00:00,2015-01-29 12:00:00,-1,29
1,2015,1,29,0,-12,-81.079,-79.532,1619.7,735.2,2015-01-29,2015-01-29 12:00:00,-1,29
1,2015,1,28,23,-13,-81.179,-79.846,1640.6,728.7,2015-01-28 23:00:00,2015-01-29 12:00:00,-1,29
1,2015,1,28,22,-14,-81.263,-80.127,1662.9,722.6,2015-01-28 22:00:00,2015-01-29 12:00:00,-1,29
1,2015,1,28,21,-15,-81.331,-80.366,1685.5,717,2015-01-28 21:00:00,2015-01-29 12:00:00,-1,29
1,2015,1,28,20,-16,-81.382,-80.557,1707.7,712.1,2015-01-28 20:00:00,2015-01-29 12:00:00,-1,29
1,2015,1,28,19,-17,-81.415,-80.694,1729.2,708.1,2015-01-28 19:00:00,2015-01-29 12:00:00,-1,29
1,2015,1,28,18,-18,-81.431,-80.772,1749.4,705.2,2015-01-28 18:00:00,2015-01-29 12:00:00,-1,29
1,2015,1,28,17,-19,-81.447,-80.828,1769.6,702.7,2015-01-28 17:00:00,2015-01-29 12:00:00,-1,29
1,2015,1,28,16,-20,-81.477,-80.911,1791.3,699.5,2015-01-28 16:00:00,2015-01-29 12:00:00,-1,29
1,2015,1,28,15,-21,-81.522,-81.024,1814.8,695.7,2015-01-28 15:00:00,2015-01-29 12:00:00,-1,29
1,2015,1,28,14,-22,-81.582,-81.175,1840.5,691.1,2015-01-28 14:00:00,2015-01-29 12:00:00,-1,29
1,2015,1,28,13,-23,-81.658,-81.373,1868.6,685.7,2015-01-28 13:00:00,2015-01-29 12:00:00,-1,29
1,2015,1,28,12,-24,-81.748,-81.629,1899.5,679.4,2015-01-28 12:00:00,2015-01-29 12:00:00,-1,29
1,2015,1,30,12,0,-80.3,-81.3,1500,738.7,2015-01-30 12:00:00,2015-01-30 12:00:00,24,30
1,2015,1,30,11,-1,-80.355,-79.785,1472.6,756.8,2015-01-30 11:00:00,2015-01-30 12:00:00,-1,30
1,2015,1,30,10,-2,-80.437,-78.224,1442.8,773.2,2015-01-30 10:00:00,2015-01-30 12:00:00,-1,30
1,2015,1,30,9,-3,-80.537,-76.602,1412.1,788.9,2015-01-30 09:00:00,2015-01-30 12:00:00,-1,30
1,2015,1,30,8,-4,-80.648,-74.917,1381.6,803.7,2015-01-30 08:00:00,2015-01-30 12:00:00,-1,30
1,2015,1,30,7,-5,-80.761,-73.158,1350.7,815.1,2015-01-30 07:00:00,2015-01-30 12:00:00,-1,30
1,2015,1,30,6,-6,-80.864,-71.325,1320.4,823.9,2015-01-30 06:00:00,2015-01-30 12:00:00,-1,30
1,2015,1,30,5,-7,-80.95,-69.544,1290.4,829.9,2015-01-30 05:00:00,2015-01-30 12:00:00,-1,30
1,2015,1,30,4,-8,-81.011,-67.94,1259.4,833.5,2015-01-30 04:00:00,2015-01-30 12:00:00,-1,30
1,2015,1,30,3,-9,-81.05,-66.515,1228.6,836.1,2015-01-30 03:00:00,2015-01-30 12:00:00,-1,30
1,2015,1,30,2,-10,-81.069,-65.261,1198.2,838.7,2015-01-30 02:00:00,2015-01-30 12:00:00,-1,30
1,2015,1,30,1,-11,-81.07,-64.172,1167.2,840.4,2015-01-30 01:00:00,2015-01-30 12:00:00,-1,30
1,2015,1,30,0,-12,-81.054,-63.242,1135.7,842.3,2015-01-30,2015-01-30 12:00:00,-1,30
1,2015,1,29,23,-13,-81.025,-62.429,1103.5,844.3,2015-01-29 23:00:00,2015-01-30 12:00:00,-1,30
1,2015,1,29,22,-14,-80.984,-61.694,1071.2,846.1,2015-01-29 22:00:00,2015-01-30 12:00:00,-1,30
1,2015,1,29,21,-15,-80.932,-61.034,1038.4,848.5,2015-01-29 21:00:00,2015-01-30 12:00:00,-1,30
1,2015,1,29,20,-16,-80.87,-60.439,1004.9,851.3,2015-01-29 20:00:00,2015-01-30 12:00:00,-1,30
1,2015,1,29,19,-17,-80.801,-59.905,970.7,854.5,2015-01-29 19:00:00,2015-01-30 12:00:00,-1,30
1,2015,1,29,18,-18,-80.724,-59.427,935.6,858,2015-01-29 18:00:00,2015-01-30 12:00:00,-1,30
1,2015,1,29,17,-19,-80.648,-59.015,899.9,861.3,2015-01-29 17:00:00,2015-01-30 12:00:00,-1,30
1,2015,1,29,16,-20,-80.577,-58.682,862.7,865,2015-01-29 16:00:00,2015-01-30 12:00:00,-1,30
1,2015,1,29,15,-21,-80.513,-58.428,824.4,869,2015-01-29 15:00:00,2015-01-30 12:00:00,-1,30
1,2015,1,29,14,-22,-80.454,-58.252,785,873.5,2015-01-29 14:00:00,2015-01-30 12:00:00,-1,30
1,2015,1,29,13,-23,-80.401,-58.158,744.7,878.4,2015-01-29 13:00:00,2015-01-30 12:00:00,-1,30
1,2015,1,29,12,-24,-80.354,-58.147,703.7,883.8,2015-01-29 12:00:00,2015-01-30 12:00:00,-1,30
1,2015,1,31,12,0,-80.3,-81.3,1500,739.9,2015-01-31 12:00:00,2015-01-31 12:00:00,24,31
1,2015,1,31,11,-1,-80.452,-80.371,1481.3,749.7,2015-01-31 11:00:00,2015-01-31 12:00:00,-1,31
1,2015,1,31,10,-2,-80.604,-79.478,1460.3,758.5,2015-01-31 10:00:00,2015-01-31 12:00:00,-1,31
1,2015,1,31,9,-3,-80.753,-78.611,1437.8,766.6,2015-01-31 09:00:00,2015-01-31 12:00:00,-1,31
1,2015,1,31,8,-4,-80.901,-77.765,1414.8,774.4,2015-01-31 08:00:00,2015-01-31 12:00:00,-1,31
1,2015,1,31,7,-5,-81.044,-76.938,1391,781.2,2015-01-31 07:00:00,2015-01-31 12:00:00,-1,31
1,2015,1,31,6,-6,-81.181,-76.123,1367.3,787.4,2015-01-31 06:00:00,2015-01-31 12:00:00,-1,31
1,2015,1,31,5,-7,-81.314,-75.299,1344,793.4,2015-01-31 05:00:00,2015-01-31 12:00:00,-1,31
1,2015,1,31,4,-8,-81.441,-74.439,1319.8,798.9,2015-01-31 04:00:00,2015-01-31 12:00:00,-1,31
1,2015,1,31,3,-9,-81.564,-73.53,1294.7,804.3,2015-01-31 03:00:00,2015-01-31 12:00:00,-1,31
1,2015,1,31,2,-10,-81.681,-72.561,1269,810.2,2015-01-31 02:00:00,2015-01-31 12:00:00,-1,31
1,2015,1,31,1,-11,-81.791,-71.515,1241.5,815.2,2015-01-31 01:00:00,2015-01-31 12:00:00,-1,31
1,2015,1,31,0,-12,-81.891,-70.378,1213.2,820.8,2015-01-31,2015-01-31 12:00:00,-1,31
1,2015,1,30,23,-13,-81.982,-69.174,1184.3,824.9,2015-01-30 23:00:00,2015-01-31 12:00:00,-1,31
1,2015,1,30,22,-14,-82.065,-67.931,1157.9,828.4,2015-01-30 22:00:00,2015-01-31 12:00:00,-1,31
1,2015,1,30,21,-15,-82.14,-66.64,1132.8,831.1,2015-01-30 21:00:00,2015-01-31 12:00:00,-1,31
1,2015,1,30,20,-16,-82.205,-65.293,1109.3,833.4,2015-01-30 20:00:00,2015-01-31 12:00:00,-1,31
1,2015,1,30,19,-17,-82.258,-63.896,1086.9,834.6,2015-01-30 19:00:00,2015-01-31 12:00:00,-1,31
1,2015,1,30,18,-18,-82.299,-62.458,1065.9,835.7,2015-01-30 18:00:00,2015-01-31 12:00:00,-1,31
1,2015,1,30,17,-19,-82.32,-61.015,1044.2,835.6,2015-01-30 17:00:00,2015-01-31 12:00:00,-1,31
1,2015,1,30,16,-20,-82.316,-59.605,1022,835.9,2015-01-30 16:00:00,2015-01-31 12:00:00,-1,31
1,2015,1,30,15,-21,-82.287,-58.243,999.1,836.2,2015-01-30 15:00:00,2015-01-31 12:00:00,-1,31
1,2015,1,30,14,-22,-82.233,-56.941,976,836.2,2015-01-30 14:00:00,2015-01-31 12:00:00,-1,31
1,2015,1,30,13,-23,-82.154,-55.709,952.9,836.4,2015-01-30 13:00:00,2015-01-31 12:00:00,-1,31
1,2015,1,30,12,-24,-82.049,-54.557,929.9,837.1,2015-01-30 12:00:00,2015-01-31 12:00:00,-1,31
1,2015,2,1,12,0,-80.3,-81.3,1500,738.5,2015-02-01 12:00:00,2015-02-01 12:00:00,24,32
1,2015,2,1,11,-1,-80.424,-80.429,1467.5,749.4,2015-02-01 11:00:00,2015-02-01 12:00:00,-1,32
1,2015,2,1,10,-2,-80.552,-79.641,1433.5,759,2015-02-01 10:00:00,2015-02-01 12:00:00,-1,32
1,2015,2,1,9,-3,-80.68,-78.924,1398.6,767.2,2015-02-01 09:00:00,2015-02-01 12:00:00,-1,32
1,2015,2,1,8,-4,-80.806,-78.269,1363.3,774.9,2015-02-01 08:00:00,2015-02-01 12:00:00,-1,32
1,2015,2,1,7,-5,-80.932,-77.671,1327.9,782.1,2015-02-01 07:00:00,2015-02-01 12:00:00,-1,32
1,2015,2,1,6,-6,-81.057,-77.125,1292.2,788.2,2015-02-01 06:00:00,2015-02-01 12:00:00,-1,32
1,2015,2,1,5,-7,-81.182,-76.603,1257.7,793.7,2015-02-01 05:00:00,2015-02-01 12:00:00,-1,32
1,2015,2,1,4,-8,-81.306,-76.08,1225,798.8,2015-02-01 04:00:00,2015-02-01 12:00:00,-1,32
1,2015,2,1,3,-9,-81.428,-75.555,1194.3,803.7,2015-02-01 03:00:00,2015-02-01 12:00:00,-1,32
1,2015,2,1,2,-10,-81.548,-75.029,1165.4,808.5,2015-02-01 02:00:00,2015-02-01 12:00:00,-1,32
1,2015,2,1,1,-11,-81.663,-74.498,1138.1,812.4,2015-02-01 01:00:00,2015-02-01 12:00:00,-1,32
1,2015,2,1,0,-12,-81.772,-73.958,1112.5,816.4,2015-02-01,2015-02-01 12:00:00,-1,32
1,2015,1,31,23,-13,-81.877,-73.424,1088.6,819.8,2015-01-31 23:00:00,2015-02-01 12:00:00,-1,32
1,2015,1,31,22,-14,-81.984,-72.915,1066.5,822.8,2015-01-31 22:00:00,2015-02-01 12:00:00,-1,32
1,2015,1,31,21,-15,-82.092,-72.432,1046.1,825.2,2015-01-31 21:00:00,2015-02-01 12:00:00,-1,32
1,2015,1,31,20,-16,-82.201,-71.976,1027.2,826.7,2015-01-31 20:00:00,2015-02-01 12:00:00,-1,32
1,2015,1,31,19,-17,-82.311,-71.543,1009.8,827.9,2015-01-31 19:00:00,2015-02-01 12:00:00,-1,32
1,2015,1,31,18,-18,-82.422,-71.127,994,829,2015-01-31 18:00:00,2015-02-01 12:00:00,-1,32
1,2015,1,31,17,-19,-82.533,-70.698,979.2,830.2,2015-01-31 17:00:00,2015-02-01 12:00:00,-1,32
1,2015,1,31,16,-20,-82.64,-70.212,964.8,830.7,2015-01-31 16:00:00,2015-02-01 12:00:00,-1,32
1,2015,1,31,15,-21,-82.744,-69.656,950.7,830.9,2015-01-31 15:00:00,2015-02-01 12:00:00,-1,32
1,2015,1,31,14,-22,-82.845,-69.027,937,830.9,2015-01-31 14:00:00,2015-02-01 12:00:00,-1,32
1,2015,1,31,13,-23,-82.942,-68.316,924,830.8,2015-01-31 13:00:00,2015-02-01 12:00:00,-1,32
1,2015,1,31,12,-24,-83.036,-67.514,911.5,830.7,2015-01-31 12:00:00,2015-02-01 12:00:00,-1,32
1,2015,2,2,12,0,-80.3,-81.3,1500,735.8,2015-02-02 12:00:00,2015-02-02 12:00:00,24,33
1,2015,2,2,11,-1,-80.496,-81.509,1511.2,729.9,2015-02-02 11:00:00,2015-02-02 12:00:00,-1,33
1,2015,2,2,10,-2,-80.682,-81.665,1522.9,724.6,2015-02-02 10:00:00,2015-02-02 12:00:00,-1,33
1,2015,2,2,9,-3,-80.858,-81.772,1535.1,720,2015-02-02 09:00:00,2015-02-02 12:00:00,-1,33
1,2015,2,2,8,-4,-81.023,-81.834,1547.7,716.2,2015-02-02 08:00:00,2015-02-02 12:00:00,-1,33
1,2015,2,2,7,-5,-81.176,-81.853,1560.6,712.9,2015-02-02 07:00:00,2015-02-02 12:00:00,-1,33
1,2015,2,2,6,-6,-81.317,-81.829,1573.4,710.3,2015-02-02 06:00:00,2015-02-02 12:00:00,-1,33
1,2015,2,2,5,-7,-81.451,-81.765,1584.8,708.2,2015-02-02 05:00:00,2015-02-02 12:00:00,-1,33
1,2015,2,2,4,-8,-81.581,-81.663,1591.6,707,2015-02-02 04:00:00,2015-02-02 12:00:00,-1,33
1,2015,2,2,3,-9,-81.709,-81.524,1594.4,706.5,2015-02-02 03:00:00,2015-02-02 12:00:00,-1,33
1,2015,2,2,2,-10,-81.835,-81.349,1593.5,706.6,2015-02-02 02:00:00,2015-02-02 12:00:00,-1,33
1,2015,2,2,1,-11,-81.959,-81.138,1589,707.3,2015-02-02 01:00:00,2015-02-02 12:00:00,-1,33
1,2015,2,2,0,-12,-82.082,-80.891,1580.9,708.6,2015-02-02,2015-02-02 12:00:00,-1,33
1,2015,2,1,23,-13,-82.2,-80.636,1571.6,710.1,2015-02-01 23:00:00,2015-02-02 12:00:00,-1,33
1,2015,2,1,22,-14,-82.308,-80.397,1566,710.9,2015-02-01 22:00:00,2015-02-02 12:00:00,-1,33
1,2015,2,1,21,-15,-82.405,-80.173,1562.8,711.4,2015-02-01 21:00:00,2015-02-02 12:00:00,-1,33
1,2015,2,1,20,-16,-82.491,-79.963,1561.6,711.8,2015-02-01 20:00:00,2015-02-02 12:00:00,-1,33
1,2015,2,1,19,-17,-82.566,-79.765,1561.9,711.9,2015-02-01 19:00:00,2015-02-02 12:00:00,-1,33
1,2015,2,1,18,-18,-82.629,-79.578,1563.3,712,2015-02-01 18:00:00,2015-02-02 12:00:00,-1,33
1,2015,2,1,17,-19,-82.689,-79.39,1563.7,712.2,2015-02-01 17:00:00,2015-02-02 12:00:00,-1,33
1,2015,2,1,16,-20,-82.752,-79.189,1560.3,713,2015-02-01 16:00:00,2015-02-02 12:00:00,-1,33
1,2015,2,1,15,-21,-82.817,-78.97,1553.4,714.2,2015-02-01 15:00:00,2015-02-02 12:00:00,-1,33
1,2015,2,1,14,-22,-82.885,-78.729,1542.8,715.7,2015-02-01 14:00:00,2015-02-02 12:00:00,-1,33
1,2015,2,1,13,-23,-82.955,-78.465,1528.5,717.7,2015-02-01 13:00:00,2015-02-02 12:00:00,-1,33
1,2015,2,1,12,-24,-83.026,-78.175,1510.4,720.1,2015-02-01 12:00:00,2015-02-02 12:00:00,-1,33
1,2015,2,3,12,0,-80.3,-81.3,1500,739,2015-02-03 12:00:00,2015-02-03 12:00:00,24,34
1,2015,2,3,11,-1,-80.483,-81.874,1518.3,728.5,2015-02-03 11:00:00,2015-02-03 12:00:00,-1,34
1,2015,2,3,10,-2,-80.659,-82.412,1535.1,718.8,2015-02-03 10:00:00,2015-02-03 12:00:00,-1,34
1,2015,2,3,9,-3,-80.824,-82.924,1550.6,709.7,2015-02-03 09:00:00,2015-02-03 12:00:00,-1,34
1,2015,2,3,8,-4,-80.978,-83.417,1565.2,701.3,2015-02-03 08:00:00,2015-02-03 12:00:00,-1,34
1,2015,2,3,7,-5,-81.122,-83.896,1579.3,693.4,2015-02-03 07:00:00,2015-02-03 12:00:00,-1,34
1,2015,2,3,6,-6,-81.254,-84.364,1593.2,686.1,2015-02-03 06:00:00,2015-02-03 12:00:00,-1,34
1,2015,2,3,5,-7,-81.384,-84.835,1606.2,678.7,2015-02-03 05:00:00,2015-02-03 12:00:00,-1,34
1,2015,2,3,4,-8,-81.516,-85.326,1616.6,671.6,2015-02-03 04:00:00,2015-02-03 12:00:00,-1,34
1,2015,2,3,3,-9,-81.651,-85.841,1625.1,664.5,2015-02-03 03:00:00,2015-02-03 12:00:00,-1,34
1,2015,2,3,2,-10,-81.787,-86.383,1632,657.5,2015-02-03 02:00:00,2015-02-03 12:00:00,-1,34
1,2015,2,3,1,-11,-81.923,-86.956,1637.5,650.4,2015-02-03 01:00:00,2015-02-03 12:00:00,-1,34
1,2015,2,3,0,-12,-82.059,-87.565,1641.8,643.4,2015-02-03,2015-02-03 12:00:00,-1,34
1,2015,2,2,23,-13,-82.187,-88.198,1647.4,637.6,2015-02-02 23:00:00,2015-02-03 12:00:00,-1,34
1,2015,2,2,22,-14,-82.303,-88.838,1655.4,631.7,2015-02-02 22:00:00,2015-02-03 12:00:00,-1,34
1,2015,2,2,21,-15,-82.409,-89.482,1665.3,625.8,2015-02-02 21:00:00,2015-02-03 12:00:00,-1,34
1,2015,2,2,20,-16,-82.505,-90.124,1676.9,620.1,2015-02-02 20:00:00,2015-02-03 12:00:00,-1,34
1,2015,2,2,19,-17,-82.594,-90.746,1690.6,615.9,2015-02-02 19:00:00,2015-02-03 12:00:00,-1,34
1,2015,2,2,18,-18,-82.676,-91.33,1704.7,612,2015-02-02 18:00:00,2015-02-03 12:00:00,-1,34
1,2015,2,2,17,-19,-82.753,-91.895,1721.3,608.3,2015-02-02 17:00:00,2015-02-03 12:00:00,-1,34
1,2015,2,2,16,-20,-82.824,-92.462,1743.6,603.8,2015-02-02 16:00:00,2015-02-03 12:00:00,-1,34
1,2015,2,2,15,-21,-82.888,-93.029,1772.6,599.5,2015-02-02 15:00:00,2015-02-03 12:00:00,-1,34
1,2015,2,2,14,-22,-82.945,-93.594,1807.5,594.8,2015-02-02 14:00:00,2015-02-03 12:00:00,-1,34
1,2015,2,2,13,-23,-82.992,-94.156,1848.5,589.9,2015-02-02 13:00:00,2015-02-03 12:00:00,-1,34
1,2015,2,2,12,-24,-83.029,-94.713,1895.6,584.5,2015-02-02 12:00:00,2015-02-03 12:00:00,-1,34
1,2015,2,4,12,0,-80.3,-81.3,1500,742.7,2015-02-04 12:00:00,2015-02-04 12:00:00,24,35
1,2015,2,4,11,-1,-80.525,-81.693,1520.3,733.2,2015-02-04 11:00:00,2015-02-04 12:00:00,-1,35
1,2015,2,4,10,-2,-80.744,-82.116,1542.1,723.5,2015-02-04 10:00:00,2015-02-04 12:00:00,-1,35
1,2015,2,4,9,-3,-80.956,-82.575,1565.4,713.8,2015-02-04 09:00:00,2015-02-04 12:00:00,-1,35
1,2015,2,4,8,-4,-81.159,-83.074,1590,703.9,2015-02-04 08:00:00,2015-02-04 12:00:00,-1,35
1,2015,2,4,7,-5,-81.352,-83.618,1615.9,693.8,2015-02-04 07:00:00,2015-02-04 12:00:00,-1,35
1,2015,2,4,6,-6,-81.533,-84.204,1643,683.6,2015-02-04 06:00:00,2015-02-04 12:00:00,-1,35
1,2015,2,4,5,-7,-81.703,-84.83,1668.8,673.1,2015-02-04 05:00:00,2015-02-04 12:00:00,-1,35
1,2015,2,4,4,-8,-81.861,-85.497,1689.4,663.7,2015-02-04 04:00:00,2015-02-04 12:00:00,-1,35
1,2015,2,4,3,-9,-82.007,-86.204,1706.1,654.9,2015-02-04 03:00:00,2015-02-04 12:00:00,-1,35
1,2015,2,4,2,-10,-82.139,-86.95,1719.8,646.4,2015-02-04 02:00:00,2015-02-04 12:00:00,-1,35
1,2015,2,4,1,-11,-82.257,-87.735,1731.2,638.5,2015-02-04 01:00:00,2015-02-04 12:00:00,-1,35
1,2015,2,4,0,-12,-82.358,-88.554,1741.3,631.4,2015-02-04,2015-02-04 12:00:00,-1,35
1,2015,2,3,23,-13,-82.447,-89.366,1750,624.3,2015-02-03 23:00:00,2015-02-04 12:00:00,-1,35
1,2015,2,3,22,-14,-82.531,-90.127,1760.5,617.8,2015-02-03 22:00:00,2015-02-04 12:00:00,-1,35
1,2015,2,3,21,-15,-82.611,-90.831,1773.6,612.7,2015-02-03 21:00:00,2015-02-04 12:00:00,-1,35
1,2015,2,3,20,-16,-82.688,-91.474,1787.9,608,2015-02-03 20:00:00,2015-02-04 12:00:00,-1,35
1,2015,2,3,19,-17,-82.766,-92.056,1803.2,603.9,2015-02-03 19:00:00,2015-02-04 12:00:00,-1,35
1,2015,2,3,18,-18,-82.846,-92.579,1819.4,600.3,2015-02-03 18:00:00,2015-02-04 12:00:00,-1,35
1,2015,2,3,17,-19,-82.922,-93.111,1835.8,597,2015-02-03 17:00:00,2015-02-04 12:00:00,-1,35
1,2015,2,3,16,-20,-82.986,-93.724,1850.7,593.6,2015-02-03 16:00:00,2015-02-04 12:00:00,-1,35
1,2015,2,3,15,-21,-83.039,-94.412,1864.1,590,2015-02-03 15:00:00,2015-02-04 12:00:00,-1,35
1,2015,2,3,14,-22,-83.08,-95.17,1876.2,586.5,2015-02-03 14:00:00,2015-02-04 12:00:00,-1,35
1,2015,2,3,13,-23,-83.107,-95.989,1887.5,583.8,2015-02-03 13:00:00,2015-02-04 12:00:00,-1,35
1,2015,2,3,12,-24,-83.121,-96.86,1896.6,581.1,2015-02-03 12:00:00,2015-02-04 12:00:00,-1,35
1,2015,2,5,12,0,-80.3,-81.3,1500,742.2,2015-02-05 12:00:00,2015-02-05 12:00:00,24,36
1,2015,2,5,11,-1,-80.465,-82.019,1524.2,729.8,2015-02-05 11:00:00,2015-02-05 12:00:00,-1,36
1,2015,2,5,10,-2,-80.633,-82.775,1546.5,717.4,2015-02-05 10:00:00,2015-02-05 12:00:00,-1,36
1,2015,2,5,9,-3,-80.803,-83.576,1567.3,705,2015-02-05 09:00:00,2015-02-05 12:00:00,-1,36
1,2015,2,5,8,-4,-80.973,-84.428,1586.8,692.7,2015-02-05 08:00:00,2015-02-05 12:00:00,-1,36
1,2015,2,5,7,-5,-81.141,-85.334,1605.5,680.4,2015-02-05 07:00:00,2015-02-05 12:00:00,-1,36
1,2015,2,5,6,-6,-81.3,-86.295,1624,668.2,2015-02-05 06:00:00,2015-02-05 12:00:00,-1,36
1,2015,2,5,5,-7,-81.45,-87.306,1642.3,656.2,2015-02-05 05:00:00,2015-02-05 12:00:00,-1,36
1,2015,2,5,4,-8,-81.591,-88.362,1659.3,645.1,2015-02-05 04:00:00,2015-02-05 12:00:00,-1,36
1,2015,2,5,3,-9,-81.723,-89.461,1675.2,634.6,2015-02-05 03:00:00,2015-02-05 12:00:00,-1,36
1,2015,2,5,2,-10,-81.846,-90.6,1690.1,625,2015-02-05 02:00:00,2015-02-05 12:00:00,-1,36
1,2015,2,5,1,-11,-81.962,-91.775,1703.6,616,2015-02-05 01:00:00,2015-02-05 12:00:00,-1,36
1,2015,2,5,0,-12,-82.071,-92.982,1715.9,608.3,2015-02-05,2015-02-05 12:00:00,-1,36
1,2015,2,4,23,-13,-82.17,-94.201,1725.9,602.2,2015-02-04 23:00:00,2015-02-05 12:00:00,-1,36
1,2015,2,4,22,-14,-82.257,-95.416,1731.8,597.1,2015-02-04 22:00:00,2015-02-05 12:00:00,-1,36
1,2015,2,4,21,-15,-82.333,-96.627,1734.3,593.6,2015-02-04 21:00:00,2015-02-05 12:00:00,-1,36
1,2015,2,4,20,-16,-82.397,-97.833,1732.5,591,2015-02-04 20:00:00,2015-02-05 12:00:00,-1,36
1,2015,2,4,19,-17,-82.449,-99.039,1728.4,590.4,2015-02-04 19:00:00,2015-02-05 12:00:00,-1,36
1,2015,2,4,18,-18,-82.485,-100.253,1721.6,590.4,2015-02-04 18:00:00,2015-02-05 12:00:00,-1,36
1,2015,2,4,17,-19,-82.51,-101.472,1716,591.1,2015-02-04 17:00:00,2015-02-05 12:00:00,-1,36
1,2015,2,4,16,-20,-82.524,-102.687,1716.8,591.6,2015-02-04 16:00:00,2015-02-05 12:00:00,-1,36
1,2015,2,4,15,-21,-82.527,-103.892,1723.7,593.4,2015-02-04 15:00:00,2015-02-05 12:00:00,-1,36
1,2015,2,4,14,-22,-82.521,-105.082,1735.4,594.7,2015-02-04 14:00:00,2015-02-05 12:00:00,-1,36
1,2015,2,4,13,-23,-82.505,-106.254,1753.3,597,2015-02-04 13:00:00,2015-02-05 12:00:00,-1,36
1,2015,2,4,12,-24,-82.481,-107.402,1776.4,598.6,2015-02-04 12:00:00,2015-02-05 12:00:00,-1,36
1,2015,2,6,12,0,-80.3,-81.3,1500,737.9,2015-02-06 12:00:00,2015-02-06 12:00:00,24,37
1,2015,2,6,11,-1,-80.61,-81.625,1516,728.9,2015-02-06 11:00:00,2015-02-06 12:00:00,-1,37
1,2015,2,6,10,-2,-80.923,-82.04,1532.7,719,2015-02-06 10:00:00,2015-02-06 12:00:00,-1,37
1,2015,2,6,9,-3,-81.241,-82.562,1549.9,708.4,2015-02-06 09:00:00,2015-02-06 12:00:00,-1,37
1,2015,2,6,8,-4,-81.565,-83.215,1566.9,696.9,2015-02-06 08:00:00,2015-02-06 12:00:00,-1,37
1,2015,2,6,7,-5,-81.896,-84.027,1583.3,684.4,2015-02-06 07:00:00,2015-02-06 12:00:00,-1,37
1,2015,2,6,6,-6,-82.237,-85.022,1599,670.9,2015-02-06 06:00:00,2015-02-06 12:00:00,-1,37
1,2015,2,6,5,-7,-82.583,-86.185,1618.3,657.2,2015-02-06 05:00:00,2015-02-06 12:00:00,-1,37
1,2015,2,6,4,-8,-82.928,-87.445,1647.4,644.1,2015-02-06 04:00:00,2015-02-06 12:00:00,-1,37
1,2015,2,6,3,-9,-83.267,-88.763,1688.6,632.8,2015-02-06 03:00:00,2015-02-06 12:00:00,-1,37
1,2015,2,6,2,-10,-83.602,-90.151,1740.8,621.9,2015-02-06 02:00:00,2015-02-06 12:00:00,-1,37
1,2015,2,6,1,-11,-83.934,-91.627,1804.3,612.1,2015-02-06 01:00:00,2015-02-06 12:00:00,-1,37
1,2015,2,6,0,-12,-84.265,-93.209,1878,602.6,2015-02-06,2015-02-06 12:00:00,-1,37
1,2015,2,5,23,-13,-84.595,-94.959,1956.2,593.8,2015-02-05 23:00:00,2015-02-06 12:00:00,-1,37
1,2015,2,5,22,-14,-84.918,-96.937,2031.6,587.9,2015-02-05 22:00:00,2015-02-06 12:00:00,-1,37
1,2015,2,5,21,-15,-85.235,-99.135,2097.8,578,2015-02-05 21:00:00,2015-02-06 12:00:00,-1,37
1,2015,2,5,20,-16,-85.548,-101.532,2160.2,567.8,2015-02-05 20:00:00,2015-02-06 12:00:00,-1,37
1,2015,2,5,19,-17,-85.854,-104.166,2220.2,558.8,2015-02-05 19:00:00,2015-02-06 12:00:00,-1,37
1,2015,2,5,18,-18,-86.151,-107.027,2280.5,550.7,2015-02-05 18:00:00,2015-02-06 12:00:00,-1,37
1,2015,2,5,17,-19,-86.442,-110.232,2341.5,543.3,2015-02-05 17:00:00,2015-02-06 12:00:00,-1,37
1,2015,2,5,16,-20,-86.725,-113.989,2398.7,536.8,2015-02-05 16:00:00,2015-02-06 12:00:00,-1,37
1,2015,2,5,15,-21,-86.998,-118.434,2453.4,529.2,2015-02-05 15:00:00,2015-02-06 12:00:00,-1,37
1,2015,2,5,14,-22,-87.258,-123.81,2503,520.6,2015-02-05 14:00:00,2015-02-06 12:00:00,-1,37
1,2015,2,5,13,-23,-87.5,-130.291,2544.6,509,2015-02-05 13:00:00,2015-02-06 12:00:00,-1,37
1,2015,2,5,12,-24,-87.708,-138.229,2588.4,501.2,2015-02-05 12:00:00,2015-02-06 12:00:00,-1,37
1,2015,2,7,12,0,-80.3,-81.3,1500,735.5,2015-02-07 12:00:00,2015-02-07 12:00:00,24,38
1,2015,2,7,11,-1,-80.651,-81.733,1517,724.8,2015-02-07 11:00:00,2015-02-07 12:00:00,-1,38
1,2015,2,7,10,-2,-81.005,-82.164,1534,714.1,2015-02-07 10:00:00,2015-02-07 12:00:00,-1,38
1,2015,2,7,9,-3,-81.363,-82.629,1552.1,703.4,2015-02-07 09:00:00,2015-02-07 12:00:00,-1,38
1,2015,2,7,8,-4,-81.727,-83.169,1572.5,691.9,2015-02-07 08:00:00,2015-02-07 12:00:00,-1,38
1,2015,2,7,7,-5,-82.1,-83.835,1596.9,679.4,2015-02-07 07:00:00,2015-02-07 12:00:00,-1,38
1,2015,2,7,6,-6,-82.487,-84.692,1626.8,665.1,2015-02-07 06:00:00,2015-02-07 12:00:00,-1,38
1,2015,2,7,5,-7,-82.88,-85.703,1664,652.1,2015-02-07 05:00:00,2015-02-07 12:00:00,-1,38
1,2015,2,7,4,-8,-83.271,-86.8,1704.7,640.4,2015-02-07 04:00:00,2015-02-07 12:00:00,-1,38
1,2015,2,7,3,-9,-83.661,-88.036,1748.8,629.5,2015-02-07 03:00:00,2015-02-07 12:00:00,-1,38
1,2015,2,7,2,-10,-84.048,-89.473,1795.4,619.5,2015-02-07 02:00:00,2015-02-07 12:00:00,-1,38
1,2015,2,7,1,-11,-84.431,-91.172,1843.8,611,2015-02-07 01:00:00,2015-02-07 12:00:00,-1,38
1,2015,2,7,0,-12,-84.809,-93.179,1893.4,604.3,2015-02-07,2015-02-07 12:00:00,-1,38
1,2015,2,6,23,-13,-85.179,-95.506,1937.1,595.1,2015-02-06 23:00:00,2015-02-07 12:00:00,-1,38
1,2015,2,6,22,-14,-85.54,-98.08,1974.4,583.9,2015-02-06 22:00:00,2015-02-07 12:00:00,-1,38
1,2015,2,6,21,-15,-85.887,-101.009,2007.9,575.6,2015-02-06 21:00:00,2015-02-07 12:00:00,-1,38
1,2015,2,6,20,-16,-86.215,-104.411,2038.6,568.7,2015-02-06 20:00:00,2015-02-07 12:00:00,-1,38
1,2015,2,6,19,-17,-86.517,-108.425,2066.2,563.7,2015-02-06 19:00:00,2015-02-07 12:00:00,-1,38
1,2015,2,6,18,-18,-86.785,-113.155,2088.9,559.7,2015-02-06 18:00:00,2015-02-07 12:00:00,-1,38
1,2015,2,6,17,-19,-87.017,-118.639,2110,555.4,2015-02-06 17:00:00,2015-02-07 12:00:00,-1,38
1,2015,2,6,16,-20,-87.212,-124.864,2135.4,549.7,2015-02-06 16:00:00,2015-02-07 12:00:00,-1,38
1,2015,2,6,15,-21,-87.364,-131.833,2165.6,543.2,2015-02-06 15:00:00,2015-02-07 12:00:00,-1,38
1,2015,2,6,14,-22,-87.462,-139.4,2200.8,534.9,2015-02-06 14:00:00,2015-02-07 12:00:00,-1,38
1,2015,2,6,13,-23,-87.497,-147.328,2240.7,527.3,2015-02-06 13:00:00,2015-02-07 12:00:00,-1,38
1,2015,2,6,12,-24,-87.463,-155.275,2284.5,521.5,2015-02-06 12:00:00,2015-02-07 12:00:00,-1,38
1,2015,2,8,12,0,-80.3,-81.3,1500,735.7,2015-02-08 12:00:00,2015-02-08 12:00:00,24,39
1,2015,2,8,11,-1,-80.514,-81.246,1504.1,732.9,2015-02-08 11:00:00,2015-02-08 12:00:00,-1,39
1,2015,2,8,10,-2,-80.717,-81.151,1507.7,730.7,2015-02-08 10:00:00,2015-02-08 12:00:00,-1,39
1,2015,2,8,9,-3,-80.911,-81.004,1510.5,729.1,2015-02-08 09:00:00,2015-02-08 12:00:00,-1,39
1,2015,2,8,8,-4,-81.094,-80.797,1512.1,728.3,2015-02-08 08:00:00,2015-02-08 12:00:00,-1,39
1,2015,2,8,7,-5,-81.269,-80.518,1512.6,728.3,2015-02-08 07:00:00,2015-02-08 12:00:00,-1,39
1,2015,2,8,6,-6,-81.435,-80.153,1511.6,729.3,2015-02-08 06:00:00,2015-02-08 12:00:00,-1,39
1,2015,2,8,5,-7,-81.598,-79.703,1511,730.8,2015-02-08 05:00:00,2015-02-08 12:00:00,-1,39
1,2015,2,8,4,-8,-81.763,-79.178,1514.2,732,2015-02-08 04:00:00,2015-02-08 12:00:00,-1,39
1,2015,2,8,3,-9,-81.93,-78.576,1521.1,733.2,2015-02-08 03:00:00,2015-02-08 12:00:00,-1,39
1,2015,2,8,2,-10,-82.098,-77.897,1531.7,734.5,2015-02-08 02:00:00,2015-02-08 12:00:00,-1,39
1,2015,2,8,1,-11,-82.267,-77.141,1545.8,735.6,2015-02-08 01:00:00,2015-02-08 12:00:00,-1,39
1,2015,2,8,0,-12,-82.434,-76.312,1563.3,736.4,2015-02-08,2015-02-08 12:00:00,-1,39
1,2015,2,7,23,-13,-82.596,-75.427,1581.9,736.7,2015-02-07 23:00:00,2015-02-08 12:00:00,-1,39
1,2015,2,7,22,-14,-82.75,-74.49,1598.8,736.4,2015-02-07 22:00:00,2015-02-08 12:00:00,-1,39
1,2015,2,7,21,-15,-82.893,-73.481,1614.5,736.1,2015-02-07 21:00:00,2015-02-08 12:00:00,-1,39
1,2015,2,7,20,-16,-83.024,-72.375,1628.9,736.2,2015-02-07 20:00:00,2015-02-08 12:00:00,-1,39
1,2015,2,7,19,-17,-83.14,-71.156,1640.7,735.6,2015-02-07 19:00:00,2015-02-08 12:00:00,-1,39
1,2015,2,7,18,-18,-83.24,-69.809,1650.4,735.6,2015-02-07 18:00:00,2015-02-08 12:00:00,-1,39
1,2015,2,7,17,-19,-83.323,-68.337,1657.2,735.1,2015-02-07 17:00:00,2015-02-08 12:00:00,-1,39
1,2015,2,7,16,-20,-83.39,-66.753,1662,734.7,2015-02-07 16:00:00,2015-02-08 12:00:00,-1,39
1,2015,2,7,15,-21,-83.44,-65.067,1665,733.9,2015-02-07 15:00:00,2015-02-08 12:00:00,-1,39
1,2015,2,7,14,-22,-83.469,-63.293,1667.1,732.4,2015-02-07 14:00:00,2015-02-08 12:00:00,-1,39
1,2015,2,7,13,-23,-83.477,-61.452,1668.4,730.9,2015-02-07 13:00:00,2015-02-08 12:00:00,-1,39
1,2015,2,7,12,-24,-83.462,-59.57,1669.4,729.2,2015-02-07 12:00:00,2015-02-08 12:00:00,-1,39
1,2015,2,9,12,0,-80.3,-81.3,1500,733.8,2015-02-09 12:00:00,2015-02-09 12:00:00,24,40
1,2015,2,9,11,-1,-80.431,-81.038,1494.3,735.7,2015-02-09 11:00:00,2015-02-09 12:00:00,-1,40
1,2015,2,9,10,-2,-80.55,-80.749,1490.8,737.7,2015-02-09 10:00:00,2015-02-09 12:00:00,-1,40
1,2015,2,9,9,-3,-80.657,-80.437,1489.2,739.8,2015-02-09 09:00:00,2015-02-09 12:00:00,-1,40
1,2015,2,9,8,-4,-80.752,-80.107,1489.5,742.1,2015-02-09 08:00:00,2015-02-09 12:00:00,-1,40
1,2015,2,9,7,-5,-80.838,-79.762,1491.3,744.1,2015-02-09 07:00:00,2015-02-09 12:00:00,-1,40
1,2015,2,9,6,-6,-80.913,-79.408,1494.5,746,2015-02-09 06:00:00,2015-02-09 12:00:00,-1,40
1,2015,2,9,5,-7,-80.992,-79.048,1499.5,747.6,2015-02-09 05:00:00,2015-02-09 12:00:00,-1,40
1,2015,2,9,4,-8,-81.086,-78.68,1505.1,748.8,2015-02-09 04:00:00,2015-02-09 12:00:00,-1,40
1,2015,2,9,3,-9,-81.193,-78.301,1512.2,749.6,2015-02-09 03:00:00,2015-02-09 12:00:00,-1,40
1,2015,2,9,2,-10,-81.313,-77.908,1520.8,750.1,2015-02-09 02:00:00,2015-02-09 12:00:00,-1,40
1,2015,2,9,1,-11,-81.446,-77.497,1531.5,750.2,2015-02-09 01:00:00,2015-02-09 12:00:00,-1,40
1,2015,2,9,0,-12,-81.591,-77.066,1544.3,749.4,2015-02-09,2015-02-09 12:00:00,-1,40
1,2015,2,8,23,-13,-81.737,-76.571,1559.6,748.7,2015-02-08 23:00:00,2015-02-09 12:00:00,-1,40
1,2015,2,8,22,-14,-81.872,-75.97,1575.6,748.9,2015-02-08 22:00:00,2015-02-09 12:00:00,-1,40
1,2015,2,8,21,-15,-81.996,-75.254,1592.8,749.7,2015-02-08 21:00:00,2015-02-09 12:00:00,-1,40
1,2015,2,8,20,-16,-82.11,-74.414,1610.7,750.7,2015-02-08 20:00:00,2015-02-09 12:00:00,-1,40
1,2015,2,8,19,-17,-82.212,-73.439,1629.5,752.1,2015-02-08 19:00:00,2015-02-09 12:00:00,-1,40
1,2015,2,8,18,-18,-82.303,-72.317,1649.3,754.2,2015-02-08 18:00:00,2015-02-09 12:00:00,-1,40
1,2015,2,8,17,-19,-82.391,-71.113,1667.6,755.1,2015-02-08 17:00:00,2015-02-09 12:00:00,-1,40
1,2015,2,8,16,-20,-82.485,-69.894,1683.8,755.9,2015-02-08 16:00:00,2015-02-09 12:00:00,-1,40
1,2015,2,8,15,-21,-82.583,-68.657,1697.6,754.9,2015-02-08 15:00:00,2015-02-09 12:00:00,-1,40
1,2015,2,8,14,-22,-82.683,-67.403,1709.8,753.3,2015-02-08 14:00:00,2015-02-09 12:00:00,-1,40
1,2015,2,8,13,-23,-82.785,-66.132,1719.6,749.8,2015-02-08 13:00:00,2015-02-09 12:00:00,-1,40
1,2015,2,8,12,-24,-82.887,-64.844,1728.7,746.2,2015-02-08 12:00:00,2015-02-09 12:00:00,-1,40
1,2015,2,10,12,0,-80.3,-81.3,1500,732.9,2015-02-10 12:00:00,2015-02-10 12:00:00,24,41
1,2015,2,10,11,-1,-80.494,-80.976,1495.4,734.3,2015-02-10 11:00:00,2015-02-10 12:00:00,-1,41
1,2015,2,10,10,-2,-80.675,-80.585,1494.4,736.1,2015-02-10 10:00:00,2015-02-10 12:00:00,-1,41
1,2015,2,10,9,-3,-80.842,-80.132,1497,738.2,2015-02-10 09:00:00,2015-02-10 12:00:00,-1,41
1,2015,2,10,8,-4,-80.998,-79.624,1502.7,740.1,2015-02-10 08:00:00,2015-02-10 12:00:00,-1,41
1,2015,2,10,7,-5,-81.142,-79.07,1511.7,741.9,2015-02-10 07:00:00,2015-02-10 12:00:00,-1,41
1,2015,2,10,6,-6,-81.276,-78.479,1524.2,743.6,2015-02-10 06:00:00,2015-02-10 12:00:00,-1,41
1,2015,2,10,5,-7,-81.402,-77.852,1536.5,745.5,2015-02-10 05:00:00,2015-02-10 12:00:00,-1,41
1,2015,2,10,4,-8,-81.524,-77.187,1543.5,748.3,2015-02-10 04:00:00,2015-02-10 12:00:00,-1,41
1,2015,2,10,3,-9,-81.642,-76.473,1545.5,751.6,2015-02-10 03:00:00,2015-02-10 12:00:00,-1,41
1,2015,2,10,2,-10,-81.755,-75.702,1542.8,755.9,2015-02-10 02:00:00,2015-02-10 12:00:00,-1,41
1,2015,2,10,1,-11,-81.863,-74.867,1535.4,760.8,2015-02-10 01:00:00,2015-02-10 12:00:00,-1,41
1,2015,2,10,0,-12,-81.967,-73.959,1522.6,765.6,2015-02-10,2015-02-10 12:00:00,-1,41
1,2015,2,9,23,-13,-82.061,-73.007,1507.4,770.6,2015-02-09 23:00:00,2015-02-10 12:00:00,-1,41
1,2015,2,9,22,-14,-82.14,-72.047,1491,774.9,2015-02-09 22:00:00,2015-02-10 12:00:00,-1,41
1,2015,2,9,21,-15,-82.205,-71.092,1473.4,778.7,2015-02-09 21:00:00,2015-02-10 12:00:00,-1,41
1,2015,2,9,20,-16,-82.255,-70.15,1454.8,782.6,2015-02-09 20:00:00,2015-02-10 12:00:00,-1,41
1,2015,2,9,19,-17,-82.288,-69.223,1434.9,786,2015-02-09 19:00:00,2015-02-10 12:00:00,-1,41
1,2015,2,9,18,-18,-82.304,-68.314,1414.1,789.8,2015-02-09 18:00:00,2015-02-10 12:00:00,-1,41
1,2015,2,9,17,-19,-82.312,-67.387,1393.7,794.3,2015-02-09 17:00:00,2015-02-10 12:00:00,-1,41
1,2015,2,9,16,-20,-82.322,-66.397,1374.7,797.2,2015-02-09 16:00:00,2015-02-10 12:00:00,-1,41
1,2015,2,9,15,-21,-82.333,-65.331,1358.3,799.7,2015-02-09 15:00:00,2015-02-10 12:00:00,-1,41
1,2015,2,9,14,-22,-82.343,-64.18,1344.2,800.9,2015-02-09 14:00:00,2015-02-10 12:00:00,-1,41
1,2015,2,9,13,-23,-82.35,-62.939,1332.7,801.6,2015-02-09 13:00:00,2015-02-10 12:00:00,-1,41
1,2015,2,9,12,-24,-82.351,-61.601,1323.6,801.3,2015-02-09 12:00:00,2015-02-10 12:00:00,-1,41
1,2015,2,11,12,0,-80.3,-81.3,1500,729.5,2015-02-11 12:00:00,2015-02-11 12:00:00,24,42
1,2015,2,11,11,-1,-80.467,-81.283,1511.8,726.2,2015-02-11 11:00:00,2015-02-11 12:00:00,-1,42
1,2015,2,11,10,-2,-80.622,-81.244,1522.7,723.4,2015-02-11 10:00:00,2015-02-11 12:00:00,-1,42
1,2015,2,11,9,-3,-80.766,-81.192,1533.2,720.9,2015-02-11 09:00:00,2015-02-11 12:00:00,-1,42
1,2015,2,11,8,-4,-80.899,-81.135,1543.4,718.6,2015-02-11 08:00:00,2015-02-11 12:00:00,-1,42
1,2015,2,11,7,-5,-81.023,-81.08,1553.8,716.4,2015-02-11 07:00:00,2015-02-11 12:00:00,-1,42
1,2015,2,11,6,-6,-81.138,-81.033,1564.5,714.2,2015-02-11 06:00:00,2015-02-11 12:00:00,-1,42
1,2015,2,11,5,-7,-81.249,-80.98,1574.1,712.3,2015-02-11 05:00:00,2015-02-11 12:00:00,-1,42
1,2015,2,11,4,-8,-81.364,-80.902,1579.7,711.1,2015-02-11 04:00:00,2015-02-11 12:00:00,-1,42
1,2015,2,11,3,-9,-81.482,-80.798,1582.2,710.4,2015-02-11 03:00:00,2015-02-11 12:00:00,-1,42
1,2015,2,11,2,-10,-81.605,-80.667,1581.6,710.1,2015-02-11 02:00:00,2015-02-11 12:00:00,-1,42
1,2015,2,11,1,-11,-81.732,-80.506,1578.4,710.3,2015-02-11 01:00:00,2015-02-11 12:00:00,-1,42
1,2015,2,11,0,-12,-81.865,-80.313,1572.8,710.8,2015-02-11,2015-02-11 12:00:00,-1,42
1,2015,2,10,23,-13,-81.997,-80.07,1567.6,711.7,2015-02-10 23:00:00,2015-02-11 12:00:00,-1,42
1,2015,2,10,22,-14,-82.122,-79.762,1566.2,712.4,2015-02-10 22:00:00,2015-02-11 12:00:00,-1,42
1,2015,2,10,21,-15,-82.24,-79.392,1568.6,713.2,2015-02-10 21:00:00,2015-02-11 12:00:00,-1,42
1,2015,2,10,20,-16,-82.353,-78.963,1575,714.1,2015-02-10 20:00:00,2015-02-11 12:00:00,-1,42
1,2015,2,10,19,-17,-82.459,-78.479,1585.6,715,2015-02-10 19:00:00,2015-02-11 12:00:00,-1,42
1,2015,2,10,18,-18,-82.56,-77.937,1600.6,715.8,2015-02-10 18:00:00,2015-02-11 12:00:00,-1,42
1,2015,2,10,17,-19,-82.661,-77.322,1616.4,716.6,2015-02-10 17:00:00,2015-02-11 12:00:00,-1,42
1,2015,2,10,16,-20,-82.766,-76.616,1629.3,718.1,2015-02-10 16:00:00,2015-02-11 12:00:00,-1,42
1,2015,2,10,15,-21,-82.876,-75.811,1640,720,2015-02-10 15:00:00,2015-02-11 12:00:00,-1,42
1,2015,2,10,14,-22,-82.989,-74.897,1649,722.4,2015-02-10 14:00:00,2015-02-11 12:00:00,-1,42
1,2015,2,10,13,-23,-83.107,-73.858,1655.6,724.2,2015-02-10 13:00:00,2015-02-11 12:00:00,-1,42
1,2015,2,10,12,-24,-83.226,-72.677,1660.9,726.5,2015-02-10 12:00:00,2015-02-11 12:00:00,-1,42
1,2015,2,12,12,0,-80.3,-81.3,1500,731.1,2015-02-12 12:00:00,2015-02-12 12:00:00,24,43
1,2015,2,12,11,-1,-80.358,-81.722,1500.4,725.5,2015-02-12 11:00:00,2015-02-12 12:00:00,-1,43
1,2015,2,12,10,-2,-80.414,-82.056,1504.3,720.5,2015-02-12 10:00:00,2015-02-12 12:00:00,-1,43
1,2015,2,12,9,-3,-80.469,-82.296,1512.2,716.1,2015-02-12 09:00:00,2015-02-12 12:00:00,-1,43
1,2015,2,12,8,-4,-80.524,-82.442,1524.4,712.4,2015-02-12 08:00:00,2015-02-12 12:00:00,-1,43
1,2015,2,12,7,-5,-80.579,-82.491,1541,709.4,2015-02-12 07:00:00,2015-02-12 12:00:00,-1,43
1,2015,2,12,6,-6,-80.635,-82.44,1562.3,707,2015-02-12 06:00:00,2015-02-12 12:00:00,-1,43
1,2015,2,12,5,-7,-80.696,-82.345,1583.5,704.9,2015-02-12 05:00:00,2015-02-12 12:00:00,-1,43
1,2015,2,12,4,-8,-80.767,-82.258,1597.9,703.5,2015-02-12 04:00:00,2015-02-12 12:00:00,-1,43
1,2015,2,12,3,-9,-80.848,-82.181,1606.3,702.5,2015-02-12 03:00:00,2015-02-12 12:00:00,-1,43
1,2015,2,12,2,-10,-80.937,-82.112,1608.6,701.8,2015-02-12 02:00:00,2015-02-12 12:00:00,-1,43
1,2015,2,12,1,-11,-81.035,-82.054,1605.1,701.5,2015-02-12 01:00:00,2015-02-12 12:00:00,-1,43
1,2015,2,12,0,-12,-81.141,-82.008,1595.8,701.4,2015-02-12,2015-02-12 12:00:00,-1,43
1,2015,2,11,23,-13,-81.241,-81.933,1585.6,702.3,2015-02-11 23:00:00,2015-02-12 12:00:00,-1,43
1,2015,2,11,22,-14,-81.323,-81.79,1579.8,703.2,2015-02-11 22:00:00,2015-02-12 12:00:00,-1,43
1,2015,2,11,21,-15,-81.387,-81.575,1578.2,704.6,2015-02-11 21:00:00,2015-02-12 12:00:00,-1,43
1,2015,2,11,20,-16,-81.433,-81.29,1580.3,706.6,2015-02-11 20:00:00,2015-02-12 12:00:00,-1,43
1,2015,2,11,19,-17,-81.463,-80.933,1586,709.1,2015-02-11 19:00:00,2015-02-12 12:00:00,-1,43
1,2015,2,11,18,-18,-81.477,-80.509,1595.1,712.1,2015-02-11 18:00:00,2015-02-12 12:00:00,-1,43
1,2015,2,11,17,-19,-81.494,-80.057,1604.7,714.9,2015-02-11 17:00:00,2015-02-12 12:00:00,-1,43
1,2015,2,11,16,-20,-81.531,-79.613,1612.6,717.3,2015-02-11 16:00:00,2015-02-12 12:00:00,-1,43
1,2015,2,11,15,-21,-81.586,-79.169,1619,719.5,2015-02-11 15:00:00,2015-02-12 12:00:00,-1,43
1,2015,2,11,14,-22,-81.659,-78.719,1623.8,721.6,2015-02-11 14:00:00,2015-02-12 12:00:00,-1,43
1,2015,2,11,13,-23,-81.749,-78.252,1627.1,723.7,2015-02-11 13:00:00,2015-02-12 12:00:00,-1,43
1,2015,2,11,12,-24,-81.856,-77.757,1628.8,725.7,2015-02-11 12:00:00,2015-02-12 12:00:00,-1,43
1,2015,2,13,12,0,-80.3,-81.3,1500,736.8,2015-02-13 12:00:00,2015-02-13 12:00:00,24,44
1,2015,2,13,11,-1,-80.379,-81.893,1510,727.7,2015-02-13 11:00:00,2015-02-13 12:00:00,-1,44
1,2015,2,13,10,-2,-80.431,-82.49,1519.6,719,2015-02-13 10:00:00,2015-02-13 12:00:00,-1,44
1,2015,2,13,9,-3,-80.455,-83.084,1528.9,710.8,2015-02-13 09:00:00,2015-02-13 12:00:00,-1,44
1,2015,2,13,8,-4,-80.456,-83.673,1538.5,703,2015-02-13 08:00:00,2015-02-13 12:00:00,-1,44
1,2015,2,13,7,-5,-80.433,-84.254,1548.5,695.6,2015-02-13 07:00:00,2015-02-13 12:00:00,-1,44
1,2015,2,13,6,-6,-80.39,-84.826,1559.4,688.5,2015-02-13 06:00:00,2015-02-13 12:00:00,-1,44
1,2015,2,13,5,-7,-80.336,-85.42,1569.2,681.3,2015-02-13 05:00:00,2015-02-13 12:00:00,-1,44
1,2015,2,13,4,-8,-80.282,-86.064,1574.6,673.9,2015-02-13 04:00:00,2015-02-13 12:00:00,-1,44
1,2015,2,13,3,-9,-80.225,-86.76,1575.7,666.1,2015-02-13 03:00:00,2015-02-13 12:00:00,-1,44
1,2015,2,13,2,-10,-80.166,-87.51,1572.4,657.9,2015-02-13 02:00:00,2015-02-13 12:00:00,-1,44
1,2015,2,13,1,-11,-80.104,-88.314,1565.4,650.7,2015-02-13 01:00:00,2015-02-13 12:00:00,-1,44
1,2015,2,13,0,-12,-80.038,-89.163,1553.4,643.6,2015-02-13,2015-02-13 12:00:00,-1,44
1,2015,2,12,23,-13,-79.965,-89.985,1538.5,637.7,2015-02-12 23:00:00,2015-02-13 12:00:00,-1,44
1,2015,2,12,22,-14,-79.881,-90.703,1522.5,634.7,2015-02-12 22:00:00,2015-02-13 12:00:00,-1,44
1,2015,2,12,21,-15,-79.789,-91.316,1504.1,633.1,2015-02-12 21:00:00,2015-02-13 12:00:00,-1,44
1,2015,2,12,20,-16,-79.689,-91.826,1483.4,632.6,2015-02-12 20:00:00,2015-02-13 12:00:00,-1,44
1,2015,2,12,19,-17,-79.58,-92.234,1460.6,633.3,2015-02-12 19:00:00,2015-02-13 12:00:00,-1,44
1,2015,2,12,18,-18,-79.464,-92.543,1435.8,635.1,2015-02-12 18:00:00,2015-02-13 12:00:00,-1,44
1,2015,2,12,17,-19,-79.347,-92.818,1411.6,637.8,2015-02-12 17:00:00,2015-02-13 12:00:00,-1,44
1,2015,2,12,16,-20,-79.236,-93.122,1390.8,639.9,2015-02-12 16:00:00,2015-02-13 12:00:00,-1,44
1,2015,2,12,15,-21,-79.13,-93.453,1373.1,641.6,2015-02-12 15:00:00,2015-02-13 12:00:00,-1,44
1,2015,2,12,14,-22,-79.028,-93.805,1358.3,643,2015-02-12 14:00:00,2015-02-13 12:00:00,-1,44
1,2015,2,12,13,-23,-78.931,-94.176,1346.5,644,2015-02-12 13:00:00,2015-02-13 12:00:00,-1,44
1,2015,2,12,12,-24,-78.839,-94.562,1337.7,644.8,2015-02-12 12:00:00,2015-02-13 12:00:00,-1,44
1,2015,2,14,12,0,-80.3,-81.3,1500,739.3,2015-02-14 12:00:00,2015-02-14 12:00:00,24,45
1,2015,2,14,11,-1,-80.33,-81.395,1521.1,735.7,2015-02-14 11:00:00,2015-02-14 12:00:00,-1,45
1,2015,2,14,10,-2,-80.356,-81.502,1541.9,732.1,2015-02-14 10:00:00,2015-02-14 12:00:00,-1,45
1,2015,2,14,9,-3,-80.377,-81.617,1562.5,728.6,2015-02-14 09:00:00,2015-02-14 12:00:00,-1,45
1,2015,2,14,8,-4,-80.394,-81.74,1582.9,725.1,2015-02-14 08:00:00,2015-02-14 12:00:00,-1,45
1,2015,2,14,7,-5,-80.406,-81.868,1603,721.6,2015-02-14 07:00:00,2015-02-14 12:00:00,-1,45
1,2015,2,14,6,-6,-80.414,-81.998,1623,718.3,2015-02-14 06:00:00,2015-02-14 12:00:00,-1,45
1,2015,2,14,5,-7,-80.418,-82.15,1640.2,714.6,2015-02-14 05:00:00,2015-02-14 12:00:00,-1,45
1,2015,2,14,4,-8,-80.418,-82.348,1652.9,711.2,2015-02-14 04:00:00,2015-02-14 12:00:00,-1,45
1,2015,2,14,3,-9,-80.413,-82.589,1660.6,707.7,2015-02-14 03:00:00,2015-02-14 12:00:00,-1,45
1,2015,2,14,2,-10,-80.403,-82.875,1663.4,704.3,2015-02-14 02:00:00,2015-02-14 12:00:00,-1,45
1,2015,2,14,1,-11,-80.388,-83.207,1661.2,701,2015-02-14 01:00:00,2015-02-14 12:00:00,-1,45
1,2015,2,14,0,-12,-80.368,-83.585,1653.9,697.8,2015-02-14,2015-02-14 12:00:00,-1,45
1,2015,2,13,23,-13,-80.34,-83.988,1644.9,694.6,2015-02-13 23:00:00,2015-02-14 12:00:00,-1,45
1,2015,2,13,22,-14,-80.306,-84.392,1640,690.7,2015-02-13 22:00:00,2015-02-14 12:00:00,-1,45
1,2015,2,13,21,-15,-80.264,-84.796,1638.8,686.5,2015-02-13 21:00:00,2015-02-14 12:00:00,-1,45
1,2015,2,13,20,-16,-80.217,-85.196,1641.6,681.9,2015-02-13 20:00:00,2015-02-14 12:00:00,-1,45
1,2015,2,13,19,-17,-80.163,-85.591,1648.6,677.1,2015-02-13 19:00:00,2015-02-14 12:00:00,-1,45
1,2015,2,13,18,-18,-80.104,-85.982,1660.1,671.9,2015-02-13 18:00:00,2015-02-14 12:00:00,-1,45
1,2015,2,13,17,-19,-80.046,-86.393,1672.7,666.3,2015-02-13 17:00:00,2015-02-14 12:00:00,-1,45
1,2015,2,13,16,-20,-79.995,-86.858,1683.9,660.4,2015-02-13 16:00:00,2015-02-14 12:00:00,-1,45
1,2015,2,13,15,-21,-79.951,-87.382,1693.1,653.9,2015-02-13 15:00:00,2015-02-14 12:00:00,-1,45
1,2015,2,13,14,-22,-79.91,-87.971,1700.5,647.7,2015-02-13 14:00:00,2015-02-14 12:00:00,-1,45
1,2015,2,13,13,-23,-79.874,-88.63,1705.8,641.3,2015-02-13 13:00:00,2015-02-14 12:00:00,-1,45
1,2015,2,13,12,-24,-79.839,-89.366,1709.1,634.4,2015-02-13 12:00:00,2015-02-14 12:00:00,-1,45
1,2015,2,15,12,0,-80.3,-81.3,1500,737.4,2015-02-15 12:00:00,2015-02-15 12:00:00,24,46
1,2015,2,15,11,-1,-80.488,-81.8,1523.1,727.3,2015-02-15 11:00:00,2015-02-15 12:00:00,-1,46
1,2015,2,15,10,-2,-80.659,-82.421,1549.5,715.7,2015-02-15 10:00:00,2015-02-15 12:00:00,-1,46
1,2015,2,15,9,-3,-80.812,-83.154,1579.7,703.3,2015-02-15 09:00:00,2015-02-15 12:00:00,-1,46
1,2015,2,15,8,-4,-80.944,-83.987,1614.1,690,2015-02-15 08:00:00,2015-02-15 12:00:00,-1,46
1,2015,2,15,7,-5,-81.056,-84.902,1653.2,676,2015-02-15 07:00:00,2015-02-15 12:00:00,-1,46
1,2015,2,15,6,-6,-81.147,-85.872,1697.5,661.6,2015-02-15 06:00:00,2015-02-15 12:00:00,-1,46
1,2015,2,15,5,-7,-81.216,-86.86,1740.9,647.4,2015-02-15 05:00:00,2015-02-15 12:00:00,-1,46
1,2015,2,15,4,-8,-81.266,-87.854,1776.1,635,2015-02-15 04:00:00,2015-02-15 12:00:00,-1,46
1,2015,2,15,3,-9,-81.296,-88.858,1803.3,624.2,2015-02-15 03:00:00,2015-02-15 12:00:00,-1,46
1,2015,2,15,2,-10,-81.305,-89.872,1820.4,614.7,2015-02-15 02:00:00,2015-02-15 12:00:00,-1,46
1,2015,2,15,1,-11,-81.294,-90.894,1827.8,607.4,2015-02-15 01:00:00,2015-02-15 12:00:00,-1,46
1,2015,2,15,0,-12,-81.263,-91.918,1824.5,601,2015-02-15,2015-02-15 12:00:00,-1,46
1,2015,2,14,23,-13,-81.209,-92.872,1817.1,596.5,2015-02-14 23:00:00,2015-02-15 12:00:00,-1,46
1,2015,2,14,22,-14,-81.133,-93.686,1813.3,593.1,2015-02-14 22:00:00,2015-02-15 12:00:00,-1,46
1,2015,2,14,21,-15,-81.039,-94.351,1811.8,590.3,2015-02-14 21:00:00,2015-02-15 12:00:00,-1,46
1,2015,2,14,20,-16,-80.929,-94.861,1813,587.9,2015-02-14 20:00:00,2015-02-15 12:00:00,-1,46
1,2015,2,14,19,-17,-80.806,-95.214,1817.5,586.5,2015-02-14 19:00:00,2015-02-15 12:00:00,-1,46
1,2015,2,14,18,-18,-80.672,-95.406,1825.1,585.5,2015-02-14 18:00:00,2015-02-15 12:00:00,-1,46
1,2015,2,14,17,-19,-80.531,-95.507,1830.3,584.3,2015-02-14 17:00:00,2015-02-15 12:00:00,-1,46
1,2015,2,14,16,-20,-80.386,-95.577,1828.4,584.2,2015-02-14 16:00:00,2015-02-15 12:00:00,-1,46
1,2015,2,14,15,-21,-80.237,-95.6,1819.1,584.9,2015-02-14 15:00:00,2015-02-15 12:00:00,-1,46
1,2015,2,14,14,-22,-80.086,-95.566,1802.4,586.4,2015-02-14 14:00:00,2015-02-15 12:00:00,-1,46
1,2015,2,14,13,-23,-79.933,-95.474,1780,589.8,2015-02-14 13:00:00,2015-02-15 12:00:00,-1,46
1,2015,2,14,12,-24,-79.777,-95.347,1753.2,595.2,2015-02-14 12:00:00,2015-02-15 12:00:00,-1,46
1,2015,2,16,12,0,-80.3,-81.3,1500,738,2015-02-16 12:00:00,2015-02-16 12:00:00,24,47
1,2015,2,16,11,-1,-80.561,-81.632,1524.1,728.5,2015-02-16 11:00:00,2015-02-16 12:00:00,-1,47
1,2015,2,16,10,-2,-80.805,-82.044,1550.5,718.2,2015-02-16 10:00:00,2015-02-16 12:00:00,-1,47
1,2015,2,16,9,-3,-81.034,-82.541,1579.4,707.4,2015-02-16 09:00:00,2015-02-16 12:00:00,-1,47
1,2015,2,16,8,-4,-81.249,-83.132,1610.7,695.9,2015-02-16 08:00:00,2015-02-16 12:00:00,-1,47
1,2015,2,16,7,-5,-81.45,-83.823,1644.9,683.7,2015-02-16 07:00:00,2015-02-16 12:00:00,-1,47
1,2015,2,16,6,-6,-81.64,-84.627,1682.4,670.5,2015-02-16 06:00:00,2015-02-16 12:00:00,-1,47
1,2015,2,16,5,-7,-81.822,-85.544,1722.9,656.7,2015-02-16 05:00:00,2015-02-16 12:00:00,-1,47
1,2015,2,16,4,-8,-81.994,-86.582,1764.9,642.4,2015-02-16 04:00:00,2015-02-16 12:00:00,-1,47
1,2015,2,16,3,-9,-82.156,-87.765,1808.1,627.7,2015-02-16 03:00:00,2015-02-16 12:00:00,-1,47
1,2015,2,16,2,-10,-82.306,-89.111,1852.3,613.8,2015-02-16 02:00:00,2015-02-16 12:00:00,-1,47
1,2015,2,16,1,-11,-82.441,-90.631,1895.7,600.1,2015-02-16 01:00:00,2015-02-16 12:00:00,-1,47
1,2015,2,16,0,-12,-82.558,-92.327,1937.7,586.9,2015-02-16,2015-02-16 12:00:00,-1,47
1,2015,2,15,23,-13,-82.644,-94.154,1980.5,576.9,2015-02-15 23:00:00,2015-02-16 12:00:00,-1,47
1,2015,2,15,22,-14,-82.687,-96.052,2024.2,568,2015-02-15 22:00:00,2015-02-16 12:00:00,-1,47
1,2015,2,15,21,-15,-82.685,-97.991,2068.6,560.1,2015-02-15 21:00:00,2015-02-16 12:00:00,-1,47
1,2015,2,15,20,-16,-82.639,-99.93,2113.4,553.6,2015-02-15 20:00:00,2015-02-16 12:00:00,-1,47
1,2015,2,15,19,-17,-82.545,-101.815,2159,549,2015-02-15 19:00:00,2015-02-16 12:00:00,-1,47
1,2015,2,15,18,-18,-82.406,-103.583,2206.8,546.6,2015-02-15 18:00:00,2015-02-16 12:00:00,-1,47
1,2015,2,15,17,-19,-82.234,-105.188,2252.3,546.5,2015-02-15 17:00:00,2015-02-16 12:00:00,-1,47
1,2015,2,15,16,-20,-82.04,-106.618,2290.4,548.5,2015-02-15 16:00:00,2015-02-16 12:00:00,-1,47
1,2015,2,15,15,-21,-81.826,-107.864,2321.1,550.9,2015-02-15 15:00:00,2015-02-16 12:00:00,-1,47
1,2015,2,15,14,-22,-81.597,-108.932,2345.8,553.8,2015-02-15 14:00:00,2015-02-16 12:00:00,-1,47
1,2015,2,15,13,-23,-81.354,-109.835,2363.9,556.5,2015-02-15 13:00:00,2015-02-16 12:00:00,-1,47
1,2015,2,15,12,-24,-81.101,-110.588,2376.2,559.2,2015-02-15 12:00:00,2015-02-16 12:00:00,-1,47
1,2015,2,17,12,0,-80.3,-81.3,1500,739.8,2015-02-17 12:00:00,2015-02-17 12:00:00,24,48
1,2015,2,17,11,-1,-80.58,-80.965,1540.1,735,2015-02-17 11:00:00,2015-02-17 12:00:00,-1,48
1,2015,2,17,10,-2,-80.85,-80.77,1574.9,729.5,2015-02-17 10:00:00,2015-02-17 12:00:00,-1,48
1,2015,2,17,9,-3,-81.11,-80.72,1605,723.1,2015-02-17 09:00:00,2015-02-17 12:00:00,-1,48
1,2015,2,17,8,-4,-81.361,-80.819,1630.5,715.8,2015-02-17 08:00:00,2015-02-17 12:00:00,-1,48
1,2015,2,17,7,-5,-81.603,-81.08,1651.8,707.7,2015-02-17 07:00:00,2015-02-17 12:00:00,-1,48
1,2015,2,17,6,-6,-81.836,-81.524,1669.2,698.6,2015-02-17 06:00:00,2015-02-17 12:00:00,-1,48
1,2015,2,17,5,-7,-82.061,-82.141,1686.9,688.9,2015-02-17 05:00:00,2015-02-17 12:00:00,-1,48
1,2015,2,17,4,-8,-82.278,-82.914,1708.9,677.5,2015-02-17 04:00:00,2015-02-17 12:00:00,-1,48
1,2015,2,17,3,-9,-82.485,-83.845,1735.8,664.6,2015-02-17 03:00:00,2015-02-17 12:00:00,-1,48
1,2015,2,17,2,-10,-82.679,-84.923,1768.5,651.2,2015-02-17 02:00:00,2015-02-17 12:00:00,-1,48
1,2015,2,17,1,-11,-82.858,-86.123,1807,638.2,2015-02-17 01:00:00,2015-02-17 12:00:00,-1,48
1,2015,2,17,0,-12,-83.023,-87.427,1850,625.4,2015-02-17,2015-02-17 12:00:00,-1,48
1,2015,2,16,23,-13,-83.165,-88.871,1891.2,612.4,2015-02-16 23:00:00,2015-02-17 12:00:00,-1,48
1,2015,2,16,22,-14,-83.275,-90.5,1924.7,601.1,2015-02-16 22:00:00,2015-02-17 12:00:00,-1,48
1,2015,2,16,21,-15,-83.351,-92.308,1949.7,591.5,2015-02-16 21:00:00,2015-02-17 12:00:00,-1,48
1,2015,2,16,20,-16,-83.389,-94.274,1967.6,583.8,2015-02-16 20:00:00,2015-02-17 12:00:00,-1,48
1,2015,2,16,19,-17,-83.388,-96.363,1976.6,577.3,2015-02-16 19:00:00,2015-02-17 12:00:00,-1,48
1,2015,2,16,18,-18,-83.346,-98.516,1978.2,572.7,2015-02-16 18:00:00,2015-02-17 12:00:00,-1,48
1,2015,2,16,17,-19,-83.27,-100.664,1979.5,570.8,2015-02-16 17:00:00,2015-02-17 12:00:00,-1,48
1,2015,2,16,16,-20,-83.166,-102.746,1986.6,570.2,2015-02-16 16:00:00,2015-02-17 12:00:00,-1,48
1,2015,2,16,15,-21,-83.031,-104.709,1999.6,571.1,2015-02-16 15:00:00,2015-02-17 12:00:00,-1,48
1,2015,2,16,14,-22,-82.864,-106.521,2018.8,573.3,2015-02-16 14:00:00,2015-02-17 12:00:00,-1,48
1,2015,2,16,13,-23,-82.664,-108.151,2043.3,575.8,2015-02-16 13:00:00,2015-02-17 12:00:00,-1,48
1,2015,2,16,12,-24,-82.43,-109.583,2072.7,578.4,2015-02-16 12:00:00,2015-02-17 12:00:00,-1,48
1,2015,2,18,12,0,-80.3,-81.3,1500,738.2,2015-02-18 12:00:00,2015-02-18 12:00:00,24,49
1,2015,2,18,11,-1,-80.467,-81.532,1540.2,729.4,2015-02-18 11:00:00,2015-02-18 12:00:00,-1,49
1,2015,2,18,10,-2,-80.634,-81.702,1575.7,722.1,2015-02-18 10:00:00,2015-02-18 12:00:00,-1,49
1,2015,2,18,9,-3,-80.801,-81.827,1606.4,715.7,2015-02-18 09:00:00,2015-02-18 12:00:00,-1,49
1,2015,2,18,8,-4,-80.97,-81.929,1632.4,710.1,2015-02-18 08:00:00,2015-02-18 12:00:00,-1,49
1,2015,2,18,7,-5,-81.144,-82.025,1653.5,705,2015-02-18 07:00:00,2015-02-18 12:00:00,-1,49
1,2015,2,18,6,-6,-81.322,-82.138,1669.7,700.2,2015-02-18 06:00:00,2015-02-18 12:00:00,-1,49
1,2015,2,18,5,-7,-81.51,-82.276,1688.9,695.8,2015-02-18 05:00:00,2015-02-18 12:00:00,-1,49
1,2015,2,18,4,-8,-81.711,-82.441,1717.2,689.6,2015-02-18 04:00:00,2015-02-18 12:00:00,-1,49
1,2015,2,18,3,-9,-81.925,-82.642,1755.7,682.1,2015-02-18 03:00:00,2015-02-18 12:00:00,-1,49
1,2015,2,18,2,-10,-82.15,-82.888,1805.3,673.1,2015-02-18 02:00:00,2015-02-18 12:00:00,-1,49
1,2015,2,18,1,-11,-82.385,-83.196,1866.5,662.7,2015-02-18 01:00:00,2015-02-18 12:00:00,-1,49
1,2015,2,18,0,-12,-82.628,-83.591,1940.2,651,2015-02-18,2015-02-18 12:00:00,-1,49
1,2015,2,17,23,-13,-82.871,-84.152,2016.2,637.2,2015-02-17 23:00:00,2015-02-18 12:00:00,-1,49
1,2015,2,17,22,-14,-83.101,-84.964,2084.1,624,2015-02-17 22:00:00,2015-02-18 12:00:00,-1,49
1,2015,2,17,21,-15,-83.317,-86.069,2141.2,610.8,2015-02-17 21:00:00,2015-02-18 12:00:00,-1,49
1,2015,2,17,20,-16,-83.513,-87.502,2184.8,598.1,2015-02-17 20:00:00,2015-02-18 12:00:00,-1,49
1,2015,2,17,19,-17,-83.682,-89.272,2214.5,587.2,2015-02-17 19:00:00,2015-02-18 12:00:00,-1,49
1,2015,2,17,18,-18,-83.816,-91.358,2228.1,578.3,2015-02-17 18:00:00,2015-02-18 12:00:00,-1,49
1,2015,2,17,17,-19,-83.915,-93.635,2234.1,570.9,2015-02-17 17:00:00,2015-02-18 12:00:00,-1,49
1,2015,2,17,16,-20,-83.974,-96.018,2239.9,565.4,2015-02-17 16:00:00,2015-02-18 12:00:00,-1,49
1,2015,2,17,15,-21,-83.989,-98.458,2246.3,561.1,2015-02-17 15:00:00,2015-02-18 12:00:00,-1,49
1,2015,2,17,14,-22,-83.96,-100.896,2254,558.5,2015-02-17 14:00:00,2015-02-18 12:00:00,-1,49
1,2015,2,17,13,-23,-83.882,-103.278,2263.5,557.7,2015-02-17 13:00:00,2015-02-18 12:00:00,-1,49
1,2015,2,17,12,-24,-83.76,-105.554,2275.9,558.4,2015-02-17 12:00:00,2015-02-18 12:00:00,-1,49
1,2015,2,19,12,0,-80.3,-81.3,1500,735.9,2015-02-19 12:00:00,2015-02-19 12:00:00,24,50
1,2015,2,19,11,-1,-80.361,-82.26,1553.8,719.4,2015-02-19 11:00:00,2015-02-19 12:00:00,-1,50
1,2015,2,19,10,-2,-80.408,-83.217,1602.2,703.7,2015-02-19 10:00:00,2015-02-19 12:00:00,-1,50
1,2015,2,19,9,-3,-80.437,-84.188,1645.4,688.7,2015-02-19 09:00:00,2015-02-19 12:00:00,-1,50
1,2015,2,19,8,-4,-80.445,-85.193,1683.6,673.9,2015-02-19 08:00:00,2015-02-19 12:00:00,-1,50
1,2015,2,19,7,-5,-80.428,-86.247,1716.6,659.8,2015-02-19 07:00:00,2015-02-19 12:00:00,-1,50
1,2015,2,19,6,-6,-80.383,-87.353,1744.2,645.8,2015-02-19 06:00:00,2015-02-19 12:00:00,-1,50
1,2015,2,19,5,-7,-80.312,-88.471,1768.5,634,2015-02-19 05:00:00,2015-02-19 12:00:00,-1,50
1,2015,2,19,4,-8,-80.223,-89.556,1789,622.8,2015-02-19 04:00:00,2015-02-19 12:00:00,-1,50
1,2015,2,19,3,-9,-80.117,-90.601,1806.3,613.6,2015-02-19 03:00:00,2015-02-19 12:00:00,-1,50
1,2015,2,19,2,-10,-79.998,-91.599,1819.8,605.8,2015-02-19 02:00:00,2015-02-19 12:00:00,-1,50
1,2015,2,19,1,-11,-79.865,-92.541,1830.2,600.4,2015-02-19 01:00:00,2015-02-19 12:00:00,-1,50
1,2015,2,19,0,-12,-79.722,-93.406,1838.2,598,2015-02-19,2015-02-19 12:00:00,-1,50
1,2015,2,18,23,-13,-79.567,-94.156,1841,597,2015-02-18 23:00:00,2015-02-19 12:00:00,-1,50
1,2015,2,18,22,-14,-79.396,-94.764,1834.4,598.2,2015-02-18 22:00:00,2015-02-19 12:00:00,-1,50
1,2015,2,18,21,-15,-79.213,-95.242,1820.5,601.4,2015-02-18 21:00:00,2015-02-19 12:00:00,-1,50
1,2015,2,18,20,-16,-79.02,-95.602,1800.1,606.3,2015-02-18 20:00:00,2015-02-19 12:00:00,-1,50
1,2015,2,18,19,-17,-78.819,-95.856,1773.3,612.1,2015-02-18 19:00:00,2015-02-19 12:00:00,-1,50
1,2015,2,18,18,-18,-78.61,-96.019,1741.1,618.9,2015-02-18 18:00:00,2015-02-19 12:00:00,-1,50
1,2015,2,18,17,-19,-78.401,-96.132,1708.1,626.2,2015-02-18 17:00:00,2015-02-19 12:00:00,-1,50
1,2015,2,18,16,-20,-78.199,-96.228,1679.6,632.6,2015-02-18 16:00:00,2015-02-19 12:00:00,-1,50
1,2015,2,18,15,-21,-78.008,-96.302,1654.8,638.6,2015-02-18 15:00:00,2015-02-19 12:00:00,-1,50
1,2015,2,18,14,-22,-77.826,-96.352,1633.4,644.2,2015-02-18 14:00:00,2015-02-19 12:00:00,-1,50
1,2015,2,18,13,-23,-77.657,-96.375,1615.2,649.2,2015-02-18 13:00:00,2015-02-19 12:00:00,-1,50
1,2015,2,18,12,-24,-77.5,-96.368,1600,653.6,2015-02-18 12:00:00,2015-02-19 12:00:00,-1,50
1,2015,2,20,12,0,-80.3,-81.3,1500,734.7,2015-02-20 12:00:00,2015-02-20 12:00:00,24,51
1,2015,2,20,11,-1,-80.079,-80.536,1469.1,749.8,2015-02-20 11:00:00,2015-02-20 12:00:00,-1,51
1,2015,2,20,10,-2,-79.886,-79.891,1446.2,760.3,2015-02-20 10:00:00,2015-02-20 12:00:00,-1,51
1,2015,2,20,9,-3,-79.712,-79.408,1430.1,766.5,2015-02-20 09:00:00,2015-02-20 12:00:00,-1,51
1,2015,2,20,8,-4,-79.551,-79.094,1420.7,770.4,2015-02-20 08:00:00,2015-02-20 12:00:00,-1,51
1,2015,2,20,7,-5,-79.4,-78.94,1417.5,772.1,2015-02-20 07:00:00,2015-02-20 12:00:00,-1,51
1,2015,2,20,6,-6,-79.255,-78.933,1419.9,771.8,2015-02-20 06:00:00,2015-02-20 12:00:00,-1,51
1,2015,2,20,5,-7,-79.114,-79.021,1423,770,2015-02-20 05:00:00,2015-02-20 12:00:00,-1,51
1,2015,2,20,4,-8,-78.979,-79.154,1422.3,768.8,2015-02-20 04:00:00,2015-02-20 12:00:00,-1,51
1,2015,2,20,3,-9,-78.848,-79.334,1417.6,767.6,2015-02-20 03:00:00,2015-02-20 12:00:00,-1,51
1,2015,2,20,2,-10,-78.72,-79.56,1408.6,766.5,2015-02-20 02:00:00,2015-02-20 12:00:00,-1,51
1,2015,2,20,1,-11,-78.595,-79.831,1395.3,765.5,2015-02-20 01:00:00,2015-02-20 12:00:00,-1,51
1,2015,2,20,0,-12,-78.47,-80.147,1377.2,764.5,2015-02-20,2015-02-20 12:00:00,-1,51
1,2015,2,19,23,-13,-78.341,-80.488,1357,763.6,2015-02-19 23:00:00,2015-02-20 12:00:00,-1,51
1,2015,2,19,22,-14,-78.207,-80.841,1337.4,762.4,2015-02-19 22:00:00,2015-02-20 12:00:00,-1,51
1,2015,2,19,21,-15,-78.067,-81.207,1318,761.1,2015-02-19 21:00:00,2015-02-20 12:00:00,-1,51
1,2015,2,19,20,-16,-77.92,-81.584,1298.2,759.9,2015-02-19 20:00:00,2015-02-20 12:00:00,-1,51
1,2015,2,19,19,-17,-77.767,-81.971,1277.5,758.8,2015-02-19 19:00:00,2015-02-20 12:00:00,-1,51
1,2015,2,19,18,-18,-77.608,-82.366,1255.3,757.9,2015-02-19 18:00:00,2015-02-20 12:00:00,-1,51
1,2015,2,19,17,-19,-77.446,-82.771,1232.8,757,2015-02-19 17:00:00,2015-02-20 12:00:00,-1,51
1,2015,2,19,16,-20,-77.285,-83.183,1213.9,756,2015-02-19 16:00:00,2015-02-20 12:00:00,-1,51
1,2015,2,19,15,-21,-77.124,-83.603,1198.1,755,2015-02-19 15:00:00,2015-02-20 12:00:00,-1,51
1,2015,2,19,14,-22,-76.964,-84.036,1186,753.8,2015-02-19 14:00:00,2015-02-20 12:00:00,-1,51
1,2015,2,19,13,-23,-76.806,-84.487,1177.9,752.4,2015-02-19 13:00:00,2015-02-20 12:00:00,-1,51
1,2015,2,19,12,-24,-76.65,-84.96,1174.5,750.7,2015-02-19 12:00:00,2015-02-20 12:00:00,-1,51
1,2015,2,21,12,0,-80.3,-81.3,1500,737.3,2015-02-21 12:00:00,2015-02-21 12:00:00,24,52
1,2015,2,21,11,-1,-80.26,-80.915,1495.1,742.7,2015-02-21 11:00:00,2015-02-21 12:00:00,-1,52
1,2015,2,21,10,-2,-80.236,-80.519,1485.9,748.8,2015-02-21 10:00:00,2015-02-21 12:00:00,-1,52
1,2015,2,21,9,-3,-80.227,-80.111,1472.9,755.1,2015-02-21 09:00:00,2015-02-21 12:00:00,-1,52
1,2015,2,21,8,-4,-80.234,-79.692,1455.9,761,2015-02-21 08:00:00,2015-02-21 12:00:00,-1,52
1,2015,2,21,7,-5,-80.253,-79.263,1435.7,766.9,2015-02-21 07:00:00,2015-02-21 12:00:00,-1,52
1,2015,2,21,6,-6,-80.285,-78.828,1412.7,773,2015-02-21 06:00:00,2015-02-21 12:00:00,-1,52
1,2015,2,21,5,-7,-80.319,-78.36,1387,779.5,2015-02-21 05:00:00,2015-02-21 12:00:00,-1,52
1,2015,2,21,4,-8,-80.343,-77.823,1358,787.3,2015-02-21 04:00:00,2015-02-21 12:00:00,-1,52
1,2015,2,21,3,-9,-80.361,-77.21,1324.7,796,2015-02-21 03:00:00,2015-02-21 12:00:00,-1,52
1,2015,2,21,2,-10,-80.372,-76.512,1286.6,805.6,2015-02-21 02:00:00,2015-02-21 12:00:00,-1,52
1,2015,2,21,1,-11,-80.376,-75.726,1243.5,816.2,2015-02-21 01:00:00,2015-02-21 12:00:00,-1,52
1,2015,2,21,0,-12,-80.375,-74.85,1194.9,828.1,2015-02-21,2015-02-21 12:00:00,-1,52
1,2015,2,20,23,-13,-80.375,-73.882,1144,839.2,2015-02-20 23:00:00,2015-02-21 12:00:00,-1,52
1,2015,2,20,22,-14,-80.385,-72.831,1096.6,850,2015-02-20 22:00:00,2015-02-21 12:00:00,-1,52
1,2015,2,20,21,-15,-80.404,-71.705,1053.4,858.6,2015-02-20 21:00:00,2015-02-21 12:00:00,-1,52
1,2015,2,20,20,-16,-80.43,-70.512,1015.9,865.8,2015-02-20 20:00:00,2015-02-21 12:00:00,-1,52
1,2015,2,20,19,-17,-80.462,-69.265,984.9,870.7,2015-02-20 19:00:00,2015-02-21 12:00:00,-1,52
1,2015,2,20,18,-18,-80.5,-67.976,961.3,873.9,2015-02-20 18:00:00,2015-02-21 12:00:00,-1,52
1,2015,2,20,17,-19,-80.537,-66.739,943.3,874.4,2015-02-20 17:00:00,2015-02-21 12:00:00,-1,52
1,2015,2,20,16,-20,-80.566,-65.637,929,873.7,2015-02-20 16:00:00,2015-02-21 12:00:00,-1,52
1,2015,2,20,15,-21,-80.586,-64.667,916.8,872.6,2015-02-20 15:00:00,2015-02-21 12:00:00,-1,52
1,2015,2,20,14,-22,-80.597,-63.823,905.5,871,2015-02-20 14:00:00,2015-02-21 12:00:00,-1,52
1,2015,2,20,13,-23,-80.599,-63.1,894.1,869.9,2015-02-20 13:00:00,2015-02-21 12:00:00,-1,52
1,2015,2,20,12,-24,-80.591,-62.495,881.9,869.4,2015-02-20 12:00:00,2015-02-21 12:00:00,-1,52
1,2015,2,22,12,0,-80.3,-81.3,1500,727.8,2015-02-22 12:00:00,2015-02-22 12:00:00,24,53
1,2015,2,22,11,-1,-80.4,-81.982,1500.8,719.6,2015-02-22 11:00:00,2015-02-22 12:00:00,-1,53
1,2015,2,22,10,-2,-80.5,-82.551,1503.2,712.4,2015-02-22 10:00:00,2015-02-22 12:00:00,-1,53
1,2015,2,22,9,-3,-80.601,-83.015,1507,706.4,2015-02-22 09:00:00,2015-02-22 12:00:00,-1,53
1,2015,2,22,8,-4,-80.704,-83.38,1512.3,701.4,2015-02-22 08:00:00,2015-02-22 12:00:00,-1,53
1,2015,2,22,7,-5,-80.806,-83.651,1518.9,697.3,2015-02-22 07:00:00,2015-02-22 12:00:00,-1,53
1,2015,2,22,6,-6,-80.908,-83.83,1526.8,694.1,2015-02-22 06:00:00,2015-02-22 12:00:00,-1,53
1,2015,2,22,5,-7,-80.995,-83.992,1534.7,691,2015-02-22 05:00:00,2015-02-22 12:00:00,-1,53
1,2015,2,22,4,-8,-81.052,-84.205,1540.8,688,2015-02-22 04:00:00,2015-02-22 12:00:00,-1,53
1,2015,2,22,3,-9,-81.079,-84.464,1545.6,685.1,2015-02-22 03:00:00,2015-02-22 12:00:00,-1,53
1,2015,2,22,2,-10,-81.073,-84.764,1549.2,682.1,2015-02-22 02:00:00,2015-02-22 12:00:00,-1,53
1,2015,2,22,1,-11,-81.035,-85.095,1551.4,679.3,2015-02-22 01:00:00,2015-02-22 12:00:00,-1,53
1,2015,2,22,0,-12,-80.965,-85.449,1551.8,676.7,2015-02-22,2015-02-22 12:00:00,-1,53
1,2015,2,21,23,-13,-80.871,-85.754,1548.5,674.8,2015-02-21 23:00:00,2015-02-22 12:00:00,-1,53
1,2015,2,21,22,-14,-80.766,-85.952,1538.1,674.9,2015-02-21 22:00:00,2015-02-22 12:00:00,-1,53
1,2015,2,21,21,-15,-80.652,-86.039,1521.2,676.8,2015-02-21 21:00:00,2015-02-22 12:00:00,-1,53
1,2015,2,21,20,-16,-80.531,-86.015,1497.6,680.6,2015-02-21 20:00:00,2015-02-22 12:00:00,-1,53
1,2015,2,21,19,-17,-80.405,-85.885,1467.3,686.3,2015-02-21 19:00:00,2015-02-22 12:00:00,-1,53
1,2015,2,21,18,-18,-80.278,-85.652,1430.3,693.9,2015-02-21 18:00:00,2015-02-22 12:00:00,-1,53
1,2015,2,21,17,-19,-80.155,-85.333,1392,703.1,2015-02-21 17:00:00,2015-02-22 12:00:00,-1,53
1,2015,2,21,16,-20,-80.041,-84.944,1358.8,712.2,2015-02-21 16:00:00,2015-02-22 12:00:00,-1,53
1,2015,2,21,15,-21,-79.937,-84.492,1329.9,720.9,2015-02-21 15:00:00,2015-02-22 12:00:00,-1,53
1,2015,2,21,14,-22,-79.845,-83.987,1305.7,729.4,2015-02-21 14:00:00,2015-02-22 12:00:00,-1,53
1,2015,2,21,13,-23,-79.764,-83.438,1285.9,737.9,2015-02-21 13:00:00,2015-02-22 12:00:00,-1,53
1,2015,2,21,12,-24,-79.696,-82.853,1270.5,746.3,2015-02-21 12:00:00,2015-02-22 12:00:00,-1,53
1,2015,2,23,12,0,-80.3,-81.3,1500,721.7,2015-02-23 12:00:00,2015-02-23 12:00:00,24,54
1,2015,2,23,11,-1,-80.542,-81.876,1487.8,714,2015-02-23 11:00:00,2015-02-23 12:00:00,-1,54
1,2015,2,23,10,-2,-80.783,-82.337,1482.8,706.6,2015-02-23 10:00:00,2015-02-23 12:00:00,-1,54
1,2015,2,23,9,-3,-81.02,-82.689,1484.4,699.9,2015-02-23 09:00:00,2015-02-23 12:00:00,-1,54
1,2015,2,23,8,-4,-81.251,-82.939,1492,693.9,2015-02-23 08:00:00,2015-02-23 12:00:00,-1,54
1,2015,2,23,7,-5,-81.475,-83.094,1504.9,688.5,2015-02-23 07:00:00,2015-02-23 12:00:00,-1,54
1,2015,2,23,6,-6,-81.689,-83.162,1522.3,683.7,2015-02-23 06:00:00,2015-02-23 12:00:00,-1,54
1,2015,2,23,5,-7,-81.9,-83.232,1540,678.7,2015-02-23 05:00:00,2015-02-23 12:00:00,-1,54
1,2015,2,23,4,-8,-82.113,-83.399,1552.9,673.8,2015-02-23 04:00:00,2015-02-23 12:00:00,-1,54
1,2015,2,23,3,-9,-82.328,-83.674,1561,668.4,2015-02-23 03:00:00,2015-02-23 12:00:00,-1,54
1,2015,2,23,2,-10,-82.545,-84.059,1564,662.9,2015-02-23 02:00:00,2015-02-23 12:00:00,-1,54
1,2015,2,23,1,-11,-82.76,-84.525,1563.1,658.1,2015-02-23 01:00:00,2015-02-23 12:00:00,-1,54
1,2015,2,23,0,-12,-82.97,-85.049,1559.2,653.6,2015-02-23,2015-02-23 12:00:00,-1,54
1,2015,2,22,23,-13,-83.168,-85.576,1555.9,649.9,2015-02-22 23:00:00,2015-02-23 12:00:00,-1,54
1,2015,2,22,22,-14,-83.348,-86.041,1557.1,646.3,2015-02-22 22:00:00,2015-02-23 12:00:00,-1,54
1,2015,2,22,21,-15,-83.511,-86.451,1562.1,643,2015-02-22 21:00:00,2015-02-23 12:00:00,-1,54
1,2015,2,22,20,-16,-83.657,-86.808,1570.8,640,2015-02-22 20:00:00,2015-02-23 12:00:00,-1,54
1,2015,2,22,19,-17,-83.786,-87.117,1582.8,637.2,2015-02-22 19:00:00,2015-02-23 12:00:00,-1,54
1,2015,2,22,18,-18,-83.9,-87.377,1597.9,634.6,2015-02-22 18:00:00,2015-02-23 12:00:00,-1,54
1,2015,2,22,17,-19,-84.001,-87.644,1614.6,632.1,2015-02-22 17:00:00,2015-02-23 12:00:00,-1,54
1,2015,2,22,16,-20,-84.093,-87.976,1631.1,629.5,2015-02-22 16:00:00,2015-02-23 12:00:00,-1,54
1,2015,2,22,15,-21,-84.174,-88.379,1647.6,626.7,2015-02-22 15:00:00,2015-02-23 12:00:00,-1,54
1,2015,2,22,14,-22,-84.247,-88.859,1664.2,623.6,2015-02-22 14:00:00,2015-02-23 12:00:00,-1,54
1,2015,2,22,13,-23,-84.31,-89.421,1680.6,620.4,2015-02-22 13:00:00,2015-02-23 12:00:00,-1,54
1,2015,2,22,12,-24,-84.363,-90.069,1697,616.9,2015-02-22 12:00:00,2015-02-23 12:00:00,-1,54
1,2015,2,24,12,0,-80.3,-81.3,1500,720.2,2015-02-24 12:00:00,2015-02-24 12:00:00,24,55
1,2015,2,24,11,-1,-80.586,-81.778,1520.6,708.8,2015-02-24 11:00:00,2015-02-24 12:00:00,-1,55
1,2015,2,24,10,-2,-80.87,-82.202,1534.9,699.1,2015-02-24 10:00:00,2015-02-24 12:00:00,-1,55
1,2015,2,24,9,-3,-81.149,-82.553,1543.3,691.1,2015-02-24 09:00:00,2015-02-24 12:00:00,-1,55
1,2015,2,24,8,-4,-81.423,-82.809,1546.1,684.9,2015-02-24 08:00:00,2015-02-24 12:00:00,-1,55
1,2015,2,24,7,-5,-81.69,-82.951,1543.8,680.4,2015-02-24 07:00:00,2015-02-24 12:00:00,-1,55
1,2015,2,24,6,-6,-81.948,-82.959,1536.6,677.8,2015-02-24 06:00:00,2015-02-24 12:00:00,-1,55
1,2015,2,24,5,-7,-82.206,-82.851,1527,676.8,2015-02-24 05:00:00,2015-02-24 12:00:00,-1,55
1,2015,2,24,4,-8,-82.469,-82.651,1517.4,676.2,2015-02-24 04:00:00,2015-02-24 12:00:00,-1,55
1,2015,2,24,3,-9,-82.734,-82.301,1509.4,676.7,2015-02-24 03:00:00,2015-02-24 12:00:00,-1,55
1,2015,2,24,2,-10,-82.997,-81.737,1504.3,678.2,2015-02-24 02:00:00,2015-02-24 12:00:00,-1,55
1,2015,2,24,1,-11,-83.255,-80.93,1502,680.6,2015-02-24 01:00:00,2015-02-24 12:00:00,-1,55
1,2015,2,24,0,-12,-83.508,-79.848,1502,683.8,2015-02-24,2015-02-24 12:00:00,-1,55
1,2015,2,23,23,-13,-83.75,-78.48,1502.6,686.5,2015-02-23 23:00:00,2015-02-24 12:00:00,-1,55
1,2015,2,23,22,-14,-83.975,-76.836,1504.2,689.4,2015-02-23 22:00:00,2015-02-24 12:00:00,-1,55
1,2015,2,23,21,-15,-84.186,-74.917,1506.5,691.5,2015-02-23 21:00:00,2015-02-24 12:00:00,-1,55
1,2015,2,23,20,-16,-84.384,-72.725,1509.7,692.6,2015-02-23 20:00:00,2015-02-24 12:00:00,-1,55
1,2015,2,23,19,-17,-84.569,-70.268,1513.9,692.2,2015-02-23 19:00:00,2015-02-24 12:00:00,-1,55
1,2015,2,23,18,-18,-84.741,-67.529,1520.4,690.4,2015-02-23 18:00:00,2015-02-24 12:00:00,-1,55
1,2015,2,23,17,-19,-84.893,-64.533,1528.4,685.7,2015-02-23 17:00:00,2015-02-24 12:00:00,-1,55
1,2015,2,23,16,-20,-85.016,-61.305,1540.2,679.3,2015-02-23 16:00:00,2015-02-24 12:00:00,-1,55
1,2015,2,23,15,-21,-85.106,-57.884,1557.4,670.7,2015-02-23 15:00:00,2015-02-24 12:00:00,-1,55
1,2015,2,23,14,-22,-85.156,-54.344,1578.2,660.4,2015-02-23 14:00:00,2015-02-24 12:00:00,-1,55
1,2015,2,23,13,-23,-85.17,-50.801,1601.7,649.1,2015-02-23 13:00:00,2015-02-24 12:00:00,-1,55
1,2015,2,23,12,-24,-85.148,-47.358,1625.9,637.6,2015-02-23 12:00:00,2015-02-24 12:00:00,-1,55
1,2015,2,25,12,0,-80.3,-81.3,1500,731.8,2015-02-25 12:00:00,2015-02-25 12:00:00,24,56
1,2015,2,25,11,-1,-80.469,-80.921,1527.5,729.9,2015-02-25 11:00:00,2015-02-25 12:00:00,-1,56
1,2015,2,25,10,-2,-80.631,-80.538,1550.8,728.5,2015-02-25 10:00:00,2015-02-25 12:00:00,-1,56
1,2015,2,25,9,-3,-80.787,-80.144,1569.9,727.6,2015-02-25 09:00:00,2015-02-25 12:00:00,-1,56
1,2015,2,25,8,-4,-80.936,-79.736,1585,727,2015-02-25 08:00:00,2015-02-25 12:00:00,-1,56
1,2015,2,25,7,-5,-81.08,-79.312,1596.2,726.8,2015-02-25 07:00:00,2015-02-25 12:00:00,-1,56
1,2015,2,25,6,-6,-81.217,-78.871,1603.9,727.2,2015-02-25 06:00:00,2015-02-25 12:00:00,-1,56
1,2015,2,25,5,-7,-81.35,-78.463,1609.6,727.9,2015-02-25 05:00:00,2015-02-25 12:00:00,-1,56
1,2015,2,25,4,-8,-81.48,-78.137,1613.7,727.6,2015-02-25 04:00:00,2015-02-25 12:00:00,-1,56
1,2015,2,25,3,-9,-81.608,-77.891,1616.7,726.7,2015-02-25 03:00:00,2015-02-25 12:00:00,-1,56
1,2015,2,25,2,-10,-81.737,-77.726,1618.8,725,2015-02-25 02:00:00,2015-02-25 12:00:00,-1,56
1,2015,2,25,1,-11,-81.867,-77.639,1619.9,722.7,2015-02-25 01:00:00,2015-02-25 12:00:00,-1,56
1,2015,2,25,0,-12,-81.999,-77.633,1620.2,719.7,2015-02-25,2015-02-25 12:00:00,-1,56
1,2015,2,24,23,-13,-82.13,-77.681,1620.3,716.4,2015-02-24 23:00:00,2015-02-25 12:00:00,-1,56
1,2015,2,24,22,-14,-82.255,-77.756,1618.5,713.2,2015-02-24 22:00:00,2015-02-25 12:00:00,-1,56
1,2015,2,24,21,-15,-82.374,-77.854,1615.5,710.2,2015-02-24 21:00:00,2015-02-25 12:00:00,-1,56
1,2015,2,24,20,-16,-82.489,-77.97,1611,707.2,2015-02-24 20:00:00,2015-02-25 12:00:00,-1,56
1,2015,2,24,19,-17,-82.601,-78.088,1605.4,704.3,2015-02-24 19:00:00,2015-02-25 12:00:00,-1,56
1,2015,2,24,18,-18,-82.709,-78.183,1599.4,701.5,2015-02-24 18:00:00,2015-02-25 12:00:00,-1,56
1,2015,2,24,17,-19,-82.826,-78.245,1592.9,699,2015-02-24 17:00:00,2015-02-25 12:00:00,-1,56
1,2015,2,24,16,-20,-82.959,-78.26,1587.9,696.4,2015-02-24 16:00:00,2015-02-25 12:00:00,-1,56
1,2015,2,24,15,-21,-83.109,-78.212,1583.5,693.9,2015-02-24 15:00:00,2015-02-25 12:00:00,-1,56
1,2015,2,24,14,-22,-83.274,-78.081,1579.8,691.5,2015-02-24 14:00:00,2015-02-25 12:00:00,-1,56
1,2015,2,24,13,-23,-83.452,-77.846,1576.7,689.4,2015-02-24 13:00:00,2015-02-25 12:00:00,-1,56
1,2015,2,24,12,-24,-83.642,-77.481,1573.9,687.6,2015-02-24 12:00:00,2015-02-25 12:00:00,-1,56
1,2015,2,26,12,0,-80.3,-81.3,1500,739,2015-02-26 12:00:00,2015-02-26 12:00:00,24,57
1,2015,2,26,11,-1,-80.488,-82.094,1526.5,725.3,2015-02-26 11:00:00,2015-02-26 12:00:00,-1,57
1,2015,2,26,10,-2,-80.658,-82.889,1552.5,712,2015-02-26 10:00:00,2015-02-26 12:00:00,-1,57
1,2015,2,26,9,-3,-80.807,-83.688,1577.8,699.3,2015-02-26 09:00:00,2015-02-26 12:00:00,-1,57
1,2015,2,26,8,-4,-80.934,-84.492,1602.5,687.2,2015-02-26 08:00:00,2015-02-26 12:00:00,-1,57
1,2015,2,26,7,-5,-81.038,-85.297,1626.5,675.8,2015-02-26 07:00:00,2015-02-26 12:00:00,-1,57
1,2015,2,26,6,-6,-81.117,-86.101,1649.7,664.7,2015-02-26 06:00:00,2015-02-26 12:00:00,-1,57
1,2015,2,26,5,-7,-81.181,-86.91,1670,653.8,2015-02-26 05:00:00,2015-02-26 12:00:00,-1,57
1,2015,2,26,4,-8,-81.244,-87.739,1684.2,644.1,2015-02-26 04:00:00,2015-02-26 12:00:00,-1,57
1,2015,2,26,3,-9,-81.305,-88.602,1691.8,635.7,2015-02-26 03:00:00,2015-02-26 12:00:00,-1,57
1,2015,2,26,2,-10,-81.365,-89.51,1691.3,627.8,2015-02-26 02:00:00,2015-02-26 12:00:00,-1,57
1,2015,2,26,1,-11,-81.426,-90.476,1682.6,621.1,2015-02-26 01:00:00,2015-02-26 12:00:00,-1,57
1,2015,2,26,0,-12,-81.486,-91.51,1665.1,615.8,2015-02-26,2015-02-26 12:00:00,-1,57
1,2015,2,25,23,-13,-81.542,-92.58,1644.8,610.9,2015-02-25 23:00:00,2015-02-26 12:00:00,-1,57
1,2015,2,25,22,-14,-81.589,-93.646,1630.1,606.7,2015-02-25 22:00:00,2015-02-26 12:00:00,-1,57
1,2015,2,25,21,-15,-81.626,-94.709,1619.4,602.2,2015-02-25 21:00:00,2015-02-26 12:00:00,-1,57
1,2015,2,25,20,-16,-81.655,-95.768,1613.8,598.9,2015-02-25 20:00:00,2015-02-26 12:00:00,-1,57
1,2015,2,25,19,-17,-81.674,-96.822,1612.6,596,2015-02-25 19:00:00,2015-02-26 12:00:00,-1,57
1,2015,2,25,18,-18,-81.683,-97.874,1615.4,593.1,2015-02-25 18:00:00,2015-02-26 12:00:00,-1,57
1,2015,2,25,17,-19,-81.688,-98.982,1620.7,590.9,2015-02-25 17:00:00,2015-02-26 12:00:00,-1,57
1,2015,2,25,16,-20,-81.694,-100.21,1625.1,589.4,2015-02-25 16:00:00,2015-02-26 12:00:00,-1,57
1,2015,2,25,15,-21,-81.698,-101.552,1629.9,589.6,2015-02-25 15:00:00,2015-02-26 12:00:00,-1,57
1,2015,2,25,14,-22,-81.697,-103.004,1636,590.2,2015-02-25 14:00:00,2015-02-26 12:00:00,-1,57
1,2015,2,25,13,-23,-81.688,-104.566,1643.8,592.5,2015-02-25 13:00:00,2015-02-26 12:00:00,-1,57
1,2015,2,25,12,-24,-81.667,-106.237,1652.8,596.7,2015-02-25 12:00:00,2015-02-26 12:00:00,-1,57
1,2015,2,27,12,0,-80.3,-81.3,1500,737,2015-02-27 12:00:00,2015-02-27 12:00:00,24,58
1,2015,2,27,11,-1,-80.487,-82.344,1525,721,2015-02-27 11:00:00,2015-02-27 12:00:00,-1,58
1,2015,2,27,10,-2,-80.66,-83.492,1548.6,704.5,2015-02-27 10:00:00,2015-02-27 12:00:00,-1,58
1,2015,2,27,9,-3,-80.815,-84.745,1570.6,687.9,2015-02-27 09:00:00,2015-02-27 12:00:00,-1,58
1,2015,2,27,8,-4,-80.951,-86.111,1590.4,670.5,2015-02-27 08:00:00,2015-02-27 12:00:00,-1,58
1,2015,2,27,7,-5,-81.064,-87.599,1608.7,652.9,2015-02-27 07:00:00,2015-02-27 12:00:00,-1,58
1,2015,2,27,6,-6,-81.156,-89.22,1626.9,637.2,2015-02-27 06:00:00,2015-02-27 12:00:00,-1,58
1,2015,2,27,5,-7,-81.223,-90.931,1642.8,623.2,2015-02-27 05:00:00,2015-02-27 12:00:00,-1,58
1,2015,2,27,4,-8,-81.264,-92.656,1653.3,611.2,2015-02-27 04:00:00,2015-02-27 12:00:00,-1,58
1,2015,2,27,3,-9,-81.279,-94.358,1660.3,602.8,2015-02-27 03:00:00,2015-02-27 12:00:00,-1,58
1,2015,2,27,2,-10,-81.265,-96.002,1663.6,597.1,2015-02-27 02:00:00,2015-02-27 12:00:00,-1,58
1,2015,2,27,1,-11,-81.222,-97.563,1663.3,593.4,2015-02-27 01:00:00,2015-02-27 12:00:00,-1,58
1,2015,2,27,0,-12,-81.152,-99.019,1660.7,592.2,2015-02-27,2015-02-27 12:00:00,-1,58
1,2015,2,26,23,-13,-81.053,-100.359,1656.4,591.9,2015-02-26 23:00:00,2015-02-27 12:00:00,-1,58
1,2015,2,26,22,-14,-80.923,-101.574,1652.9,593.4,2015-02-26 22:00:00,2015-02-27 12:00:00,-1,58
1,2015,2,26,21,-15,-80.765,-102.648,1647.1,595.4,2015-02-26 21:00:00,2015-02-27 12:00:00,-1,58
1,2015,2,26,20,-16,-80.582,-103.566,1638.9,598.6,2015-02-26 20:00:00,2015-02-27 12:00:00,-1,58
1,2015,2,26,19,-17,-80.377,-104.319,1626.7,601.8,2015-02-26 19:00:00,2015-02-27 12:00:00,-1,58
1,2015,2,26,18,-18,-80.152,-104.902,1610.2,605.2,2015-02-26 18:00:00,2015-02-27 12:00:00,-1,58
1,2015,2,26,17,-19,-79.914,-105.371,1593,610.8,2015-02-26 17:00:00,2015-02-27 12:00:00,-1,58
1,2015,2,26,16,-20,-79.666,-105.779,1577.8,619.5,2015-02-26 16:00:00,2015-02-27 12:00:00,-1,58
1,2015,2,26,15,-21,-79.409,-106.131,1560.1,628.2,2015-02-26 15:00:00,2015-02-27 12:00:00,-1,58
1,2015,2,26,14,-22,-79.143,-106.425,1539.3,637.2,2015-02-26 14:00:00,2015-02-27 12:00:00,-1,58
1,2015,2,26,13,-23,-78.869,-106.658,1514.5,646.5,2015-02-26 13:00:00,2015-02-27 12:00:00,-1,58
1,2015,2,26,12,-24,-78.589,-106.829,1484.8,656.2,2015-02-26 12:00:00,2015-02-27 12:00:00,-1,58
1,2015,2,28,12,0,-80.3,-81.3,1500,737.2,2015-02-28 12:00:00,2015-02-28 12:00:00,24,59
1,2015,2,28,11,-1,-80.426,-81.879,1513.2,727.5,2015-02-28 11:00:00,2015-02-28 12:00:00,-1,59
1,2015,2,28,10,-2,-80.544,-82.52,1526.7,717.4,2015-02-28 10:00:00,2015-02-28 12:00:00,-1,59
1,2015,2,28,9,-3,-80.654,-83.22,1540,707.1,2015-02-28 09:00:00,2015-02-28 12:00:00,-1,59
1,2015,2,28,8,-4,-80.754,-83.979,1553.3,696.5,2015-02-28 08:00:00,2015-02-28 12:00:00,-1,59
1,2015,2,28,7,-5,-80.843,-84.793,1566.7,685.6,2015-02-28 07:00:00,2015-02-28 12:00:00,-1,59
1,2015,2,28,6,-6,-80.921,-85.67,1580.3,674.4,2015-02-28 06:00:00,2015-02-28 12:00:00,-1,59
1,2015,2,28,5,-7,-80.992,-86.649,1593.9,662.6,2015-02-28 05:00:00,2015-02-28 12:00:00,-1,59
1,2015,2,28,4,-8,-81.059,-87.768,1607.4,650.2,2015-02-28 04:00:00,2015-02-28 12:00:00,-1,59
1,2015,2,28,3,-9,-81.117,-89.023,1620.2,638.1,2015-02-28 03:00:00,2015-02-28 12:00:00,-1,59
1,2015,2,28,2,-10,-81.165,-90.407,1631.5,625.7,2015-02-28 02:00:00,2015-02-28 12:00:00,-1,59
1,2015,2,28,1,-11,-81.198,-91.909,1640.8,614.5,2015-02-28 01:00:00,2015-02-28 12:00:00,-1,59
1,2015,2,28,0,-12,-81.215,-93.518,1647,605.3,2015-02-28,2015-02-28 12:00:00,-1,59
1,2015,2,27,23,-13,-81.205,-95.185,1650.6,597.9,2015-02-27 23:00:00,2015-02-28 12:00:00,-1,59
1,2015,2,27,22,-14,-81.158,-96.835,1652.9,593,2015-02-27 22:00:00,2015-02-28 12:00:00,-1,59
1,2015,2,27,21,-15,-81.072,-98.429,1653.5,590.3,2015-02-27 21:00:00,2015-02-28 12:00:00,-1,59
1,2015,2,27,20,-16,-80.948,-99.939,1652.8,589.1,2015-02-27 20:00:00,2015-02-28 12:00:00,-1,59
1,2015,2,27,19,-17,-80.789,-101.336,1651.4,590.6,2015-02-27 19:00:00,2015-02-28 12:00:00,-1,59
1,2015,2,27,18,-18,-80.597,-102.601,1647.7,592.6,2015-02-27 18:00:00,2015-02-28 12:00:00,-1,59
1,2015,2,27,17,-19,-80.385,-103.762,1640.5,596.6,2015-02-27 17:00:00,2015-02-28 12:00:00,-1,59
1,2015,2,27,16,-20,-80.161,-104.863,1627,601.4,2015-02-27 16:00:00,2015-02-28 12:00:00,-1,59
1,2015,2,27,15,-21,-79.926,-105.91,1610.2,608.8,2015-02-27 15:00:00,2015-02-28 12:00:00,-1,59
1,2015,2,27,14,-22,-79.679,-106.895,1592.4,619.5,2015-02-27 14:00:00,2015-02-28 12:00:00,-1,59
1,2015,2,27,13,-23,-79.423,-107.804,1571.5,630,2015-02-27 13:00:00,2015-02-28 12:00:00,-1,59
1,2015,2,27,12,-24,-79.155,-108.627,1547.6,640.1,2015-02-27 12:00:00,2015-02-28 12:00:00,-1,59
1,2015,3,1,12,0,-80.3,-81.3,1500,736.1,2015-03-01 12:00:00,2015-03-01 12:00:00,24,60
1,2015,3,1,11,-1,-80.438,-82.322,1529.2,720.4,2015-03-01 11:00:00,2015-03-01 12:00:00,-1,60
1,2015,3,1,10,-2,-80.561,-83.313,1552.9,706.4,2015-03-01 10:00:00,2015-03-01 12:00:00,-1,60
1,2015,3,1,9,-3,-80.668,-84.274,1571.8,693.7,2015-03-01 09:00:00,2015-03-01 12:00:00,-1,60
1,2015,3,1,8,-4,-80.76,-85.216,1586.2,681.9,2015-03-01 08:00:00,2015-03-01 12:00:00,-1,60
1,2015,3,1,7,-5,-80.839,-86.161,1596.5,670.5,2015-03-01 07:00:00,2015-03-01 12:00:00,-1,60
1,2015,3,1,6,-6,-80.901,-87.132,1603.7,659.5,2015-03-01 06:00:00,2015-03-01 12:00:00,-1,60
1,2015,3,1,5,-7,-80.947,-88.164,1612.8,649.3,2015-03-01 05:00:00,2015-03-01 12:00:00,-1,60
1,2015,3,1,4,-8,-80.975,-89.274,1626.3,638.6,2015-03-01 04:00:00,2015-03-01 12:00:00,-1,60
1,2015,3,1,3,-9,-80.983,-90.436,1644,627.8,2015-03-01 03:00:00,2015-03-01 12:00:00,-1,60
1,2015,3,1,2,-10,-80.973,-91.624,1666,617.4,2015-03-01 02:00:00,2015-03-01 12:00:00,-1,60
1,2015,3,1,1,-11,-80.943,-92.814,1691.9,607.5,2015-03-01 01:00:00,2015-03-01 12:00:00,-1,60
1,2015,3,1,0,-12,-80.893,-93.984,1722.2,599.3,2015-03-01,2015-03-01 12:00:00,-1,60
1,2015,2,28,23,-13,-80.826,-95.16,1751.7,590.9,2015-02-28 23:00:00,2015-03-01 12:00:00,-1,60
1,2015,2,28,22,-14,-80.743,-96.362,1776.8,585.6,2015-02-28 22:00:00,2015-03-01 12:00:00,-1,60
1,2015,2,28,21,-15,-80.648,-97.568,1796.4,580.9,2015-02-28 21:00:00,2015-03-01 12:00:00,-1,60
1,2015,2,28,20,-16,-80.541,-98.76,1812.6,578.5,2015-02-28 20:00:00,2015-03-01 12:00:00,-1,60
1,2015,2,28,19,-17,-80.424,-99.925,1824.1,576.6,2015-02-28 19:00:00,2015-03-01 12:00:00,-1,60
1,2015,2,28,18,-18,-80.299,-101.053,1832.5,576.4,2015-02-28 18:00:00,2015-03-01 12:00:00,-1,60
1,2015,2,28,17,-19,-80.173,-102.111,1836.4,577,2015-02-28 17:00:00,2015-03-01 12:00:00,-1,60
1,2015,2,28,16,-20,-80.053,-103.071,1834.2,579.3,2015-02-28 16:00:00,2015-03-01 12:00:00,-1,60
1,2015,2,28,15,-21,-79.941,-103.927,1828,583.7,2015-02-28 15:00:00,2015-03-01 12:00:00,-1,60
1,2015,2,28,14,-22,-79.839,-104.682,1818.1,589.2,2015-02-28 14:00:00,2015-03-01 12:00:00,-1,60
1,2015,2,28,13,-23,-79.75,-105.347,1804.6,594.6,2015-02-28 13:00:00,2015-03-01 12:00:00,-1,60
1,2015,2,28,12,-24,-79.673,-105.935,1788.5,599.7,2015-02-28 12:00:00,2015-03-01 12:00:00,-1,60
1,2015,3,2,12,0,-80.3,-81.3,1500,731.1,2015-03-02 12:00:00,2015-03-02 12:00:00,24,61
1,2015,3,2,11,-1,-80.628,-82.57,1524,710.9,2015-03-02 11:00:00,2015-03-02 12:00:00,-1,61
1,2015,3,2,10,-2,-80.956,-83.99,1547.8,690.1,2015-03-02 10:00:00,2015-03-02 12:00:00,-1,61
1,2015,3,2,9,-3,-81.285,-85.584,1571.7,668.6,2015-03-02 09:00:00,2015-03-02 12:00:00,-1,61
1,2015,3,2,8,-4,-81.611,-87.378,1595.1,647.3,2015-03-02 08:00:00,2015-03-02 12:00:00,-1,61
1,2015,3,2,7,-5,-81.933,-89.402,1617.5,627.2,2015-03-02 07:00:00,2015-03-02 12:00:00,-1,61
1,2015,3,2,6,-6,-82.247,-91.67,1639.1,610.2,2015-03-02 06:00:00,2015-03-02 12:00:00,-1,61
1,2015,3,2,5,-7,-82.54,-94.226,1661.4,596.3,2015-03-02 05:00:00,2015-03-02 12:00:00,-1,61
1,2015,3,2,4,-8,-82.8,-97.033,1687.6,587.9,2015-03-02 04:00:00,2015-03-02 12:00:00,-1,61
1,2015,3,2,3,-9,-83.02,-99.982,1718.7,584.5,2015-03-02 03:00:00,2015-03-02 12:00:00,-1,61
1,2015,3,2,2,-10,-83.202,-103.013,1752.9,583.8,2015-03-02 02:00:00,2015-03-02 12:00:00,-1,61
1,2015,3,2,1,-11,-83.349,-106.083,1790.2,586.9,2015-03-02 01:00:00,2015-03-02 12:00:00,-1,61
1,2015,3,2,0,-12,-83.465,-109.125,1827.9,592.8,2015-03-02,2015-03-02 12:00:00,-1,61
1,2015,3,1,23,-13,-83.551,-112.098,1865.3,601.3,2015-03-01 23:00:00,2015-03-02 12:00:00,-1,61
1,2015,3,1,22,-14,-83.604,-114.969,1898.6,610.5,2015-03-01 22:00:00,2015-03-02 12:00:00,-1,61
1,2015,3,1,21,-15,-83.625,-117.692,1931.3,620.6,2015-03-01 21:00:00,2015-03-02 12:00:00,-1,61
1,2015,3,1,20,-16,-83.618,-120.229,1964.4,631.4,2015-03-01 20:00:00,2015-03-02 12:00:00,-1,61
1,2015,3,1,19,-17,-83.586,-122.554,1996.2,640.5,2015-03-01 19:00:00,2015-03-02 12:00:00,-1,61
1,2015,3,1,18,-18,-83.534,-124.66,2029,648.4,2015-03-01 18:00:00,2015-03-02 12:00:00,-1,61
1,2015,3,1,17,-19,-83.467,-126.553,2060.5,656.1,2015-03-01 17:00:00,2015-03-02 12:00:00,-1,61
1,2015,3,1,16,-20,-83.387,-128.25,2085.2,663.9,2015-03-01 16:00:00,2015-03-02 12:00:00,-1,61
1,2015,3,1,15,-21,-83.299,-129.786,2103.8,671.4,2015-03-01 15:00:00,2015-03-02 12:00:00,-1,61
1,2015,3,1,14,-22,-83.202,-131.193,2116.1,678.6,2015-03-01 14:00:00,2015-03-02 12:00:00,-1,61
1,2015,3,1,13,-23,-83.1,-132.499,2123.7,685.9,2015-03-01 13:00:00,2015-03-02 12:00:00,-1,61
1,2015,3,1,12,-24,-82.994,-133.713,2126.8,693.1,2015-03-01 12:00:00,2015-03-02 12:00:00,-1,61
1,2015,3,3,12,0,-80.3,-81.3,1500,733.8,2015-03-03 12:00:00,2015-03-03 12:00:00,24,62
1,2015,3,3,11,-1,-80.659,-81.224,1501.2,729.5,2015-03-03 11:00:00,2015-03-03 12:00:00,-1,62
1,2015,3,3,10,-2,-81.003,-81.172,1506.4,724.4,2015-03-03 10:00:00,2015-03-03 12:00:00,-1,62
1,2015,3,3,9,-3,-81.333,-81.157,1515.8,718.7,2015-03-03 09:00:00,2015-03-03 12:00:00,-1,62
1,2015,3,3,8,-4,-81.652,-81.19,1529.1,712.2,2015-03-03 08:00:00,2015-03-03 12:00:00,-1,62
1,2015,3,3,7,-5,-81.962,-81.286,1546.6,705,2015-03-03 07:00:00,2015-03-03 12:00:00,-1,62
1,2015,3,3,6,-6,-82.265,-81.464,1568,696.9,2015-03-03 06:00:00,2015-03-03 12:00:00,-1,62
1,2015,3,3,5,-7,-82.57,-81.758,1590.2,687.9,2015-03-03 05:00:00,2015-03-03 12:00:00,-1,62
1,2015,3,3,4,-8,-82.881,-82.196,1612.7,678.6,2015-03-03 04:00:00,2015-03-03 12:00:00,-1,62
1,2015,3,3,3,-9,-83.196,-82.793,1636.8,668.4,2015-03-03 03:00:00,2015-03-03 12:00:00,-1,62
1,2015,3,3,2,-10,-83.517,-83.584,1663.6,657.2,2015-03-03 02:00:00,2015-03-03 12:00:00,-1,62
1,2015,3,3,1,-11,-83.846,-84.608,1694,645.3,2015-03-03 01:00:00,2015-03-03 12:00:00,-1,62
1,2015,3,3,0,-12,-84.18,-85.901,1729.5,633.8,2015-03-03,2015-03-03 12:00:00,-1,62
1,2015,3,2,23,-13,-84.507,-87.535,1771.7,622.7,2015-03-02 23:00:00,2015-03-03 12:00:00,-1,62
1,2015,3,2,22,-14,-84.811,-89.635,1821.9,611.5,2015-03-02 22:00:00,2015-03-03 12:00:00,-1,62
1,2015,3,2,21,-15,-85.089,-92.341,1876,599.3,2015-03-02 21:00:00,2015-03-03 12:00:00,-1,62
1,2015,3,2,20,-16,-85.33,-95.817,1924.8,585.7,2015-03-02 20:00:00,2015-03-03 12:00:00,-1,62
1,2015,3,2,19,-17,-85.524,-100.16,1970.6,575.2,2015-03-02 19:00:00,2015-03-03 12:00:00,-1,62
1,2015,3,2,18,-18,-85.656,-105.301,2010.4,569.3,2015-03-02 18:00:00,2015-03-03 12:00:00,-1,62
1,2015,3,2,17,-19,-85.725,-110.918,2048.9,569.7,2015-03-02 17:00:00,2015-03-03 12:00:00,-1,62
1,2015,3,2,16,-20,-85.742,-116.633,2089.7,574,2015-03-02 16:00:00,2015-03-03 12:00:00,-1,62
1,2015,3,2,15,-21,-85.71,-122.114,2133,581.6,2015-03-02 15:00:00,2015-03-03 12:00:00,-1,62
1,2015,3,2,14,-22,-85.644,-127.107,2180.4,590.5,2015-03-02 14:00:00,2015-03-03 12:00:00,-1,62
1,2015,3,2,13,-23,-85.556,-131.486,2231.9,599.5,2015-03-02 13:00:00,2015-03-03 12:00:00,-1,62
1,2015,3,2,12,-24,-85.459,-135.285,2287.8,606.1,2015-03-02 12:00:00,2015-03-03 12:00:00,-1,62
1,2015,3,4,12,0,-80.3,-81.3,1500,741.1,2015-03-04 12:00:00,2015-03-04 12:00:00,24,63
1,2015,3,4,11,-1,-80.588,-81.124,1501,738.7,2015-03-04 11:00:00,2015-03-04 12:00:00,-1,63
1,2015,3,4,10,-2,-80.863,-80.885,1502,736.9,2015-03-04 10:00:00,2015-03-04 12:00:00,-1,63
1,2015,3,4,9,-3,-81.122,-80.572,1503,735.9,2015-03-04 09:00:00,2015-03-04 12:00:00,-1,63
1,2015,3,4,8,-4,-81.367,-80.173,1504.1,735.7,2015-03-04 08:00:00,2015-03-04 12:00:00,-1,63
1,2015,3,4,7,-5,-81.596,-79.676,1505.2,736.1,2015-03-04 07:00:00,2015-03-04 12:00:00,-1,63
1,2015,3,4,6,-6,-81.811,-79.076,1506.6,737.1,2015-03-04 06:00:00,2015-03-04 12:00:00,-1,63
1,2015,3,4,5,-7,-82.022,-78.367,1510.6,738.7,2015-03-04 05:00:00,2015-03-04 12:00:00,-1,63
1,2015,3,4,4,-8,-82.239,-77.535,1516.6,740.9,2015-03-04 04:00:00,2015-03-04 12:00:00,-1,63
1,2015,3,4,3,-9,-82.462,-76.549,1523.8,742.7,2015-03-04 03:00:00,2015-03-04 12:00:00,-1,63
1,2015,3,4,2,-10,-82.684,-75.385,1532.3,744.1,2015-03-04 02:00:00,2015-03-04 12:00:00,-1,63
1,2015,3,4,1,-11,-82.901,-74.032,1541.4,744.7,2015-03-04 01:00:00,2015-03-04 12:00:00,-1,63
1,2015,3,4,0,-12,-83.108,-72.465,1551.3,745.3,2015-03-04,2015-03-04 12:00:00,-1,63
1,2015,3,3,23,-13,-83.296,-70.708,1561.3,744.2,2015-03-03 23:00:00,2015-03-04 12:00:00,-1,63
1,2015,3,3,22,-14,-83.458,-68.801,1570.7,742.4,2015-03-03 22:00:00,2015-03-04 12:00:00,-1,63
1,2015,3,3,21,-15,-83.593,-66.741,1580.5,739.4,2015-03-03 21:00:00,2015-03-04 12:00:00,-1,63
1,2015,3,3,20,-16,-83.697,-64.563,1591.3,735.4,2015-03-03 20:00:00,2015-03-04 12:00:00,-1,63
1,2015,3,3,19,-17,-83.769,-62.289,1602.7,730.7,2015-03-03 19:00:00,2015-03-04 12:00:00,-1,63
1,2015,3,3,18,-18,-83.805,-59.949,1615.3,725.4,2015-03-03 18:00:00,2015-03-04 12:00:00,-1,63
1,2015,3,3,17,-19,-83.809,-57.622,1628.7,720,2015-03-03 17:00:00,2015-03-04 12:00:00,-1,63
1,2015,3,3,16,-20,-83.785,-55.362,1640.7,714.5,2015-03-03 16:00:00,2015-03-04 12:00:00,-1,63
1,2015,3,3,15,-21,-83.732,-53.18,1650.9,708.9,2015-03-03 15:00:00,2015-03-04 12:00:00,-1,63
1,2015,3,3,14,-22,-83.65,-51.096,1658.3,704.6,2015-03-03 14:00:00,2015-03-04 12:00:00,-1,63
1,2015,3,3,13,-23,-83.535,-49.123,1661.3,701.7,2015-03-03 13:00:00,2015-03-04 12:00:00,-1,63
1,2015,3,3,12,-24,-83.387,-47.264,1658.4,700.5,2015-03-03 12:00:00,2015-03-04 12:00:00,-1,63
1,2015,3,5,12,0,-80.3,-81.3,1500,734.5,2015-03-05 12:00:00,2015-03-05 12:00:00,24,64
1,2015,3,5,11,-1,-80.547,-81.681,1510.5,726.2,2015-03-05 11:00:00,2015-03-05 12:00:00,-1,64
1,2015,3,5,10,-2,-80.799,-82.039,1519.1,718.5,2015-03-05 10:00:00,2015-03-05 12:00:00,-1,64
1,2015,3,5,9,-3,-81.055,-82.385,1526.4,711.2,2015-03-05 09:00:00,2015-03-05 12:00:00,-1,64
1,2015,3,5,8,-4,-81.312,-82.73,1533.1,704.2,2015-03-05 08:00:00,2015-03-05 12:00:00,-1,64
1,2015,3,5,7,-5,-81.567,-83.086,1540.1,697.2,2015-03-05 07:00:00,2015-03-05 12:00:00,-1,64
1,2015,3,5,6,-6,-81.819,-83.469,1548,690.2,2015-03-05 06:00:00,2015-03-05 12:00:00,-1,64
1,2015,3,5,5,-7,-82.067,-83.89,1557.5,683.3,2015-03-05 05:00:00,2015-03-05 12:00:00,-1,64
1,2015,3,5,4,-8,-82.314,-84.356,1567.2,676.4,2015-03-05 04:00:00,2015-03-05 12:00:00,-1,64
1,2015,3,5,3,-9,-82.556,-84.878,1578.1,669.5,2015-03-05 03:00:00,2015-03-05 12:00:00,-1,64
1,2015,3,5,2,-10,-82.791,-85.467,1590.7,663,2015-03-05 02:00:00,2015-03-05 12:00:00,-1,64
1,2015,3,5,1,-11,-83.016,-86.131,1604.4,656.3,2015-03-05 01:00:00,2015-03-05 12:00:00,-1,64
1,2015,3,5,0,-12,-83.228,-86.882,1617.9,649.6,2015-03-05,2015-03-05 12:00:00,-1,64
1,2015,3,4,23,-13,-83.425,-87.706,1631.5,642.8,2015-03-04 23:00:00,2015-03-05 12:00:00,-1,64
1,2015,3,4,22,-14,-83.604,-88.585,1644.9,637.1,2015-03-04 22:00:00,2015-03-05 12:00:00,-1,64
1,2015,3,4,21,-15,-83.766,-89.517,1658.4,631.5,2015-03-04 21:00:00,2015-03-05 12:00:00,-1,64
1,2015,3,4,20,-16,-83.914,-90.5,1672.2,626.5,2015-03-04 20:00:00,2015-03-05 12:00:00,-1,64
1,2015,3,4,19,-17,-84.05,-91.523,1686.4,622,2015-03-04 19:00:00,2015-03-05 12:00:00,-1,64
1,2015,3,4,18,-18,-84.176,-92.584,1700.3,617.7,2015-03-04 18:00:00,2015-03-05 12:00:00,-1,64
1,2015,3,4,17,-19,-84.285,-93.706,1712.3,614.2,2015-03-04 17:00:00,2015-03-05 12:00:00,-1,64
1,2015,3,4,16,-20,-84.369,-94.908,1718.9,611.3,2015-03-04 16:00:00,2015-03-05 12:00:00,-1,64
1,2015,3,4,15,-21,-84.428,-96.167,1721.6,609.7,2015-03-04 15:00:00,2015-03-05 12:00:00,-1,64
1,2015,3,4,14,-22,-84.461,-97.46,1719.8,608.3,2015-03-04 14:00:00,2015-03-05 12:00:00,-1,64
1,2015,3,4,13,-23,-84.469,-98.777,1714,607.5,2015-03-04 13:00:00,2015-03-05 12:00:00,-1,64
1,2015,3,4,12,-24,-84.45,-100.109,1703.9,606.6,2015-03-04 12:00:00,2015-03-05 12:00:00,-1,64
1,2015,3,6,12,0,-80.3,-81.3,1500,725.9,2015-03-06 12:00:00,2015-03-06 12:00:00,24,65
1,2015,3,6,11,-1,-80.471,-81.193,1511.3,723.9,2015-03-06 11:00:00,2015-03-06 12:00:00,-1,65
1,2015,3,6,10,-2,-80.641,-81.159,1523.3,721,2015-03-06 10:00:00,2015-03-06 12:00:00,-1,65
1,2015,3,6,9,-3,-80.809,-81.198,1536.1,717.2,2015-03-06 09:00:00,2015-03-06 12:00:00,-1,65
1,2015,3,6,8,-4,-80.979,-81.311,1549.8,712.5,2015-03-06 08:00:00,2015-03-06 12:00:00,-1,65
1,2015,3,6,7,-5,-81.151,-81.499,1564.3,707,2015-03-06 07:00:00,2015-03-06 12:00:00,-1,65
1,2015,3,6,6,-6,-81.327,-81.764,1579.6,700.8,2015-03-06 06:00:00,2015-03-06 12:00:00,-1,65
1,2015,3,6,5,-7,-81.509,-82.055,1594.8,694.2,2015-03-06 05:00:00,2015-03-06 12:00:00,-1,65
1,2015,3,6,4,-8,-81.701,-82.318,1608.9,688.3,2015-03-06 04:00:00,2015-03-06 12:00:00,-1,65
1,2015,3,6,3,-9,-81.903,-82.544,1623.2,682.6,2015-03-06 03:00:00,2015-03-06 12:00:00,-1,65
1,2015,3,6,2,-10,-82.112,-82.726,1638.4,677.2,2015-03-06 02:00:00,2015-03-06 12:00:00,-1,65
1,2015,3,6,1,-11,-82.329,-82.853,1655.6,671.9,2015-03-06 01:00:00,2015-03-06 12:00:00,-1,65
1,2015,3,6,0,-12,-82.553,-82.91,1675.8,667,2015-03-06,2015-03-06 12:00:00,-1,65
1,2015,3,5,23,-13,-82.771,-82.927,1696.5,662.5,2015-03-05 23:00:00,2015-03-06 12:00:00,-1,65
1,2015,3,5,22,-14,-82.978,-82.957,1713.6,658.6,2015-03-05 22:00:00,2015-03-06 12:00:00,-1,65
1,2015,3,5,21,-15,-83.174,-83.015,1727,655.1,2015-03-05 21:00:00,2015-03-06 12:00:00,-1,65
1,2015,3,5,20,-16,-83.361,-83.116,1736.5,651.7,2015-03-05 20:00:00,2015-03-06 12:00:00,-1,65
1,2015,3,5,19,-17,-83.541,-83.272,1742,648.6,2015-03-05 19:00:00,2015-03-06 12:00:00,-1,65
1,2015,3,5,18,-18,-83.716,-83.495,1743.5,645.6,2015-03-05 18:00:00,2015-03-06 12:00:00,-1,65
1,2015,3,5,17,-19,-83.887,-83.747,1743.2,643.5,2015-03-05 17:00:00,2015-03-06 12:00:00,-1,65
1,2015,3,5,16,-20,-84.058,-83.986,1742.4,641.4,2015-03-05 16:00:00,2015-03-06 12:00:00,-1,65
1,2015,3,5,15,-21,-84.228,-84.217,1741.8,639.5,2015-03-05 15:00:00,2015-03-06 12:00:00,-1,65
1,2015,3,5,14,-22,-84.398,-84.446,1741.7,637.6,2015-03-05 14:00:00,2015-03-06 12:00:00,-1,65
1,2015,3,5,13,-23,-84.568,-84.677,1742.3,635.8,2015-03-05 13:00:00,2015-03-06 12:00:00,-1,65
1,2015,3,5,12,-24,-84.737,-84.918,1744,633.9,2015-03-05 12:00:00,2015-03-06 12:00:00,-1,65
1,2015,3,7,12,0,-80.3,-81.3,1500,729.9,2015-03-07 12:00:00,2015-03-07 12:00:00,24,66
1,2015,3,7,11,-1,-80.548,-80.554,1505.4,733.7,2015-03-07 11:00:00,2015-03-07 12:00:00,-1,66
1,2015,3,7,10,-2,-80.776,-79.855,1507.9,737.2,2015-03-07 10:00:00,2015-03-07 12:00:00,-1,66
1,2015,3,7,9,-3,-80.985,-79.2,1507.7,740.1,2015-03-07 09:00:00,2015-03-07 12:00:00,-1,66
1,2015,3,7,8,-4,-81.177,-78.59,1505.4,742.8,2015-03-07 08:00:00,2015-03-07 12:00:00,-1,66
1,2015,3,7,7,-5,-81.354,-78.024,1501.2,745.2,2015-03-07 07:00:00,2015-03-07 12:00:00,-1,66
1,2015,3,7,6,-6,-81.515,-77.502,1495.6,747.2,2015-03-07 06:00:00,2015-03-07 12:00:00,-1,66
1,2015,3,7,5,-7,-81.666,-76.986,1488.2,748.9,2015-03-07 05:00:00,2015-03-07 12:00:00,-1,66
1,2015,3,7,4,-8,-81.809,-76.434,1478.1,751.4,2015-03-07 04:00:00,2015-03-07 12:00:00,-1,66
1,2015,3,7,3,-9,-81.946,-75.841,1466,754.5,2015-03-07 03:00:00,2015-03-07 12:00:00,-1,66
1,2015,3,7,2,-10,-82.077,-75.203,1452.3,758.4,2015-03-07 02:00:00,2015-03-07 12:00:00,-1,66
1,2015,3,7,1,-11,-82.202,-74.512,1436.2,762.1,2015-03-07 01:00:00,2015-03-07 12:00:00,-1,66
1,2015,3,7,0,-12,-82.321,-73.76,1418.2,765.9,2015-03-07,2015-03-07 12:00:00,-1,66
1,2015,3,6,23,-13,-82.432,-72.992,1401.2,769.4,2015-03-06 23:00:00,2015-03-07 12:00:00,-1,66
1,2015,3,6,22,-14,-82.535,-72.253,1389.3,771.4,2015-03-06 22:00:00,2015-03-07 12:00:00,-1,66
1,2015,3,6,21,-15,-82.627,-71.539,1381.9,771.9,2015-03-06 21:00:00,2015-03-07 12:00:00,-1,66
1,2015,3,6,20,-16,-82.71,-70.848,1379.6,772,2015-03-06 20:00:00,2015-03-07 12:00:00,-1,66
1,2015,3,6,19,-17,-82.783,-70.178,1382.1,771.8,2015-03-06 19:00:00,2015-03-07 12:00:00,-1,66
1,2015,3,6,18,-18,-82.846,-69.528,1388.4,770.4,2015-03-06 18:00:00,2015-03-07 12:00:00,-1,66
1,2015,3,6,17,-19,-82.902,-68.882,1395.1,768.5,2015-03-06 17:00:00,2015-03-07 12:00:00,-1,66
1,2015,3,6,16,-20,-82.954,-68.221,1399.3,767.4,2015-03-06 16:00:00,2015-03-07 12:00:00,-1,66
1,2015,3,6,15,-21,-83.003,-67.541,1400.5,766.7,2015-03-06 15:00:00,2015-03-07 12:00:00,-1,66
1,2015,3,6,14,-22,-83.049,-66.833,1398.1,765.9,2015-03-06 14:00:00,2015-03-07 12:00:00,-1,66
1,2015,3,6,13,-23,-83.091,-66.091,1392,765.7,2015-03-06 13:00:00,2015-03-07 12:00:00,-1,66
1,2015,3,6,12,-24,-83.13,-65.306,1381.9,766.1,2015-03-06 12:00:00,2015-03-07 12:00:00,-1,66
1,2015,3,8,12,0,-80.3,-81.3,1500,729.5,2015-03-08 12:00:00,2015-03-08 12:00:00,24,67
1,2015,3,8,11,-1,-80.404,-80.705,1482,736.6,2015-03-08 11:00:00,2015-03-08 12:00:00,-1,67
1,2015,3,8,10,-2,-80.507,-80.141,1471.8,742.1,2015-03-08 10:00:00,2015-03-08 12:00:00,-1,67
1,2015,3,8,9,-3,-80.609,-79.609,1469,746,2015-03-08 09:00:00,2015-03-08 12:00:00,-1,67
1,2015,3,8,8,-4,-80.71,-79.112,1473.8,748.6,2015-03-08 08:00:00,2015-03-08 12:00:00,-1,67
1,2015,3,8,7,-5,-80.811,-78.651,1486.1,749.9,2015-03-08 07:00:00,2015-03-08 12:00:00,-1,67
1,2015,3,8,6,-6,-80.91,-78.225,1506.2,750.1,2015-03-08 06:00:00,2015-03-08 12:00:00,-1,67
1,2015,3,8,5,-7,-81.014,-77.799,1529.7,749.3,2015-03-08 05:00:00,2015-03-08 12:00:00,-1,67
1,2015,3,8,4,-8,-81.126,-77.336,1551.9,749,2015-03-08 04:00:00,2015-03-08 12:00:00,-1,67
1,2015,3,8,3,-9,-81.248,-76.834,1572.6,748.4,2015-03-08 03:00:00,2015-03-08 12:00:00,-1,67
1,2015,3,8,2,-10,-81.38,-76.289,1592.6,748,2015-03-08 02:00:00,2015-03-08 12:00:00,-1,67
1,2015,3,8,1,-11,-81.522,-75.698,1612.2,747.7,2015-03-08 01:00:00,2015-03-08 12:00:00,-1,67
1,2015,3,8,0,-12,-81.675,-75.06,1631.7,747.5,2015-03-08,2015-03-08 12:00:00,-1,67
1,2015,3,7,23,-13,-81.831,-74.405,1648.2,746.3,2015-03-07 23:00:00,2015-03-08 12:00:00,-1,67
1,2015,3,7,22,-14,-81.979,-73.766,1661.2,745.7,2015-03-07 22:00:00,2015-03-08 12:00:00,-1,67
1,2015,3,7,21,-15,-82.122,-73.143,1670.2,745.7,2015-03-07 21:00:00,2015-03-08 12:00:00,-1,67
1,2015,3,7,20,-16,-82.259,-72.539,1675.1,746.1,2015-03-07 20:00:00,2015-03-08 12:00:00,-1,67
1,2015,3,7,19,-17,-82.392,-71.95,1675.1,746.1,2015-03-07 19:00:00,2015-03-08 12:00:00,-1,67
1,2015,3,7,18,-18,-82.519,-71.37,1670.7,746.4,2015-03-07 18:00:00,2015-03-08 12:00:00,-1,67
1,2015,3,7,17,-19,-82.646,-70.751,1662.6,746,2015-03-07 17:00:00,2015-03-08 12:00:00,-1,67
1,2015,3,7,16,-20,-82.775,-70.044,1655.6,745.5,2015-03-07 16:00:00,2015-03-08 12:00:00,-1,67
1,2015,3,7,15,-21,-82.905,-69.249,1648.4,744.1,2015-03-07 15:00:00,2015-03-08 12:00:00,-1,67
1,2015,3,7,14,-22,-83.033,-68.366,1641.8,742.8,2015-03-07 14:00:00,2015-03-08 12:00:00,-1,67
1,2015,3,7,13,-23,-83.158,-67.396,1636,741.7,2015-03-07 13:00:00,2015-03-08 12:00:00,-1,67
1,2015,3,7,12,-24,-83.278,-66.329,1630.1,739.3,2015-03-07 12:00:00,2015-03-08 12:00:00,-1,67
1,2015,3,9,12,0,-80.3,-81.3,1500,733.9,2015-03-09 12:00:00,2015-03-09 12:00:00,24,68
1,2015,3,9,11,-1,-80.434,-80.527,1493.8,741.1,2015-03-09 11:00:00,2015-03-09 12:00:00,-1,68
1,2015,3,9,10,-2,-80.564,-79.77,1490.2,747.1,2015-03-09 10:00:00,2015-03-09 12:00:00,-1,68
1,2015,3,9,9,-3,-80.689,-79.029,1488.6,751.9,2015-03-09 09:00:00,2015-03-09 12:00:00,-1,68
1,2015,3,9,8,-4,-80.808,-78.303,1488.9,756.4,2015-03-09 08:00:00,2015-03-09 12:00:00,-1,68
1,2015,3,9,7,-5,-80.921,-77.59,1490.9,760.5,2015-03-09 07:00:00,2015-03-09 12:00:00,-1,68
1,2015,3,9,6,-6,-81.027,-76.889,1493.5,763.4,2015-03-09 06:00:00,2015-03-09 12:00:00,-1,68
1,2015,3,9,5,-7,-81.122,-76.173,1494.5,766.7,2015-03-09 05:00:00,2015-03-09 12:00:00,-1,68
1,2015,3,9,4,-8,-81.207,-75.424,1491.3,771.1,2015-03-09 04:00:00,2015-03-09 12:00:00,-1,68
1,2015,3,9,3,-9,-81.283,-74.648,1484.3,775.6,2015-03-09 03:00:00,2015-03-09 12:00:00,-1,68
1,2015,3,9,2,-10,-81.35,-73.852,1474.1,779.9,2015-03-09 02:00:00,2015-03-09 12:00:00,-1,68
1,2015,3,9,1,-11,-81.408,-73.041,1461.4,784.9,2015-03-09 01:00:00,2015-03-09 12:00:00,-1,68
1,2015,3,9,0,-12,-81.457,-72.221,1446.2,789.8,2015-03-09,2015-03-09 12:00:00,-1,68
1,2015,3,8,23,-13,-81.5,-71.408,1429.5,793.5,2015-03-08 23:00:00,2015-03-09 12:00:00,-1,68
1,2015,3,8,22,-14,-81.54,-70.615,1412.8,797.2,2015-03-08 22:00:00,2015-03-09 12:00:00,-1,68
1,2015,3,8,21,-15,-81.578,-69.844,1395.8,800.6,2015-03-08 21:00:00,2015-03-09 12:00:00,-1,68
1,2015,3,8,20,-16,-81.614,-69.097,1378.2,803.1,2015-03-08 20:00:00,2015-03-09 12:00:00,-1,68
1,2015,3,8,19,-17,-81.648,-68.373,1360.6,805.6,2015-03-08 19:00:00,2015-03-09 12:00:00,-1,68
1,2015,3,8,18,-18,-81.683,-67.67,1342.9,808.2,2015-03-08 18:00:00,2015-03-09 12:00:00,-1,68
1,2015,3,8,17,-19,-81.715,-66.962,1323.5,809.8,2015-03-08 17:00:00,2015-03-09 12:00:00,-1,68
1,2015,3,8,16,-20,-81.744,-66.226,1302.8,811.5,2015-03-08 16:00:00,2015-03-09 12:00:00,-1,68
1,2015,3,8,15,-21,-81.769,-65.456,1280.9,813.6,2015-03-08 15:00:00,2015-03-09 12:00:00,-1,68
1,2015,3,8,14,-22,-81.79,-64.653,1257.7,815.5,2015-03-08 14:00:00,2015-03-09 12:00:00,-1,68
1,2015,3,8,13,-23,-81.807,-63.815,1233.6,817.2,2015-03-08 13:00:00,2015-03-09 12:00:00,-1,68
1,2015,3,8,12,-24,-81.819,-62.937,1208.9,819,2015-03-08 12:00:00,2015-03-09 12:00:00,-1,68
1,2015,3,10,12,0,-80.3,-81.3,1500,725.1,2015-03-10 12:00:00,2015-03-10 12:00:00,24,69
1,2015,3,10,11,-1,-80.51,-81.209,1510.4,722.3,2015-03-10 11:00:00,2015-03-10 12:00:00,-1,69
1,2015,3,10,10,-2,-80.719,-81.1,1518.6,719.9,2015-03-10 10:00:00,2015-03-10 12:00:00,-1,69
1,2015,3,10,9,-3,-80.928,-80.972,1524.6,717.9,2015-03-10 09:00:00,2015-03-10 12:00:00,-1,69
1,2015,3,10,8,-4,-81.136,-80.826,1528.5,716.3,2015-03-10 08:00:00,2015-03-10 12:00:00,-1,69
1,2015,3,10,7,-5,-81.344,-80.662,1530.2,715.1,2015-03-10 07:00:00,2015-03-10 12:00:00,-1,69
1,2015,3,10,6,-6,-81.551,-80.476,1529.7,714.2,2015-03-10 06:00:00,2015-03-10 12:00:00,-1,69
1,2015,3,10,5,-7,-81.756,-80.249,1528.7,714,2015-03-10 05:00:00,2015-03-10 12:00:00,-1,69
1,2015,3,10,4,-8,-81.951,-79.959,1528.9,714.2,2015-03-10 04:00:00,2015-03-10 12:00:00,-1,69
1,2015,3,10,3,-9,-82.139,-79.604,1531.1,714.3,2015-03-10 03:00:00,2015-03-10 12:00:00,-1,69
1,2015,3,10,2,-10,-82.319,-79.18,1536.4,714.7,2015-03-10 02:00:00,2015-03-10 12:00:00,-1,69
1,2015,3,10,1,-11,-82.491,-78.678,1545.7,715.2,2015-03-10 01:00:00,2015-03-10 12:00:00,-1,69
1,2015,3,10,0,-12,-82.656,-78.057,1560.4,715.7,2015-03-10,2015-03-10 12:00:00,-1,69
1,2015,3,9,23,-13,-82.807,-77.273,1580.2,716.6,2015-03-09 23:00:00,2015-03-10 12:00:00,-1,69
1,2015,3,9,22,-14,-82.939,-76.34,1600.7,718.3,2015-03-09 22:00:00,2015-03-10 12:00:00,-1,69
1,2015,3,9,21,-15,-83.053,-75.278,1622.8,720.5,2015-03-09 21:00:00,2015-03-10 12:00:00,-1,69
1,2015,3,9,20,-16,-83.152,-74.105,1645.3,721.8,2015-03-09 20:00:00,2015-03-10 12:00:00,-1,69
1,2015,3,9,19,-17,-83.236,-72.837,1668.6,723.1,2015-03-09 19:00:00,2015-03-10 12:00:00,-1,69
1,2015,3,9,18,-18,-83.307,-71.502,1692.4,724.1,2015-03-09 18:00:00,2015-03-10 12:00:00,-1,69
1,2015,3,9,17,-19,-83.364,-70.105,1713.9,724.9,2015-03-09 17:00:00,2015-03-10 12:00:00,-1,69
1,2015,3,9,16,-20,-83.403,-68.62,1730.3,724.7,2015-03-09 16:00:00,2015-03-10 12:00:00,-1,69
1,2015,3,9,15,-21,-83.422,-67.048,1741.6,725.6,2015-03-09 15:00:00,2015-03-10 12:00:00,-1,69
1,2015,3,9,14,-22,-83.42,-65.406,1746.8,727.1,2015-03-09 14:00:00,2015-03-10 12:00:00,-1,69
1,2015,3,9,13,-23,-83.396,-63.714,1744.8,728,2015-03-09 13:00:00,2015-03-10 12:00:00,-1,69
1,2015,3,9,12,-24,-83.348,-61.99,1736.3,729.6,2015-03-09 12:00:00,2015-03-10 12:00:00,-1,69
1,2015,3,11,12,0,-80.3,-81.3,1500,726.7,2015-03-11 12:00:00,2015-03-11 12:00:00,24,70
1,2015,3,11,11,-1,-80.362,-80.884,1512.8,728.8,2015-03-11 11:00:00,2015-03-11 12:00:00,-1,70
1,2015,3,11,10,-2,-80.422,-80.432,1526.4,731.2,2015-03-11 10:00:00,2015-03-11 12:00:00,-1,70
1,2015,3,11,9,-3,-80.482,-79.942,1540.4,733.9,2015-03-11 09:00:00,2015-03-11 12:00:00,-1,70
1,2015,3,11,8,-4,-80.541,-79.417,1554.1,736.5,2015-03-11 08:00:00,2015-03-11 12:00:00,-1,70
1,2015,3,11,7,-5,-80.598,-78.857,1568,739.3,2015-03-11 07:00:00,2015-03-11 12:00:00,-1,70
1,2015,3,11,6,-6,-80.653,-78.263,1582,742.4,2015-03-11 06:00:00,2015-03-11 12:00:00,-1,70
1,2015,3,11,5,-7,-80.708,-77.656,1594.5,745.4,2015-03-11 05:00:00,2015-03-11 12:00:00,-1,70
1,2015,3,11,4,-8,-80.764,-77.058,1603.7,748,2015-03-11 04:00:00,2015-03-11 12:00:00,-1,70
1,2015,3,11,3,-9,-80.819,-76.469,1609.9,750.7,2015-03-11 03:00:00,2015-03-11 12:00:00,-1,70
1,2015,3,11,2,-10,-80.874,-75.892,1613.3,753.7,2015-03-11 02:00:00,2015-03-11 12:00:00,-1,70
1,2015,3,11,1,-11,-80.928,-75.327,1614.2,756.9,2015-03-11 01:00:00,2015-03-11 12:00:00,-1,70
1,2015,3,11,0,-12,-80.98,-74.774,1612.5,759.9,2015-03-11,2015-03-11 12:00:00,-1,70
1,2015,3,10,23,-13,-81.029,-74.223,1609.9,762.6,2015-03-10 23:00:00,2015-03-11 12:00:00,-1,70
1,2015,3,10,22,-14,-81.072,-73.667,1608.6,765.2,2015-03-10 22:00:00,2015-03-11 12:00:00,-1,70
1,2015,3,10,21,-15,-81.109,-73.111,1608.6,767.7,2015-03-10 21:00:00,2015-03-11 12:00:00,-1,70
1,2015,3,10,20,-16,-81.14,-72.558,1609.9,770.2,2015-03-10 20:00:00,2015-03-11 12:00:00,-1,70
1,2015,3,10,19,-17,-81.165,-72.009,1611.8,771.5,2015-03-10 19:00:00,2015-03-11 12:00:00,-1,70
1,2015,3,10,18,-18,-81.185,-71.465,1614.9,772.7,2015-03-10 18:00:00,2015-03-11 12:00:00,-1,70
1,2015,3,10,17,-19,-81.204,-70.931,1618.3,773.7,2015-03-10 17:00:00,2015-03-11 12:00:00,-1,70
1,2015,3,10,16,-20,-81.23,-70.408,1622.4,774.7,2015-03-10 16:00:00,2015-03-11 12:00:00,-1,70
1,2015,3,10,15,-21,-81.263,-69.892,1626.4,775.3,2015-03-10 15:00:00,2015-03-11 12:00:00,-1,70
1,2015,3,10,14,-22,-81.301,-69.38,1629.8,775,2015-03-10 14:00:00,2015-03-11 12:00:00,-1,70
1,2015,3,10,13,-23,-81.345,-68.87,1632.8,774.8,2015-03-10 13:00:00,2015-03-11 12:00:00,-1,70
1,2015,3,10,12,-24,-81.394,-68.361,1635.4,774.6,2015-03-10 12:00:00,2015-03-11 12:00:00,-1,70
1,2015,3,12,12,0,-80.3,-81.3,1500,726.9,2015-03-12 12:00:00,2015-03-12 12:00:00,24,71
1,2015,3,12,11,-1,-80.224,-81.666,1476.2,726.3,2015-03-12 11:00:00,2015-03-12 12:00:00,-1,71
1,2015,3,12,10,-2,-80.157,-81.984,1455.4,725.5,2015-03-12 10:00:00,2015-03-12 12:00:00,-1,71
1,2015,3,12,9,-3,-80.101,-82.252,1437.9,724.8,2015-03-12 09:00:00,2015-03-12 12:00:00,-1,71
1,2015,3,12,8,-4,-80.056,-82.471,1423.6,724.1,2015-03-12 08:00:00,2015-03-12 12:00:00,-1,71
1,2015,3,12,7,-5,-80.024,-82.64,1412.9,723.5,2015-03-12 07:00:00,2015-03-12 12:00:00,-1,71
1,2015,3,12,6,-6,-80.006,-82.759,1405.5,723,2015-03-12 06:00:00,2015-03-12 12:00:00,-1,71
1,2015,3,12,5,-7,-79.997,-82.844,1400,722.5,2015-03-12 05:00:00,2015-03-12 12:00:00,-1,71
1,2015,3,12,4,-8,-79.995,-82.915,1394.3,722.3,2015-03-12 04:00:00,2015-03-12 12:00:00,-1,71
1,2015,3,12,3,-9,-80,-82.97,1388.4,722.4,2015-03-12 03:00:00,2015-03-12 12:00:00,-1,71
1,2015,3,12,2,-10,-80.012,-83.006,1382.4,722.5,2015-03-12 02:00:00,2015-03-12 12:00:00,-1,71
1,2015,3,12,1,-11,-80.03,-83.02,1376.2,722.8,2015-03-12 01:00:00,2015-03-12 12:00:00,-1,71
1,2015,3,12,0,-12,-80.055,-83.009,1369.8,723.3,2015-03-12,2015-03-12 12:00:00,-1,71
1,2015,3,11,23,-13,-80.086,-82.97,1361.8,724.1,2015-03-11 23:00:00,2015-03-12 12:00:00,-1,71
1,2015,3,11,22,-14,-80.12,-82.896,1350.6,725.6,2015-03-11 22:00:00,2015-03-12 12:00:00,-1,71
1,2015,3,11,21,-15,-80.16,-82.782,1336.2,728,2015-03-11 21:00:00,2015-03-12 12:00:00,-1,71
1,2015,3,11,20,-16,-80.204,-82.622,1318.9,731.1,2015-03-11 20:00:00,2015-03-12 12:00:00,-1,71
1,2015,3,11,19,-17,-80.253,-82.409,1298.9,735.1,2015-03-11 19:00:00,2015-03-12 12:00:00,-1,71
1,2015,3,11,18,-18,-80.308,-82.139,1276.2,740.1,2015-03-11 18:00:00,2015-03-12 12:00:00,-1,71
1,2015,3,11,17,-19,-80.369,-81.816,1255.8,745.9,2015-03-11 17:00:00,2015-03-12 12:00:00,-1,71
1,2015,3,11,16,-20,-80.434,-81.448,1242.1,750.7,2015-03-11 16:00:00,2015-03-12 12:00:00,-1,71
1,2015,3,11,15,-21,-80.502,-81.039,1235.2,755,2015-03-11 15:00:00,2015-03-12 12:00:00,-1,71
1,2015,3,11,14,-22,-80.572,-80.592,1235,759,2015-03-11 14:00:00,2015-03-12 12:00:00,-1,71
1,2015,3,11,13,-23,-80.643,-80.108,1241.4,762.5,2015-03-11 13:00:00,2015-03-12 12:00:00,-1,71
1,2015,3,11,12,-24,-80.714,-79.591,1253.9,765.2,2015-03-11 12:00:00,2015-03-12 12:00:00,-1,71
1,2015,3,13,12,0,-80.3,-81.3,1500,732.8,2015-03-13 12:00:00,2015-03-13 12:00:00,24,72
1,2015,3,13,11,-1,-80.208,-80.628,1484.7,743.1,2015-03-13 11:00:00,2015-03-13 12:00:00,-1,72
1,2015,3,13,10,-2,-80.149,-79.925,1467.3,753.9,2015-03-13 10:00:00,2015-03-13 12:00:00,-1,72
1,2015,3,13,9,-3,-80.118,-79.209,1446.6,763.8,2015-03-13 09:00:00,2015-03-13 12:00:00,-1,72
1,2015,3,13,8,-4,-80.113,-78.491,1423.2,773.6,2015-03-13 08:00:00,2015-03-13 12:00:00,-1,72
1,2015,3,13,7,-5,-80.131,-77.783,1397.1,783.3,2015-03-13 07:00:00,2015-03-13 12:00:00,-1,72
1,2015,3,13,6,-6,-80.168,-77.091,1368.2,792.1,2015-03-13 06:00:00,2015-03-13 12:00:00,-1,72
1,2015,3,13,5,-7,-80.212,-76.446,1336.7,799.9,2015-03-13 05:00:00,2015-03-13 12:00:00,-1,72
1,2015,3,13,4,-8,-80.254,-75.871,1302.1,807.5,2015-03-13 04:00:00,2015-03-13 12:00:00,-1,72
1,2015,3,13,3,-9,-80.292,-75.371,1264.6,814.6,2015-03-13 03:00:00,2015-03-13 12:00:00,-1,72
1,2015,3,13,2,-10,-80.325,-74.953,1224.5,821.2,2015-03-13 02:00:00,2015-03-13 12:00:00,-1,72
1,2015,3,13,1,-11,-80.35,-74.619,1181.6,826.9,2015-03-13 01:00:00,2015-03-13 12:00:00,-1,72
1,2015,3,13,0,-12,-80.365,-74.369,1136.3,832.7,2015-03-13,2015-03-13 12:00:00,-1,72
1,2015,3,12,23,-13,-80.377,-74.173,1092.3,839.3,2015-03-12 23:00:00,2015-03-13 12:00:00,-1,72
1,2015,3,12,22,-14,-80.393,-74.009,1052.7,844.8,2015-03-12 22:00:00,2015-03-13 12:00:00,-1,72
1,2015,3,12,21,-15,-80.411,-73.877,1017.6,849.5,2015-03-12 21:00:00,2015-03-13 12:00:00,-1,72
1,2015,3,12,20,-16,-80.431,-73.775,987,853.5,2015-03-12 20:00:00,2015-03-13 12:00:00,-1,72
1,2015,3,12,19,-17,-80.453,-73.703,960.9,856.8,2015-03-12 19:00:00,2015-03-13 12:00:00,-1,72
1,2015,3,12,18,-18,-80.475,-73.661,939.1,859.4,2015-03-12 18:00:00,2015-03-13 12:00:00,-1,72
1,2015,3,12,17,-19,-80.499,-73.656,920,860.8,2015-03-12 17:00:00,2015-03-13 12:00:00,-1,72
1,2015,3,12,16,-20,-80.528,-73.696,901.9,861.8,2015-03-12 16:00:00,2015-03-13 12:00:00,-1,72
1,2015,3,12,15,-21,-80.561,-73.78,884.7,862.4,2015-03-12 15:00:00,2015-03-13 12:00:00,-1,72
1,2015,3,12,14,-22,-80.598,-73.905,868.6,862.5,2015-03-12 14:00:00,2015-03-13 12:00:00,-1,72
1,2015,3,12,13,-23,-80.638,-74.068,853.4,862.1,2015-03-12 13:00:00,2015-03-13 12:00:00,-1,72
1,2015,3,12,12,-24,-80.681,-74.264,839.2,861.3,2015-03-12 12:00:00,2015-03-13 12:00:00,-1,72
1,2015,3,14,12,0,-80.3,-81.3,1500,737.6,2015-03-14 12:00:00,2015-03-14 12:00:00,24,73
1,2015,3,14,11,-1,-80.409,-81.537,1522.2,731,2015-03-14 11:00:00,2015-03-14 12:00:00,-1,73
1,2015,3,14,10,-2,-80.499,-81.726,1543.8,725.3,2015-03-14 10:00:00,2015-03-14 12:00:00,-1,73
1,2015,3,14,9,-3,-80.572,-81.863,1565.1,720.7,2015-03-14 09:00:00,2015-03-14 12:00:00,-1,73
1,2015,3,14,8,-4,-80.628,-81.947,1586.3,716.9,2015-03-14 08:00:00,2015-03-14 12:00:00,-1,73
1,2015,3,14,7,-5,-80.668,-81.972,1607.6,714,2015-03-14 07:00:00,2015-03-14 12:00:00,-1,73
1,2015,3,14,6,-6,-80.694,-81.933,1629.1,712,2015-03-14 06:00:00,2015-03-14 12:00:00,-1,73
1,2015,3,14,5,-7,-80.709,-81.828,1649.8,710.8,2015-03-14 05:00:00,2015-03-14 12:00:00,-1,73
1,2015,3,14,4,-8,-80.717,-81.658,1668.4,710.7,2015-03-14 04:00:00,2015-03-14 12:00:00,-1,73
1,2015,3,14,3,-9,-80.72,-81.42,1684.8,711.4,2015-03-14 03:00:00,2015-03-14 12:00:00,-1,73
1,2015,3,14,2,-10,-80.722,-81.111,1699.1,713.2,2015-03-14 02:00:00,2015-03-14 12:00:00,-1,73
1,2015,3,14,1,-11,-80.723,-80.727,1711,716.1,2015-03-14 01:00:00,2015-03-14 12:00:00,-1,73
1,2015,3,14,0,-12,-80.726,-80.264,1720.2,720,2015-03-14,2015-03-14 12:00:00,-1,73
1,2015,3,13,23,-13,-80.728,-79.742,1726.7,724.2,2015-03-13 23:00:00,2015-03-14 12:00:00,-1,73
1,2015,3,13,22,-14,-80.724,-79.179,1731.4,728.7,2015-03-13 22:00:00,2015-03-14 12:00:00,-1,73
1,2015,3,13,21,-15,-80.716,-78.568,1734.5,733.9,2015-03-13 21:00:00,2015-03-14 12:00:00,-1,73
1,2015,3,13,20,-16,-80.707,-77.903,1736.2,739.8,2015-03-13 20:00:00,2015-03-14 12:00:00,-1,73
1,2015,3,13,19,-17,-80.697,-77.183,1736,745.9,2015-03-13 19:00:00,2015-03-14 12:00:00,-1,73
1,2015,3,13,18,-18,-80.688,-76.407,1733.9,751.7,2015-03-13 18:00:00,2015-03-14 12:00:00,-1,73
1,2015,3,13,17,-19,-80.684,-75.609,1729.7,757.9,2015-03-13 17:00:00,2015-03-14 12:00:00,-1,73
1,2015,3,13,16,-20,-80.689,-74.833,1722.9,764,2015-03-13 16:00:00,2015-03-14 12:00:00,-1,73
1,2015,3,13,15,-21,-80.701,-74.082,1712.8,769,2015-03-13 15:00:00,2015-03-14 12:00:00,-1,73
1,2015,3,13,14,-22,-80.716,-73.361,1700.7,773.8,2015-03-13 14:00:00,2015-03-14 12:00:00,-1,73
1,2015,3,13,13,-23,-80.734,-72.672,1686.8,778.6,2015-03-13 13:00:00,2015-03-14 12:00:00,-1,73
1,2015,3,13,12,-24,-80.753,-72.021,1670.4,782.2,2015-03-13 12:00:00,2015-03-14 12:00:00,-1,73
1,2015,3,15,12,0,-80.3,-81.3,1500,729.2,2015-03-15 12:00:00,2015-03-15 12:00:00,24,74
1,2015,3,15,11,-1,-80.258,-82.598,1482.5,717.1,2015-03-15 11:00:00,2015-03-15 12:00:00,-1,74
1,2015,3,15,10,-2,-80.213,-83.963,1469.1,703.3,2015-03-15 10:00:00,2015-03-15 12:00:00,-1,74
1,2015,3,15,9,-3,-80.164,-85.38,1460.2,688.5,2015-03-15 09:00:00,2015-03-15 12:00:00,-1,74
1,2015,3,15,8,-4,-80.11,-86.824,1455.3,672.9,2015-03-15 08:00:00,2015-03-15 12:00:00,-1,74
1,2015,3,15,7,-5,-80.054,-88.28,1455.7,658.1,2015-03-15 07:00:00,2015-03-15 12:00:00,-1,74
1,2015,3,15,6,-6,-80.001,-89.752,1462,643.3,2015-03-15 06:00:00,2015-03-15 12:00:00,-1,74
1,2015,3,15,5,-7,-79.955,-91.209,1473.3,631,2015-03-15 05:00:00,2015-03-15 12:00:00,-1,74
1,2015,3,15,4,-8,-79.913,-92.621,1484.1,620.4,2015-03-15 04:00:00,2015-03-15 12:00:00,-1,74
1,2015,3,15,3,-9,-79.871,-93.984,1495.7,613.6,2015-03-15 03:00:00,2015-03-15 12:00:00,-1,74
1,2015,3,15,2,-10,-79.824,-95.29,1505.5,608.2,2015-03-15 02:00:00,2015-03-15 12:00:00,-1,74
1,2015,3,15,1,-11,-79.771,-96.521,1514.2,605.8,2015-03-15 01:00:00,2015-03-15 12:00:00,-1,74
1,2015,3,15,0,-12,-79.711,-97.663,1520.2,604.5,2015-03-15,2015-03-15 12:00:00,-1,74
1,2015,3,14,23,-13,-79.643,-98.717,1521.7,605.1,2015-03-14 23:00:00,2015-03-15 12:00:00,-1,74
1,2015,3,14,22,-14,-79.566,-99.691,1517.2,607.1,2015-03-14 22:00:00,2015-03-15 12:00:00,-1,74
1,2015,3,14,21,-15,-79.48,-100.573,1507.5,611.2,2015-03-14 21:00:00,2015-03-15 12:00:00,-1,74
1,2015,3,14,20,-16,-79.384,-101.354,1493,616.5,2015-03-14 20:00:00,2015-03-15 12:00:00,-1,74
1,2015,3,14,19,-17,-79.277,-102.028,1473.8,622.5,2015-03-14 19:00:00,2015-03-15 12:00:00,-1,74
1,2015,3,14,18,-18,-79.16,-102.59,1450.3,629,2015-03-14 18:00:00,2015-03-15 12:00:00,-1,74
1,2015,3,14,17,-19,-79.041,-103.036,1427,635.8,2015-03-14 17:00:00,2015-03-15 12:00:00,-1,74
1,2015,3,14,16,-20,-78.933,-103.375,1409,641.2,2015-03-14 16:00:00,2015-03-15 12:00:00,-1,74
1,2015,3,14,15,-21,-78.834,-103.612,1395.6,645.7,2015-03-14 15:00:00,2015-03-15 12:00:00,-1,74
1,2015,3,14,14,-22,-78.745,-103.755,1386.6,649.4,2015-03-14 14:00:00,2015-03-15 12:00:00,-1,74
1,2015,3,14,13,-23,-78.665,-103.807,1382,652.2,2015-03-14 13:00:00,2015-03-15 12:00:00,-1,74
1,2015,3,14,12,-24,-78.595,-103.774,1381.4,654.1,2015-03-14 12:00:00,2015-03-15 12:00:00,-1,74
1,2015,3,16,12,0,-80.3,-81.3,1500,727.7,2015-03-16 12:00:00,2015-03-16 12:00:00,24,75
1,2015,3,16,11,-1,-80.479,-81.393,1526.8,721.4,2015-03-16 11:00:00,2015-03-16 12:00:00,-1,75
1,2015,3,16,10,-2,-80.634,-81.619,1554.1,714,2015-03-16 10:00:00,2015-03-16 12:00:00,-1,75
1,2015,3,16,9,-3,-80.763,-81.996,1581.9,705.4,2015-03-16 09:00:00,2015-03-16 12:00:00,-1,75
1,2015,3,16,8,-4,-80.869,-82.544,1610.2,695.5,2015-03-16 08:00:00,2015-03-16 12:00:00,-1,75
1,2015,3,16,7,-5,-80.949,-83.271,1639,684.3,2015-03-16 07:00:00,2015-03-16 12:00:00,-1,75
1,2015,3,16,6,-6,-81.007,-84.178,1668.5,671.6,2015-03-16 06:00:00,2015-03-16 12:00:00,-1,75
1,2015,3,16,5,-7,-81.051,-85.164,1697.3,658,2015-03-16 05:00:00,2015-03-16 12:00:00,-1,75
1,2015,3,16,4,-8,-81.09,-86.14,1726.1,644.8,2015-03-16 04:00:00,2015-03-16 12:00:00,-1,75
1,2015,3,16,3,-9,-81.127,-87.128,1753.9,631.9,2015-03-16 03:00:00,2015-03-16 12:00:00,-1,75
1,2015,3,16,2,-10,-81.162,-88.149,1781.7,620.1,2015-03-16 02:00:00,2015-03-16 12:00:00,-1,75
1,2015,3,16,1,-11,-81.197,-89.226,1809.1,608.8,2015-03-16 01:00:00,2015-03-16 12:00:00,-1,75
1,2015,3,16,0,-12,-81.235,-90.379,1836.1,597.8,2015-03-16,2015-03-16 12:00:00,-1,75
1,2015,3,15,23,-13,-81.272,-91.655,1859.9,587.1,2015-03-15 23:00:00,2015-03-16 12:00:00,-1,75
1,2015,3,15,22,-14,-81.305,-93.089,1878.1,577.5,2015-03-15 22:00:00,2015-03-16 12:00:00,-1,75
1,2015,3,15,21,-15,-81.335,-94.678,1891.5,569.3,2015-03-15 21:00:00,2015-03-16 12:00:00,-1,75
1,2015,3,15,20,-16,-81.361,-96.411,1901,563.3,2015-03-15 20:00:00,2015-03-16 12:00:00,-1,75
1,2015,3,15,19,-17,-81.381,-98.284,1906.9,559.3,2015-03-15 19:00:00,2015-03-16 12:00:00,-1,75
1,2015,3,15,18,-18,-81.394,-100.294,1910.2,557.9,2015-03-15 18:00:00,2015-03-16 12:00:00,-1,75
1,2015,3,15,17,-19,-81.4,-102.382,1913.1,558.9,2015-03-15 17:00:00,2015-03-16 12:00:00,-1,75
1,2015,3,15,16,-20,-81.394,-104.495,1917.8,562.8,2015-03-15 16:00:00,2015-03-16 12:00:00,-1,75
1,2015,3,15,15,-21,-81.376,-106.617,1923.7,568.5,2015-03-15 15:00:00,2015-03-16 12:00:00,-1,75
1,2015,3,15,14,-22,-81.347,-108.729,1930.8,575.8,2015-03-15 14:00:00,2015-03-16 12:00:00,-1,75
1,2015,3,15,13,-23,-81.308,-110.817,1939.6,583.9,2015-03-15 13:00:00,2015-03-16 12:00:00,-1,75
1,2015,3,15,12,-24,-81.263,-112.874,1949.7,592.5,2015-03-15 12:00:00,2015-03-16 12:00:00,-1,75
1,2015,3,17,12,0,-80.3,-81.3,1500,730.7,2015-03-17 12:00:00,2015-03-17 12:00:00,24,76
1,2015,3,17,11,-1,-80.385,-80.705,1515.9,734.2,2015-03-17 11:00:00,2015-03-17 12:00:00,-1,76
1,2015,3,17,10,-2,-80.47,-80.157,1528.3,737.6,2015-03-17 10:00:00,2015-03-17 12:00:00,-1,76
1,2015,3,17,9,-3,-80.552,-79.65,1537,740.2,2015-03-17 09:00:00,2015-03-17 12:00:00,-1,76
1,2015,3,17,8,-4,-80.632,-79.182,1542.5,742.6,2015-03-17 08:00:00,2015-03-17 12:00:00,-1,76
1,2015,3,17,7,-5,-80.709,-78.75,1545.1,745,2015-03-17 07:00:00,2015-03-17 12:00:00,-1,76
1,2015,3,17,6,-6,-80.781,-78.351,1544.9,747.4,2015-03-17 06:00:00,2015-03-17 12:00:00,-1,76
1,2015,3,17,5,-7,-80.855,-77.954,1544,750,2015-03-17 05:00:00,2015-03-17 12:00:00,-1,76
1,2015,3,17,4,-8,-80.932,-77.525,1543.6,752.5,2015-03-17 04:00:00,2015-03-17 12:00:00,-1,76
1,2015,3,17,3,-9,-81.013,-77.059,1543.9,754.5,2015-03-17 03:00:00,2015-03-17 12:00:00,-1,76
1,2015,3,17,2,-10,-81.096,-76.557,1545.3,756.5,2015-03-17 02:00:00,2015-03-17 12:00:00,-1,76
1,2015,3,17,1,-11,-81.181,-76.014,1548,758.6,2015-03-17 01:00:00,2015-03-17 12:00:00,-1,76
1,2015,3,17,0,-12,-81.267,-75.426,1552.5,760.7,2015-03-17,2015-03-17 12:00:00,-1,76
1,2015,3,16,23,-13,-81.354,-74.811,1558.5,762.4,2015-03-16 23:00:00,2015-03-17 12:00:00,-1,76
1,2015,3,16,22,-14,-81.443,-74.187,1565,763.1,2015-03-16 22:00:00,2015-03-17 12:00:00,-1,76
1,2015,3,16,21,-15,-81.532,-73.551,1572.6,763.7,2015-03-16 21:00:00,2015-03-17 12:00:00,-1,76
1,2015,3,16,20,-16,-81.624,-72.896,1581.5,764.3,2015-03-16 20:00:00,2015-03-17 12:00:00,-1,76
1,2015,3,16,19,-17,-81.717,-72.217,1591.3,764.3,2015-03-16 19:00:00,2015-03-17 12:00:00,-1,76
1,2015,3,16,18,-18,-81.811,-71.505,1601.6,763.7,2015-03-16 18:00:00,2015-03-17 12:00:00,-1,76
1,2015,3,16,17,-19,-81.907,-70.768,1613.1,763.4,2015-03-16 17:00:00,2015-03-17 12:00:00,-1,76
1,2015,3,16,16,-20,-82.003,-70.015,1625.4,763.1,2015-03-16 16:00:00,2015-03-17 12:00:00,-1,76
1,2015,3,16,15,-21,-82.1,-69.246,1637.4,761.6,2015-03-16 15:00:00,2015-03-17 12:00:00,-1,76
1,2015,3,16,14,-22,-82.195,-68.461,1650.1,760,2015-03-16 14:00:00,2015-03-17 12:00:00,-1,76
1,2015,3,16,13,-23,-82.287,-67.662,1663.2,758.4,2015-03-16 13:00:00,2015-03-17 12:00:00,-1,76
1,2015,3,16,12,-24,-82.376,-66.849,1676.2,756.4,2015-03-16 12:00:00,2015-03-17 12:00:00,-1,76
1,2015,3,18,12,0,-80.3,-81.3,1500,731.7,2015-03-18 12:00:00,2015-03-18 12:00:00,24,77
1,2015,3,18,11,-1,-80.558,-80.774,1499.4,733.5,2015-03-18 11:00:00,2015-03-18 12:00:00,-1,77
1,2015,3,18,10,-2,-80.794,-80.275,1496.6,735.4,2015-03-18 10:00:00,2015-03-18 12:00:00,-1,77
1,2015,3,18,9,-3,-81.009,-79.803,1491.1,737.1,2015-03-18 09:00:00,2015-03-18 12:00:00,-1,77
1,2015,3,18,8,-4,-81.209,-79.363,1482.8,738.8,2015-03-18 08:00:00,2015-03-18 12:00:00,-1,77
1,2015,3,18,7,-5,-81.394,-78.958,1471.7,740.5,2015-03-18 07:00:00,2015-03-18 12:00:00,-1,77
1,2015,3,18,6,-6,-81.569,-78.594,1457.6,742.3,2015-03-18 06:00:00,2015-03-18 12:00:00,-1,77
1,2015,3,18,5,-7,-81.728,-78.222,1443.6,744.4,2015-03-18 05:00:00,2015-03-18 12:00:00,-1,77
1,2015,3,18,4,-8,-81.867,-77.783,1433,746.6,2015-03-18 04:00:00,2015-03-18 12:00:00,-1,77
1,2015,3,18,3,-9,-81.985,-77.264,1425.4,749.1,2015-03-18 03:00:00,2015-03-18 12:00:00,-1,77
1,2015,3,18,2,-10,-82.085,-76.652,1420.6,752,2015-03-18 02:00:00,2015-03-18 12:00:00,-1,77
1,2015,3,18,1,-11,-82.167,-75.939,1418.4,755.6,2015-03-18 01:00:00,2015-03-18 12:00:00,-1,77
1,2015,3,18,0,-12,-82.233,-75.12,1418.2,759.9,2015-03-18,2015-03-18 12:00:00,-1,77
1,2015,3,17,23,-13,-82.295,-74.25,1418.7,763.9,2015-03-17 23:00:00,2015-03-18 12:00:00,-1,77
1,2015,3,17,22,-14,-82.36,-73.38,1419.3,767.5,2015-03-17 22:00:00,2015-03-18 12:00:00,-1,77
1,2015,3,17,21,-15,-82.429,-72.514,1420.9,770.8,2015-03-17 21:00:00,2015-03-18 12:00:00,-1,77
1,2015,3,17,20,-16,-82.499,-71.653,1423.1,772.2,2015-03-17 20:00:00,2015-03-18 12:00:00,-1,77
1,2015,3,17,19,-17,-82.567,-70.786,1426.1,773,2015-03-17 19:00:00,2015-03-18 12:00:00,-1,77
1,2015,3,17,18,-18,-82.634,-69.901,1430.2,773.7,2015-03-17 18:00:00,2015-03-18 12:00:00,-1,77
1,2015,3,17,17,-19,-82.693,-68.971,1434.7,774.1,2015-03-17 17:00:00,2015-03-18 12:00:00,-1,77
1,2015,3,17,16,-20,-82.744,-67.972,1438.4,775,2015-03-17 16:00:00,2015-03-18 12:00:00,-1,77
1,2015,3,17,15,-21,-82.784,-66.918,1441,775.4,2015-03-17 15:00:00,2015-03-18 12:00:00,-1,77
1,2015,3,17,14,-22,-82.814,-65.821,1442.2,775.3,2015-03-17 14:00:00,2015-03-18 12:00:00,-1,77
1,2015,3,17,13,-23,-82.832,-64.692,1442.1,775.6,2015-03-17 13:00:00,2015-03-18 12:00:00,-1,77
1,2015,3,17,12,-24,-82.84,-63.538,1440.5,775.9,2015-03-17 12:00:00,2015-03-18 12:00:00,-1,77
1,2015,3,19,12,0,-80.3,-81.3,1500,725.4,2015-03-19 12:00:00,2015-03-19 12:00:00,24,78
1,2015,3,19,11,-1,-80.576,-80.158,1485.8,735.5,2015-03-19 11:00:00,2015-03-19 12:00:00,-1,78
1,2015,3,19,10,-2,-80.842,-79.012,1470.6,744,2015-03-19 10:00:00,2015-03-19 12:00:00,-1,78
1,2015,3,19,9,-3,-81.1,-77.868,1455.8,751.9,2015-03-19 09:00:00,2015-03-19 12:00:00,-1,78
1,2015,3,19,8,-4,-81.352,-76.731,1442.4,758.1,2015-03-19 08:00:00,2015-03-19 12:00:00,-1,78
1,2015,3,19,7,-5,-81.599,-75.602,1432.3,763.2,2015-03-19 07:00:00,2015-03-19 12:00:00,-1,78
1,2015,3,19,6,-6,-81.844,-74.48,1426.4,766.7,2015-03-19 06:00:00,2015-03-19 12:00:00,-1,78
1,2015,3,19,5,-7,-82.075,-73.286,1425.8,769.3,2015-03-19 05:00:00,2015-03-19 12:00:00,-1,78
1,2015,3,19,4,-8,-82.284,-71.928,1430.6,771.7,2015-03-19 04:00:00,2015-03-19 12:00:00,-1,78
1,2015,3,19,3,-9,-82.472,-70.391,1441.2,773.5,2015-03-19 03:00:00,2015-03-19 12:00:00,-1,78
1,2015,3,19,2,-10,-82.636,-68.658,1455.3,772,2015-03-19 02:00:00,2015-03-19 12:00:00,-1,78
1,2015,3,19,1,-11,-82.774,-66.721,1473.9,769.5,2015-03-19 01:00:00,2015-03-19 12:00:00,-1,78
1,2015,3,19,0,-12,-82.884,-64.598,1497.1,765.6,2015-03-19,2015-03-19 12:00:00,-1,78
1,2015,3,18,23,-13,-82.969,-62.424,1522.9,759.1,2015-03-18 23:00:00,2015-03-19 12:00:00,-1,78
1,2015,3,18,22,-14,-83.032,-60.329,1550.8,751.7,2015-03-18 22:00:00,2015-03-19 12:00:00,-1,78
1,2015,3,18,21,-15,-83.077,-58.344,1579.7,744,2015-03-18 21:00:00,2015-03-19 12:00:00,-1,78
1,2015,3,18,20,-16,-83.108,-56.493,1608.3,736.2,2015-03-18 20:00:00,2015-03-19 12:00:00,-1,78
1,2015,3,18,19,-17,-83.127,-54.803,1637,728.5,2015-03-18 19:00:00,2015-03-19 12:00:00,-1,78
1,2015,3,18,18,-18,-83.139,-53.272,1665.5,721.6,2015-03-18 18:00:00,2015-03-19 12:00:00,-1,78
1,2015,3,18,17,-19,-83.141,-51.841,1693,715.4,2015-03-18 17:00:00,2015-03-19 12:00:00,-1,78
1,2015,3,18,16,-20,-83.123,-50.458,1718,709.7,2015-03-18 16:00:00,2015-03-19 12:00:00,-1,78
1,2015,3,18,15,-21,-83.088,-49.129,1741.7,704.3,2015-03-18 15:00:00,2015-03-19 12:00:00,-1,78
1,2015,3,18,14,-22,-83.035,-47.848,1764.3,699.6,2015-03-18 14:00:00,2015-03-19 12:00:00,-1,78
1,2015,3,18,13,-23,-82.967,-46.616,1786.1,695.8,2015-03-18 13:00:00,2015-03-19 12:00:00,-1,78
1,2015,3,18,12,-24,-82.883,-45.435,1807.8,692.6,2015-03-18 12:00:00,2015-03-19 12:00:00,-1,78
1,2015,3,20,12,0,-80.3,-81.3,1500,729.3,2015-03-20 12:00:00,2015-03-20 12:00:00,24,79
1,2015,3,20,11,-1,-80.367,-80.594,1466.6,739,2015-03-20 11:00:00,2015-03-20 12:00:00,-1,79
1,2015,3,20,10,-2,-80.417,-79.81,1432.9,749.8,2015-03-20 10:00:00,2015-03-20 12:00:00,-1,79
1,2015,3,20,9,-3,-80.451,-78.956,1398.5,761.2,2015-03-20 09:00:00,2015-03-20 12:00:00,-1,79
1,2015,3,20,8,-4,-80.469,-78.039,1364,773.7,2015-03-20 08:00:00,2015-03-20 12:00:00,-1,79
1,2015,3,20,7,-5,-80.474,-77.065,1328.4,786.3,2015-03-20 07:00:00,2015-03-20 12:00:00,-1,79
1,2015,3,20,6,-6,-80.465,-76.035,1291.3,798.7,2015-03-20 06:00:00,2015-03-20 12:00:00,-1,79
1,2015,3,20,5,-7,-80.455,-74.978,1254.6,811.2,2015-03-20 05:00:00,2015-03-20 12:00:00,-1,79
1,2015,3,20,4,-8,-80.453,-73.909,1219.5,821,2015-03-20 04:00:00,2015-03-20 12:00:00,-1,79
1,2015,3,20,3,-9,-80.459,-72.819,1187,830.8,2015-03-20 03:00:00,2015-03-20 12:00:00,-1,79
1,2015,3,20,2,-10,-80.47,-71.694,1156.1,838,2015-03-20 02:00:00,2015-03-20 12:00:00,-1,79
1,2015,3,20,1,-11,-80.482,-70.515,1127.5,844,2015-03-20 01:00:00,2015-03-20 12:00:00,-1,79
1,2015,3,20,0,-12,-80.493,-69.268,1100.8,848.3,2015-03-20,2015-03-20 12:00:00,-1,79
1,2015,3,19,23,-13,-80.498,-67.998,1072.4,851.4,2015-03-19 23:00:00,2015-03-20 12:00:00,-1,79
1,2015,3,19,22,-14,-80.501,-66.756,1038.5,854.4,2015-03-19 22:00:00,2015-03-20 12:00:00,-1,79
1,2015,3,19,21,-15,-80.499,-65.529,999.5,857,2015-03-19 21:00:00,2015-03-20 12:00:00,-1,79
1,2015,3,19,20,-16,-80.491,-64.31,955.2,859.1,2015-03-19 20:00:00,2015-03-20 12:00:00,-1,79
1,2015,3,19,19,-17,-80.475,-63.094,905.7,860.8,2015-03-19 19:00:00,2015-03-20 12:00:00,-1,79
1,2015,3,19,18,-18,-80.449,-61.881,851.8,862.5,2015-03-19 18:00:00,2015-03-20 12:00:00,-1,79
1,2015,3,19,17,-19,-80.417,-60.613,798.5,865.3,2015-03-19 17:00:00,2015-03-20 12:00:00,-1,79
1,2015,3,19,16,-20,-80.379,-59.218,750.4,866.5,2015-03-19 16:00:00,2015-03-20 12:00:00,-1,79
1,2015,3,19,15,-21,-80.332,-57.691,707.8,866.7,2015-03-19 15:00:00,2015-03-20 12:00:00,-1,79
1,2015,3,19,14,-22,-80.27,-56.039,671,866.9,2015-03-19 14:00:00,2015-03-20 12:00:00,-1,79
1,2015,3,19,13,-23,-80.191,-54.276,640.5,867.2,2015-03-19 13:00:00,2015-03-20 12:00:00,-1,79
1,2015,3,19,12,-24,-80.09,-52.413,617,868.1,2015-03-19 12:00:00,2015-03-20 12:00:00,-1,79
1,2015,3,21,12,0,-80.3,-81.3,1500,730,2015-03-21 12:00:00,2015-03-21 12:00:00,24,80
1,2015,3,21,11,-1,-80.507,-82.603,1552.1,708.1,2015-03-21 11:00:00,2015-03-21 12:00:00,-1,80
1,2015,3,21,10,-2,-80.707,-83.795,1599.6,688.3,2015-03-21 10:00:00,2015-03-21 12:00:00,-1,80
1,2015,3,21,9,-3,-80.905,-84.866,1644.1,670.8,2015-03-21 09:00:00,2015-03-21 12:00:00,-1,80
1,2015,3,21,8,-4,-81.099,-85.813,1686,655.3,2015-03-21 08:00:00,2015-03-21 12:00:00,-1,80
1,2015,3,21,7,-5,-81.292,-86.632,1725.6,642.3,2015-03-21 07:00:00,2015-03-21 12:00:00,-1,80
1,2015,3,21,6,-6,-81.482,-87.302,1763.2,631.5,2015-03-21 06:00:00,2015-03-21 12:00:00,-1,80
1,2015,3,21,5,-7,-81.667,-87.794,1799.9,623.4,2015-03-21 05:00:00,2015-03-21 12:00:00,-1,80
1,2015,3,21,4,-8,-81.843,-88.082,1834.9,617.3,2015-03-21 04:00:00,2015-03-21 12:00:00,-1,80
1,2015,3,21,3,-9,-82.009,-88.157,1868.5,613.1,2015-03-21 03:00:00,2015-03-21 12:00:00,-1,80
1,2015,3,21,2,-10,-82.168,-88.01,1900.1,610.9,2015-03-21 02:00:00,2015-03-21 12:00:00,-1,80
1,2015,3,21,1,-11,-82.318,-87.631,1928.9,610.6,2015-03-21 01:00:00,2015-03-21 12:00:00,-1,80
1,2015,3,21,0,-12,-82.46,-87.009,1954,612.3,2015-03-21,2015-03-21 12:00:00,-1,80
1,2015,3,20,23,-13,-82.594,-86.164,1974,616.2,2015-03-20 23:00:00,2015-03-21 12:00:00,-1,80
1,2015,3,20,22,-14,-82.72,-85.119,1987.3,622.2,2015-03-20 22:00:00,2015-03-21 12:00:00,-1,80
1,2015,3,20,21,-15,-82.835,-83.884,1993.8,630.7,2015-03-20 21:00:00,2015-03-21 12:00:00,-1,80
1,2015,3,20,20,-16,-82.936,-82.482,1993.2,640.5,2015-03-20 20:00:00,2015-03-21 12:00:00,-1,80
1,2015,3,20,19,-17,-83.02,-80.934,1985,650.6,2015-03-20 19:00:00,2015-03-21 12:00:00,-1,80
1,2015,3,20,18,-18,-83.084,-79.268,1970.8,661.9,2015-03-20 18:00:00,2015-03-21 12:00:00,-1,80
1,2015,3,20,17,-19,-83.127,-77.508,1950.4,674.5,2015-03-20 17:00:00,2015-03-21 12:00:00,-1,80
1,2015,3,20,16,-20,-83.148,-75.674,1923.4,687,2015-03-20 16:00:00,2015-03-21 12:00:00,-1,80
1,2015,3,20,15,-21,-83.15,-73.792,1890.1,699.4,2015-03-20 15:00:00,2015-03-21 12:00:00,-1,80
1,2015,3,20,14,-22,-83.131,-71.882,1851,711.8,2015-03-20 14:00:00,2015-03-21 12:00:00,-1,80
1,2015,3,20,13,-23,-83.095,-69.96,1807.3,723.8,2015-03-20 13:00:00,2015-03-21 12:00:00,-1,80
1,2015,3,20,12,-24,-83.043,-68.042,1758.8,734.7,2015-03-20 12:00:00,2015-03-21 12:00:00,-1,80
1,2015,3,22,12,0,-80.3,-81.3,1500,728.7,2015-03-22 12:00:00,2015-03-22 12:00:00,24,81
1,2015,3,22,11,-1,-80.366,-83.883,1532,695.9,2015-03-22 11:00:00,2015-03-22 12:00:00,-1,81
1,2015,3,22,10,-2,-80.389,-86.523,1550.7,664.6,2015-03-22 10:00:00,2015-03-22 12:00:00,-1,81
1,2015,3,22,9,-3,-80.352,-89.104,1559.2,638.2,2015-03-22 09:00:00,2015-03-22 12:00:00,-1,81
1,2015,3,22,8,-4,-80.258,-91.532,1560.2,618.8,2015-03-22 08:00:00,2015-03-22 12:00:00,-1,81
1,2015,3,22,7,-5,-80.111,-93.753,1556.4,605.8,2015-03-22 07:00:00,2015-03-22 12:00:00,-1,81
1,2015,3,22,6,-6,-79.919,-95.73,1551.6,599.6,2015-03-22 06:00:00,2015-03-22 12:00:00,-1,81
1,2015,3,22,5,-7,-79.693,-97.542,1544.3,600.9,2015-03-22 05:00:00,2015-03-22 12:00:00,-1,81
1,2015,3,22,4,-8,-79.437,-99.257,1529.2,606.8,2015-03-22 04:00:00,2015-03-22 12:00:00,-1,81
1,2015,3,22,3,-9,-79.151,-100.842,1502.9,617.3,2015-03-22 03:00:00,2015-03-22 12:00:00,-1,81
1,2015,3,22,2,-10,-78.835,-102.275,1465.3,631.2,2015-03-22 02:00:00,2015-03-22 12:00:00,-1,81
1,2015,3,22,1,-11,-78.49,-103.544,1415.4,647.1,2015-03-22 01:00:00,2015-03-22 12:00:00,-1,81
1,2015,3,22,0,-12,-78.118,-104.646,1352.5,664.5,2015-03-22,2015-03-22 12:00:00,-1,81
1,2015,3,21,23,-13,-77.724,-105.524,1279.7,683.3,2015-03-21 23:00:00,2015-03-22 12:00:00,-1,81
1,2015,3,21,22,-14,-77.314,-106.105,1202.7,704.7,2015-03-21 22:00:00,2015-03-22 12:00:00,-1,81
1,2015,3,21,21,-15,-76.909,-106.366,1124.2,729.2,2015-03-21 21:00:00,2015-03-22 12:00:00,-1,81
1,2015,3,21,20,-16,-76.528,-106.327,1044.6,752.8,2015-03-21 20:00:00,2015-03-22 12:00:00,-1,81
1,2015,3,21,19,-17,-76.179,-106.026,963.8,775.6,2015-03-21 19:00:00,2015-03-22 12:00:00,-1,81
1,2015,3,21,18,-18,-75.865,-105.494,882.1,797.4,2015-03-21 18:00:00,2015-03-22 12:00:00,-1,81
1,2015,3,21,17,-19,-75.598,-104.798,802.1,816.6,2015-03-21 17:00:00,2015-03-22 12:00:00,-1,81
1,2015,3,21,16,-20,-75.382,-103.99,726,831.9,2015-03-21 16:00:00,2015-03-22 12:00:00,-1,81
1,2015,3,21,15,-21,-75.212,-103.059,654,844.9,2015-03-21 15:00:00,2015-03-22 12:00:00,-1,81
1,2015,3,21,14,-22,-75.082,-101.995,586.3,854.3,2015-03-21 14:00:00,2015-03-22 12:00:00,-1,81
1,2015,3,21,13,-23,-74.979,-100.787,524.6,859.2,2015-03-21 13:00:00,2015-03-22 12:00:00,-1,81
1,2015,3,21,12,-24,-74.892,-99.431,469.6,860,2015-03-21 12:00:00,2015-03-22 12:00:00,-1,81
1,2015,3,23,12,0,-80.3,-81.3,1500,732.7,2015-03-23 12:00:00,2015-03-23 12:00:00,24,82
1,2015,3,23,11,-1,-79.94,-82.219,1450.5,731,2015-03-23 11:00:00,2015-03-23 12:00:00,-1,82
1,2015,3,23,10,-2,-79.581,-83.008,1391.5,728,2015-03-23 10:00:00,2015-03-23 12:00:00,-1,82
1,2015,3,23,9,-3,-79.226,-83.66,1323.7,727.9,2015-03-23 09:00:00,2015-03-23 12:00:00,-1,82
1,2015,3,23,8,-4,-78.876,-84.159,1245.7,730.9,2015-03-23 08:00:00,2015-03-23 12:00:00,-1,82
1,2015,3,23,7,-5,-78.537,-84.5,1156.2,736.3,2015-03-23 07:00:00,2015-03-23 12:00:00,-1,82
1,2015,3,23,6,-6,-78.216,-84.677,1055.1,745,2015-03-23 06:00:00,2015-03-23 12:00:00,-1,82
1,2015,3,23,5,-7,-77.912,-84.722,947.3,757.8,2015-03-23 05:00:00,2015-03-23 12:00:00,-1,82
1,2015,3,23,4,-8,-77.617,-84.661,838.9,771.1,2015-03-23 04:00:00,2015-03-23 12:00:00,-1,82
1,2015,3,23,3,-9,-77.329,-84.49,732.2,786,2015-03-23 03:00:00,2015-03-23 12:00:00,-1,82
1,2015,3,23,2,-10,-77.047,-84.232,629.9,802,2015-03-23 02:00:00,2015-03-23 12:00:00,-1,82
1,2015,3,23,1,-11,-76.767,-83.886,531.9,817.3,2015-03-23 01:00:00,2015-03-23 12:00:00,-1,82
1,2015,3,23,0,-12,-76.487,-83.434,437.1,833.4,2015-03-23,2015-03-23 12:00:00,-1,82
1,2015,3,22,23,-13,-76.223,-82.954,352.8,849.2,2015-03-22 23:00:00,2015-03-23 12:00:00,-1,82
1,2015,3,22,22,-14,-75.996,-82.554,288.2,860.8,2015-03-22 22:00:00,2015-03-23 12:00:00,-1,82
1,2015,3,22,21,-15,-75.808,-82.253,243,869,2015-03-22 21:00:00,2015-03-23 12:00:00,-1,82
1,2015,3,22,20,-16,-75.651,-82.05,212.2,875,2015-03-22 20:00:00,2015-03-23 12:00:00,-1,82
1,2015,3,22,19,-17,-75.524,-81.945,191.8,879,2015-03-22 19:00:00,2015-03-23 12:00:00,-1,82
1,2015,3,22,18,-18,-75.424,-81.935,179.2,881.5,2015-03-22 18:00:00,2015-03-23 12:00:00,-1,82
1,2015,3,22,17,-19,-75.343,-82.022,172.8,881.6,2015-03-22 17:00:00,2015-03-23 12:00:00,-1,82
1,2015,3,22,16,-20,-75.27,-82.206,172,880.8,2015-03-22 16:00:00,2015-03-23 12:00:00,-1,82
1,2015,3,22,15,-21,-75.207,-82.493,176.9,879.2,2015-03-22 15:00:00,2015-03-23 12:00:00,-1,82
1,2015,3,22,14,-22,-75.152,-82.89,188.5,876.4,2015-03-22 14:00:00,2015-03-23 12:00:00,-1,82
1,2015,3,22,13,-23,-75.104,-83.404,208.5,872.2,2015-03-22 13:00:00,2015-03-23 12:00:00,-1,82
1,2015,3,22,12,-24,-75.066,-84.054,241.1,866,2015-03-22 12:00:00,2015-03-23 12:00:00,-1,82
1,2015,3,24,12,0,-80.3,-81.3,1500,736,2015-03-24 12:00:00,2015-03-24 12:00:00,24,83
1,2015,3,24,11,-1,-80.161,-81.186,1482.9,741.1,2015-03-24 11:00:00,2015-03-24 12:00:00,-1,83
1,2015,3,24,10,-2,-80.023,-81.064,1464.7,746.5,2015-03-24 10:00:00,2015-03-24 12:00:00,-1,83
1,2015,3,24,9,-3,-79.886,-80.953,1444,750.2,2015-03-24 09:00:00,2015-03-24 12:00:00,-1,83
1,2015,3,24,8,-4,-79.745,-80.875,1420.9,753.5,2015-03-24 08:00:00,2015-03-24 12:00:00,-1,83
1,2015,3,24,7,-5,-79.598,-80.839,1395.7,756.4,2015-03-24 07:00:00,2015-03-24 12:00:00,-1,83
1,2015,3,24,6,-6,-79.443,-80.852,1368.5,759,2015-03-24 06:00:00,2015-03-24 12:00:00,-1,83
1,2015,3,24,5,-7,-79.271,-80.9,1336.8,761.3,2015-03-24 05:00:00,2015-03-24 12:00:00,-1,83
1,2015,3,24,4,-8,-79.076,-80.962,1296.6,764.5,2015-03-24 04:00:00,2015-03-24 12:00:00,-1,83
1,2015,3,24,3,-9,-78.859,-81.037,1248.7,768.4,2015-03-24 03:00:00,2015-03-24 12:00:00,-1,83
1,2015,3,24,2,-10,-78.619,-81.124,1193.8,772.5,2015-03-24 02:00:00,2015-03-24 12:00:00,-1,83
1,2015,3,24,1,-11,-78.356,-81.227,1132.4,777.2,2015-03-24 01:00:00,2015-03-24 12:00:00,-1,83
1,2015,3,24,0,-12,-78.07,-81.346,1065.3,782.5,2015-03-24,2015-03-24 12:00:00,-1,83
1,2015,3,23,23,-13,-77.761,-81.5,992.5,788.4,2015-03-23 23:00:00,2015-03-24 12:00:00,-1,83
1,2015,3,23,22,-14,-77.432,-81.702,912.5,794.9,2015-03-23 22:00:00,2015-03-24 12:00:00,-1,83
1,2015,3,23,21,-15,-77.075,-81.953,826.1,801.1,2015-03-23 21:00:00,2015-03-24 12:00:00,-1,83
1,2015,3,23,20,-16,-76.684,-82.253,733.2,808.3,2015-03-23 20:00:00,2015-03-24 12:00:00,-1,83
1,2015,3,23,19,-17,-76.255,-82.583,633.5,817.2,2015-03-23 19:00:00,2015-03-24 12:00:00,-1,83
1,2015,3,23,18,-18,-75.786,-82.93,526.5,826.9,2015-03-23 18:00:00,2015-03-24 12:00:00,-1,83
1,2015,3,23,17,-19,-75.281,-83.267,412.6,839,2015-03-23 17:00:00,2015-03-24 12:00:00,-1,83
1,2015,3,23,16,-20,-74.761,-83.551,304.5,859.6,2015-03-23 16:00:00,2015-03-24 12:00:00,-1,83
1,2015,3,23,15,-21,-74.25,-83.753,218,887,2015-03-23 15:00:00,2015-03-24 12:00:00,-1,83
1,2015,3,23,14,-22,-73.756,-83.885,155.7,909.7,2015-03-23 14:00:00,2015-03-24 12:00:00,-1,83
1,2015,3,23,13,-23,-73.275,-83.976,113.4,930.7,2015-03-23 13:00:00,2015-03-24 12:00:00,-1,83
1,2015,3,23,12,-24,-72.801,-84.043,86.1,950.4,2015-03-23 12:00:00,2015-03-24 12:00:00,-1,83
1,2015,3,25,12,0,-80.3,-81.3,1500,727.5,2015-03-25 12:00:00,2015-03-25 12:00:00,24,84
1,2015,3,25,11,-1,-80.446,-82.548,1506.3,711.3,2015-03-25 11:00:00,2015-03-25 12:00:00,-1,84
1,2015,3,25,10,-2,-80.571,-83.681,1514.8,697.3,2015-03-25 10:00:00,2015-03-25 12:00:00,-1,84
1,2015,3,25,9,-3,-80.672,-84.722,1525.9,684.6,2015-03-25 09:00:00,2015-03-25 12:00:00,-1,84
1,2015,3,25,8,-4,-80.747,-85.669,1539.8,672.8,2015-03-25 08:00:00,2015-03-25 12:00:00,-1,84
1,2015,3,25,7,-5,-80.796,-86.514,1557.3,662.2,2015-03-25 07:00:00,2015-03-25 12:00:00,-1,84
1,2015,3,25,6,-6,-80.821,-87.251,1578.6,652.7,2015-03-25 06:00:00,2015-03-25 12:00:00,-1,84
1,2015,3,25,5,-7,-80.822,-87.878,1598.8,645,2015-03-25 05:00:00,2015-03-25 12:00:00,-1,84
1,2015,3,25,4,-8,-80.8,-88.402,1610.5,640,2015-03-25 04:00:00,2015-03-25 12:00:00,-1,84
1,2015,3,25,3,-9,-80.755,-88.836,1614.3,636.4,2015-03-25 03:00:00,2015-03-25 12:00:00,-1,84
1,2015,3,25,2,-10,-80.689,-89.188,1610.2,634.3,2015-03-25 02:00:00,2015-03-25 12:00:00,-1,84
1,2015,3,25,1,-11,-80.602,-89.459,1597.8,633.6,2015-03-25 01:00:00,2015-03-25 12:00:00,-1,84
1,2015,3,25,0,-12,-80.495,-89.651,1576.5,634.3,2015-03-25,2015-03-25 12:00:00,-1,84
1,2015,3,24,23,-13,-80.369,-89.753,1549.9,636.8,2015-03-24 23:00:00,2015-03-25 12:00:00,-1,84
1,2015,3,24,22,-14,-80.222,-89.751,1519.7,640.3,2015-03-24 22:00:00,2015-03-25 12:00:00,-1,84
1,2015,3,24,21,-15,-80.055,-89.637,1487,645.3,2015-03-24 21:00:00,2015-03-25 12:00:00,-1,84
1,2015,3,24,20,-16,-79.866,-89.416,1452.8,652.4,2015-03-24 20:00:00,2015-03-25 12:00:00,-1,84
1,2015,3,24,19,-17,-79.656,-89.1,1416.5,661.1,2015-03-24 19:00:00,2015-03-25 12:00:00,-1,84
1,2015,3,24,18,-18,-79.425,-88.695,1377.2,670.9,2015-03-24 18:00:00,2015-03-25 12:00:00,-1,84
1,2015,3,24,17,-19,-79.181,-88.237,1333.9,681.3,2015-03-24 17:00:00,2015-03-25 12:00:00,-1,84
1,2015,3,24,16,-20,-78.933,-87.747,1284.9,692.5,2015-03-24 16:00:00,2015-03-25 12:00:00,-1,84
1,2015,3,24,15,-21,-78.687,-87.202,1229.2,705.2,2015-03-24 15:00:00,2015-03-25 12:00:00,-1,84
1,2015,3,24,14,-22,-78.452,-86.579,1166.2,718.9,2015-03-24 14:00:00,2015-03-25 12:00:00,-1,84
1,2015,3,24,13,-23,-78.236,-85.869,1094.9,733.8,2015-03-24 13:00:00,2015-03-25 12:00:00,-1,84
1,2015,3,24,12,-24,-78.029,-85.07,1012,750.3,2015-03-24 12:00:00,2015-03-25 12:00:00,-1,84
1,2015,3,26,12,0,-80.3,-81.3,1500,720.6,2015-03-26 12:00:00,2015-03-26 12:00:00,24,85
1,2015,3,26,11,-1,-80.7,-82.309,1550.7,699.9,2015-03-26 11:00:00,2015-03-26 12:00:00,-1,85
1,2015,3,26,10,-2,-81.103,-83.131,1595.8,682.5,2015-03-26 10:00:00,2015-03-26 12:00:00,-1,85
1,2015,3,26,9,-3,-81.5,-83.813,1635.5,667.9,2015-03-26 09:00:00,2015-03-26 12:00:00,-1,85
1,2015,3,26,8,-4,-81.887,-84.38,1669.3,655.4,2015-03-26 08:00:00,2015-03-26 12:00:00,-1,85
1,2015,3,26,7,-5,-82.261,-84.846,1696.8,645,2015-03-26 07:00:00,2015-03-26 12:00:00,-1,85
1,2015,3,26,6,-6,-82.616,-85.213,1718.3,637.4,2015-03-26 06:00:00,2015-03-26 12:00:00,-1,85
1,2015,3,26,5,-7,-82.945,-85.458,1735.9,632.9,2015-03-26 05:00:00,2015-03-26 12:00:00,-1,85
1,2015,3,26,4,-8,-83.244,-85.553,1750.2,629.9,2015-03-26 04:00:00,2015-03-26 12:00:00,-1,85
1,2015,3,26,3,-9,-83.515,-85.482,1762.5,628.2,2015-03-26 03:00:00,2015-03-26 12:00:00,-1,85
1,2015,3,26,2,-10,-83.761,-85.226,1773.2,627.6,2015-03-26 02:00:00,2015-03-26 12:00:00,-1,85
1,2015,3,26,1,-11,-83.984,-84.761,1783.3,627.9,2015-03-26 01:00:00,2015-03-26 12:00:00,-1,85
1,2015,3,26,0,-12,-84.187,-84.053,1793.3,629.2,2015-03-26,2015-03-26 12:00:00,-1,85
1,2015,3,25,23,-13,-84.372,-83.133,1802.9,631.3,2015-03-25 23:00:00,2015-03-26 12:00:00,-1,85
1,2015,3,25,22,-14,-84.542,-82.064,1809.3,633.7,2015-03-25 22:00:00,2015-03-26 12:00:00,-1,85
1,2015,3,25,21,-15,-84.699,-80.857,1812.6,636,2015-03-25 21:00:00,2015-03-26 12:00:00,-1,85
1,2015,3,25,20,-16,-84.845,-79.525,1812.8,638.2,2015-03-25 20:00:00,2015-03-26 12:00:00,-1,85
1,2015,3,25,19,-17,-84.984,-78.083,1810.2,640.4,2015-03-25 19:00:00,2015-03-26 12:00:00,-1,85
1,2015,3,25,18,-18,-85.115,-76.624,1804.3,641.5,2015-03-25 18:00:00,2015-03-26 12:00:00,-1,85
1,2015,3,25,17,-19,-85.239,-75.221,1799,642.1,2015-03-25 17:00:00,2015-03-26 12:00:00,-1,85
1,2015,3,25,16,-20,-85.357,-73.872,1796.8,641.4,2015-03-25 16:00:00,2015-03-26 12:00:00,-1,85
1,2015,3,25,15,-21,-85.468,-72.596,1798,640.1,2015-03-25 15:00:00,2015-03-26 12:00:00,-1,85
1,2015,3,25,14,-22,-85.574,-71.413,1802.5,637.8,2015-03-25 14:00:00,2015-03-26 12:00:00,-1,85
1,2015,3,25,13,-23,-85.675,-70.345,1810.8,635.1,2015-03-25 13:00:00,2015-03-26 12:00:00,-1,85
1,2015,3,25,12,-24,-85.771,-69.412,1823.1,631.9,2015-03-25 12:00:00,2015-03-26 12:00:00,-1,85
1,2015,3,27,12,0,-80.3,-81.3,1500,726.6,2015-03-27 12:00:00,2015-03-27 12:00:00,24,86
1,2015,3,27,11,-1,-80.694,-82.348,1539.2,706.2,2015-03-27 11:00:00,2015-03-27 12:00:00,-1,86
1,2015,3,27,10,-2,-81.101,-83.353,1577.9,686.9,2015-03-27 10:00:00,2015-03-27 12:00:00,-1,86
1,2015,3,27,9,-3,-81.517,-84.339,1615.9,668.7,2015-03-27 09:00:00,2015-03-27 12:00:00,-1,86
1,2015,3,27,8,-4,-81.939,-85.342,1653.2,651.5,2015-03-27 08:00:00,2015-03-27 12:00:00,-1,86
1,2015,3,27,7,-5,-82.362,-86.406,1689.4,635.4,2015-03-27 07:00:00,2015-03-27 12:00:00,-1,86
1,2015,3,27,6,-6,-82.78,-87.574,1725.4,621.9,2015-03-27 06:00:00,2015-03-27 12:00:00,-1,86
1,2015,3,27,5,-7,-83.18,-88.904,1761.5,610.2,2015-03-27 05:00:00,2015-03-27 12:00:00,-1,86
1,2015,3,27,4,-8,-83.551,-90.453,1798.6,600,2015-03-27 04:00:00,2015-03-27 12:00:00,-1,86
1,2015,3,27,3,-9,-83.889,-92.258,1835.2,591.4,2015-03-27 03:00:00,2015-03-27 12:00:00,-1,86
1,2015,3,27,2,-10,-84.188,-94.346,1871.6,584.6,2015-03-27 02:00:00,2015-03-27 12:00:00,-1,86
1,2015,3,27,1,-11,-84.445,-96.724,1908.5,579.2,2015-03-27 01:00:00,2015-03-27 12:00:00,-1,86
1,2015,3,27,0,-12,-84.654,-99.395,1945.8,575.5,2015-03-27,2015-03-27 12:00:00,-1,86
1,2015,3,26,23,-13,-84.822,-102.233,1980.4,573.5,2015-03-26 23:00:00,2015-03-27 12:00:00,-1,86
1,2015,3,26,22,-14,-84.953,-105.14,2012.3,572.3,2015-03-26 22:00:00,2015-03-27 12:00:00,-1,86
1,2015,3,26,21,-15,-85.05,-108.096,2037.4,572.1,2015-03-26 21:00:00,2015-03-27 12:00:00,-1,86
1,2015,3,26,20,-16,-85.116,-111.07,2057.8,573.7,2015-03-26 20:00:00,2015-03-27 12:00:00,-1,86
1,2015,3,26,19,-17,-85.151,-113.999,2073.3,577.3,2015-03-26 19:00:00,2015-03-27 12:00:00,-1,86
1,2015,3,26,18,-18,-85.159,-116.824,2084,582.7,2015-03-26 18:00:00,2015-03-27 12:00:00,-1,86
1,2015,3,26,17,-19,-85.138,-119.524,2092.6,590.2,2015-03-26 17:00:00,2015-03-27 12:00:00,-1,86
1,2015,3,26,16,-20,-85.085,-122.11,2098.9,599,2015-03-26 16:00:00,2015-03-27 12:00:00,-1,86
1,2015,3,26,15,-21,-85.002,-124.551,2104.9,608.9,2015-03-26 15:00:00,2015-03-27 12:00:00,-1,86
1,2015,3,26,14,-22,-84.893,-126.842,2109.4,618.5,2015-03-26 14:00:00,2015-03-27 12:00:00,-1,86
1,2015,3,26,13,-23,-84.761,-128.98,2112.6,628.6,2015-03-26 13:00:00,2015-03-27 12:00:00,-1,86
1,2015,3,26,12,-24,-84.607,-130.979,2113.8,638.9,2015-03-26 12:00:00,2015-03-27 12:00:00,-1,86
1,2015,3,28,12,0,-80.3,-81.3,1500,734.8,2015-03-28 12:00:00,2015-03-28 12:00:00,24,87
1,2015,3,28,11,-1,-80.512,-82.866,1524.3,711.8,2015-03-28 11:00:00,2015-03-28 12:00:00,-1,87
1,2015,3,28,10,-2,-80.706,-84.519,1542.5,689.4,2015-03-28 10:00:00,2015-03-28 12:00:00,-1,87
1,2015,3,28,9,-3,-80.879,-86.221,1555.2,668.3,2015-03-28 09:00:00,2015-03-28 12:00:00,-1,87
1,2015,3,28,8,-4,-81.026,-87.955,1563.3,649,2015-03-28 08:00:00,2015-03-28 12:00:00,-1,87
1,2015,3,28,7,-5,-81.146,-89.719,1567.6,632.8,2015-03-28 07:00:00,2015-03-28 12:00:00,-1,87
1,2015,3,28,6,-6,-81.239,-91.515,1567,619.7,2015-03-28 06:00:00,2015-03-28 12:00:00,-1,87
1,2015,3,28,5,-7,-81.304,-93.382,1565,609.4,2015-03-28 05:00:00,2015-03-28 12:00:00,-1,87
1,2015,3,28,4,-8,-81.34,-95.346,1563.9,601.1,2015-03-28 04:00:00,2015-03-28 12:00:00,-1,87
1,2015,3,28,3,-9,-81.346,-97.393,1562.9,595.3,2015-03-28 03:00:00,2015-03-28 12:00:00,-1,87
1,2015,3,28,2,-10,-81.317,-99.499,1561.9,592.6,2015-03-28 02:00:00,2015-03-28 12:00:00,-1,87
1,2015,3,28,1,-11,-81.252,-101.623,1560.4,593.6,2015-03-28 01:00:00,2015-03-28 12:00:00,-1,87
1,2015,3,28,0,-12,-81.147,-103.72,1556.6,597.5,2015-03-28,2015-03-28 12:00:00,-1,87
1,2015,3,27,23,-13,-81,-105.696,1547.5,603.6,2015-03-27 23:00:00,2015-03-28 12:00:00,-1,87
1,2015,3,27,22,-14,-80.817,-107.484,1534.3,610.7,2015-03-27 22:00:00,2015-03-28 12:00:00,-1,87
1,2015,3,27,21,-15,-80.598,-109.074,1518.6,618.8,2015-03-27 21:00:00,2015-03-28 12:00:00,-1,87
1,2015,3,27,20,-16,-80.344,-110.462,1500.4,626.5,2015-03-27 20:00:00,2015-03-28 12:00:00,-1,87
1,2015,3,27,19,-17,-80.055,-111.668,1480.5,633.5,2015-03-27 19:00:00,2015-03-28 12:00:00,-1,87
1,2015,3,27,18,-18,-79.73,-112.694,1460.5,642.4,2015-03-27 18:00:00,2015-03-28 12:00:00,-1,87
1,2015,3,27,17,-19,-79.378,-113.569,1435.5,650.4,2015-03-27 17:00:00,2015-03-28 12:00:00,-1,87
1,2015,3,27,16,-20,-79.005,-114.327,1403.2,657.1,2015-03-27 16:00:00,2015-03-28 12:00:00,-1,87
1,2015,3,27,15,-21,-78.609,-114.959,1362.4,663,2015-03-27 15:00:00,2015-03-28 12:00:00,-1,87
1,2015,3,27,14,-22,-78.192,-115.459,1312,668.2,2015-03-27 14:00:00,2015-03-28 12:00:00,-1,87
1,2015,3,27,13,-23,-77.753,-115.821,1251.4,673.7,2015-03-27 13:00:00,2015-03-28 12:00:00,-1,87
1,2015,3,27,12,-24,-77.297,-116.035,1185.3,686.7,2015-03-27 12:00:00,2015-03-28 12:00:00,-1,87
1,2015,3,29,12,0,-80.3,-81.3,1500,730.7,2015-03-29 12:00:00,2015-03-29 12:00:00,24,88
1,2015,3,29,11,-1,-80.384,-82.802,1534,709.6,2015-03-29 11:00:00,2015-03-29 12:00:00,-1,88
1,2015,3,29,10,-2,-80.462,-84.233,1560.1,690.7,2015-03-29 10:00:00,2015-03-29 12:00:00,-1,88
1,2015,3,29,9,-3,-80.533,-85.59,1578,673.8,2015-03-29 09:00:00,2015-03-29 12:00:00,-1,88
1,2015,3,29,8,-4,-80.595,-86.885,1587,658.6,2015-03-29 08:00:00,2015-03-29 12:00:00,-1,88
1,2015,3,29,7,-5,-80.646,-88.129,1587.6,645.8,2015-03-29 07:00:00,2015-03-29 12:00:00,-1,88
1,2015,3,29,6,-6,-80.685,-89.328,1579.5,635.2,2015-03-29 06:00:00,2015-03-29 12:00:00,-1,88
1,2015,3,29,5,-7,-80.708,-90.554,1569.5,626.8,2015-03-29 05:00:00,2015-03-29 12:00:00,-1,88
1,2015,3,29,4,-8,-80.71,-91.865,1561.9,618.7,2015-03-29 04:00:00,2015-03-29 12:00:00,-1,88
1,2015,3,29,3,-9,-80.686,-93.243,1557.9,611.3,2015-03-29 03:00:00,2015-03-29 12:00:00,-1,88
1,2015,3,29,2,-10,-80.635,-94.668,1558,604.6,2015-03-29 02:00:00,2015-03-29 12:00:00,-1,88
1,2015,3,29,1,-11,-80.552,-96.132,1563.5,600,2015-03-29 01:00:00,2015-03-29 12:00:00,-1,88
1,2015,3,29,0,-12,-80.434,-97.625,1573.2,595.9,2015-03-29,2015-03-29 12:00:00,-1,88
1,2015,3,28,23,-13,-80.283,-99.076,1586.3,593.6,2015-03-28 23:00:00,2015-03-29 12:00:00,-1,88
1,2015,3,28,22,-14,-80.104,-100.413,1601.9,592,2015-03-28 22:00:00,2015-03-29 12:00:00,-1,88
1,2015,3,28,21,-15,-79.9,-101.616,1621.2,594.2,2015-03-28 21:00:00,2015-03-29 12:00:00,-1,88
1,2015,3,28,20,-16,-79.673,-102.667,1642.1,599.7,2015-03-28 20:00:00,2015-03-29 12:00:00,-1,88
1,2015,3,28,19,-17,-79.429,-103.56,1661.5,606.6,2015-03-28 19:00:00,2015-03-29 12:00:00,-1,88
1,2015,3,28,18,-18,-79.169,-104.296,1677.7,613.7,2015-03-28 18:00:00,2015-03-29 12:00:00,-1,88
1,2015,3,28,17,-19,-78.904,-104.917,1688.8,621,2015-03-28 17:00:00,2015-03-29 12:00:00,-1,88
1,2015,3,28,16,-20,-78.641,-105.466,1694.4,628.5,2015-03-28 16:00:00,2015-03-29 12:00:00,-1,88
1,2015,3,28,15,-21,-78.38,-105.947,1693.8,636.2,2015-03-28 15:00:00,2015-03-29 12:00:00,-1,88
1,2015,3,28,14,-22,-78.12,-106.362,1687.1,644.1,2015-03-28 14:00:00,2015-03-29 12:00:00,-1,88
1,2015,3,28,13,-23,-77.86,-106.712,1674.1,652.3,2015-03-28 13:00:00,2015-03-29 12:00:00,-1,88
1,2015,3,28,12,-24,-77.597,-107,1654.7,660.9,2015-03-28 12:00:00,2015-03-29 12:00:00,-1,88
1,2015,3,30,12,0,-80.3,-81.3,1500,727.2,2015-03-30 12:00:00,2015-03-30 12:00:00,24,89
1,2015,3,30,11,-1,-80.47,-81.662,1528.9,717.6,2015-03-30 11:00:00,2015-03-30 12:00:00,-1,89
1,2015,3,30,10,-2,-80.625,-82.083,1554.8,708,2015-03-30 10:00:00,2015-03-30 12:00:00,-1,89
1,2015,3,30,9,-3,-80.767,-82.553,1577.7,698.7,2015-03-30 09:00:00,2015-03-30 12:00:00,-1,89
1,2015,3,30,8,-4,-80.895,-83.064,1597.1,689.7,2015-03-30 08:00:00,2015-03-30 12:00:00,-1,89
1,2015,3,30,7,-5,-81.009,-83.605,1613.3,681.1,2015-03-30 07:00:00,2015-03-30 12:00:00,-1,89
1,2015,3,30,6,-6,-81.11,-84.167,1626.7,673,2015-03-30 06:00:00,2015-03-30 12:00:00,-1,89
1,2015,3,30,5,-7,-81.211,-84.798,1637.8,664.8,2015-03-30 05:00:00,2015-03-30 12:00:00,-1,89
1,2015,3,30,4,-8,-81.327,-85.564,1649,655.1,2015-03-30 04:00:00,2015-03-30 12:00:00,-1,89
1,2015,3,30,3,-9,-81.46,-86.477,1660.6,644.1,2015-03-30 03:00:00,2015-03-30 12:00:00,-1,89
1,2015,3,30,2,-10,-81.61,-87.548,1673.7,631.9,2015-03-30 02:00:00,2015-03-30 12:00:00,-1,89
1,2015,3,30,1,-11,-81.776,-88.794,1691.2,620.1,2015-03-30 01:00:00,2015-03-30 12:00:00,-1,89
1,2015,3,30,0,-12,-81.958,-90.233,1713.8,607.5,2015-03-30,2015-03-30 12:00:00,-1,89
1,2015,3,29,23,-13,-82.142,-91.813,1739.7,595.1,2015-03-29 23:00:00,2015-03-30 12:00:00,-1,89
1,2015,3,29,22,-14,-82.314,-93.458,1766.2,584.8,2015-03-29 22:00:00,2015-03-30 12:00:00,-1,89
1,2015,3,29,21,-15,-82.473,-95.156,1791.3,576,2015-03-29 21:00:00,2015-03-30 12:00:00,-1,89
1,2015,3,29,20,-16,-82.621,-96.872,1818.1,570.5,2015-03-29 20:00:00,2015-03-30 12:00:00,-1,89
1,2015,3,29,19,-17,-82.758,-98.572,1844.8,567.3,2015-03-29 19:00:00,2015-03-30 12:00:00,-1,89
1,2015,3,29,18,-18,-82.886,-100.244,1870.7,565.3,2015-03-29 18:00:00,2015-03-30 12:00:00,-1,89
1,2015,3,29,17,-19,-83.001,-101.985,1895.7,564.4,2015-03-29 17:00:00,2015-03-30 12:00:00,-1,89
1,2015,3,29,16,-20,-83.098,-103.9,1921.7,565.8,2015-03-29 16:00:00,2015-03-30 12:00:00,-1,89
1,2015,3,29,15,-21,-83.174,-105.988,1946.9,568.9,2015-03-29 15:00:00,2015-03-30 12:00:00,-1,89
1,2015,3,29,14,-22,-83.227,-108.245,1970.6,573.7,2015-03-29 14:00:00,2015-03-30 12:00:00,-1,89
1,2015,3,29,13,-23,-83.255,-110.658,1993.2,581.2,2015-03-29 13:00:00,2015-03-30 12:00:00,-1,89
1,2015,3,29,12,-24,-83.253,-113.189,2013.5,591.1,2015-03-29 12:00:00,2015-03-30 12:00:00,-1,89
1,2015,3,31,12,0,-80.3,-81.3,1500,728.5,2015-03-31 12:00:00,2015-03-31 12:00:00,24,90
1,2015,3,31,11,-1,-80.385,-81.533,1535.2,720.8,2015-03-31 11:00:00,2015-03-31 12:00:00,-1,90
1,2015,3,31,10,-2,-80.458,-81.788,1567.7,713.3,2015-03-31 10:00:00,2015-03-31 12:00:00,-1,90
1,2015,3,31,9,-3,-80.521,-82.059,1597.5,706.3,2015-03-31 09:00:00,2015-03-31 12:00:00,-1,90
1,2015,3,31,8,-4,-80.573,-82.34,1624.4,699.6,2015-03-31 08:00:00,2015-03-31 12:00:00,-1,90
1,2015,3,31,7,-5,-80.617,-82.625,1648.2,693.5,2015-03-31 07:00:00,2015-03-31 12:00:00,-1,90
1,2015,3,31,6,-6,-80.654,-82.913,1669,687.7,2015-03-31 06:00:00,2015-03-31 12:00:00,-1,90
1,2015,3,31,5,-7,-80.693,-83.218,1688.8,682.3,2015-03-31 05:00:00,2015-03-31 12:00:00,-1,90
1,2015,3,31,4,-8,-80.742,-83.562,1708.9,676.1,2015-03-31 04:00:00,2015-03-31 12:00:00,-1,90
1,2015,3,31,3,-9,-80.8,-83.952,1729.3,669.4,2015-03-31 03:00:00,2015-03-31 12:00:00,-1,90
1,2015,3,31,2,-10,-80.869,-84.398,1750.1,662.1,2015-03-31 02:00:00,2015-03-31 12:00:00,-1,90
1,2015,3,31,1,-11,-80.949,-84.913,1771.2,654.1,2015-03-31 01:00:00,2015-03-31 12:00:00,-1,90
1,2015,3,31,0,-12,-81.041,-85.51,1791.8,645,2015-03-31,2015-03-31 12:00:00,-1,90
1,2015,3,30,23,-13,-81.14,-86.191,1811.9,635.2,2015-03-30 23:00:00,2015-03-31 12:00:00,-1,90
1,2015,3,30,22,-14,-81.238,-86.947,1832.7,624.9,2015-03-30 22:00:00,2015-03-31 12:00:00,-1,90
1,2015,3,30,21,-15,-81.334,-87.771,1853.9,614.9,2015-03-30 21:00:00,2015-03-31 12:00:00,-1,90
1,2015,3,30,20,-16,-81.427,-88.653,1875.5,605.6,2015-03-30 20:00:00,2015-03-31 12:00:00,-1,90
1,2015,3,30,19,-17,-81.515,-89.581,1896.7,596,2015-03-30 19:00:00,2015-03-31 12:00:00,-1,90
1,2015,3,30,18,-18,-81.599,-90.542,1918.4,587.2,2015-03-30 18:00:00,2015-03-31 12:00:00,-1,90
1,2015,3,30,17,-19,-81.688,-91.537,1938.6,579.5,2015-03-30 17:00:00,2015-03-31 12:00:00,-1,90
1,2015,3,30,16,-20,-81.795,-92.586,1953.3,572.2,2015-03-30 16:00:00,2015-03-31 12:00:00,-1,90
1,2015,3,30,15,-21,-81.918,-93.701,1963.7,566.4,2015-03-30 15:00:00,2015-03-31 12:00:00,-1,90
1,2015,3,30,14,-22,-82.054,-94.895,1967.7,560.9,2015-03-30 14:00:00,2015-03-31 12:00:00,-1,90
1,2015,3,30,13,-23,-82.201,-96.18,1967.2,557.6,2015-03-30 13:00:00,2015-03-31 12:00:00,-1,90
1,2015,3,30,12,-24,-82.356,-97.572,1959.8,554.9,2015-03-30 12:00:00,2015-03-31 12:00:00,-1,90
1,2015,4,1,12,0,-80.3,-81.3,1500,729.8,2015-04-01 12:00:00,2015-04-01 12:00:00,24,91
1,2015,4,1,11,-1,-80.486,-81.366,1541.5,722.2,2015-04-01 11:00:00,2015-04-01 12:00:00,-1,91
1,2015,4,1,10,-2,-80.659,-81.444,1581.1,715,2015-04-01 10:00:00,2015-04-01 12:00:00,-1,91
1,2015,4,1,9,-3,-80.82,-81.541,1618.6,708.1,2015-04-01 09:00:00,2015-04-01 12:00:00,-1,91
1,2015,4,1,8,-4,-80.967,-81.663,1654.1,701.5,2015-04-01 08:00:00,2015-04-01 12:00:00,-1,91
1,2015,4,1,7,-5,-81.102,-81.819,1687.7,694.8,2015-04-01 07:00:00,2015-04-01 12:00:00,-1,91
1,2015,4,1,6,-6,-81.225,-82.016,1719.7,688,2015-04-01 06:00:00,2015-04-01 12:00:00,-1,91
1,2015,4,1,5,-7,-81.336,-82.258,1751.8,681.4,2015-04-01 05:00:00,2015-04-01 12:00:00,-1,91
1,2015,4,1,4,-8,-81.435,-82.548,1782.4,674.6,2015-04-01 04:00:00,2015-04-01 12:00:00,-1,91
1,2015,4,1,3,-9,-81.524,-82.89,1811.6,667.6,2015-04-01 03:00:00,2015-04-01 12:00:00,-1,91
1,2015,4,1,2,-10,-81.605,-83.285,1838.9,660.5,2015-04-01 02:00:00,2015-04-01 12:00:00,-1,91
1,2015,4,1,1,-11,-81.677,-83.734,1863.6,653.3,2015-04-01 01:00:00,2015-04-01 12:00:00,-1,91
1,2015,4,1,0,-12,-81.742,-84.24,1884.9,646,2015-04-01,2015-04-01 12:00:00,-1,91
1,2015,3,31,23,-13,-81.8,-84.806,1902.5,638.3,2015-03-31 23:00:00,2015-04-01 12:00:00,-1,91
1,2015,3,31,22,-14,-81.851,-85.435,1916.9,630.6,2015-03-31 22:00:00,2015-04-01 12:00:00,-1,91
1,2015,3,31,21,-15,-81.892,-86.12,1927.8,623.1,2015-03-31 21:00:00,2015-04-01 12:00:00,-1,91
1,2015,3,31,20,-16,-81.925,-86.851,1935,615.7,2015-03-31 20:00:00,2015-04-01 12:00:00,-1,91
1,2015,3,31,19,-17,-81.949,-87.615,1938.8,608.6,2015-03-31 19:00:00,2015-04-01 12:00:00,-1,91
1,2015,3,31,18,-18,-81.966,-88.4,1939.7,602.3,2015-03-31 18:00:00,2015-04-01 12:00:00,-1,91
1,2015,3,31,17,-19,-81.98,-89.215,1939.2,596.2,2015-03-31 17:00:00,2015-04-01 12:00:00,-1,91
1,2015,3,31,16,-20,-81.996,-90.079,1940.8,589.6,2015-03-31 16:00:00,2015-04-01 12:00:00,-1,91
1,2015,3,31,15,-21,-82.014,-90.994,1945,583.7,2015-03-31 15:00:00,2015-04-01 12:00:00,-1,91
1,2015,3,31,14,-22,-82.032,-91.963,1950,577.6,2015-03-31 14:00:00,2015-04-01 12:00:00,-1,91
1,2015,3,31,13,-23,-82.05,-92.987,1956.4,571.7,2015-03-31 13:00:00,2015-04-01 12:00:00,-1,91
1,2015,3,31,12,-24,-82.066,-94.075,1963.9,566.2,2015-03-31 12:00:00,2015-04-01 12:00:00,-1,91
1,2015,4,2,12,0,-80.3,-81.3,1500,720,2015-04-02 12:00:00,2015-04-02 12:00:00,24,92
1,2015,4,2,11,-1,-80.307,-81.994,1517.9,710.4,2015-04-02 11:00:00,2015-04-02 12:00:00,-1,92
1,2015,4,2,10,-2,-80.318,-82.701,1533.1,700.9,2015-04-02 10:00:00,2015-04-02 12:00:00,-1,92
1,2015,4,2,9,-3,-80.33,-83.421,1545.6,691.5,2015-04-02 09:00:00,2015-04-02 12:00:00,-1,92
1,2015,4,2,8,-4,-80.345,-84.153,1555.3,682.2,2015-04-02 08:00:00,2015-04-02 12:00:00,-1,92
1,2015,4,2,7,-5,-80.36,-84.894,1562,673.2,2015-04-02 07:00:00,2015-04-02 12:00:00,-1,92
1,2015,4,2,6,-6,-80.375,-85.636,1565.5,664.6,2015-04-02 06:00:00,2015-04-02 12:00:00,-1,92
1,2015,4,2,5,-7,-80.392,-86.361,1566.3,656.7,2015-04-02 05:00:00,2015-04-02 12:00:00,-1,92
1,2015,4,2,4,-8,-80.413,-87.055,1563.8,649.5,2015-04-02 04:00:00,2015-04-02 12:00:00,-1,92
1,2015,4,2,3,-9,-80.437,-87.72,1558.8,643.3,2015-04-02 03:00:00,2015-04-02 12:00:00,-1,92
1,2015,4,2,2,-10,-80.465,-88.357,1551.7,638.6,2015-04-02 02:00:00,2015-04-02 12:00:00,-1,92
1,2015,4,2,1,-11,-80.494,-88.968,1542,634.2,2015-04-02 01:00:00,2015-04-02 12:00:00,-1,92
1,2015,4,2,0,-12,-80.524,-89.554,1530.1,630.3,2015-04-02,2015-04-02 12:00:00,-1,92
1,2015,4,1,23,-13,-80.551,-90.101,1516.4,627.3,2015-04-01 23:00:00,2015-04-02 12:00:00,-1,92
1,2015,4,1,22,-14,-80.576,-90.599,1502.2,625.3,2015-04-01 22:00:00,2015-04-02 12:00:00,-1,92
1,2015,4,1,21,-15,-80.597,-91.046,1486.4,623.9,2015-04-01 21:00:00,2015-04-02 12:00:00,-1,92
1,2015,4,1,20,-16,-80.616,-91.442,1469.1,623,2015-04-01 20:00:00,2015-04-02 12:00:00,-1,92
1,2015,4,1,19,-17,-80.63,-91.784,1450.2,622.6,2015-04-01 19:00:00,2015-04-02 12:00:00,-1,92
1,2015,4,1,18,-18,-80.641,-92.072,1429.5,622.8,2015-04-01 18:00:00,2015-04-02 12:00:00,-1,92
1,2015,4,1,17,-19,-80.652,-92.342,1410.6,623.2,2015-04-01 17:00:00,2015-04-02 12:00:00,-1,92
1,2015,4,1,16,-20,-80.667,-92.632,1396.9,623.1,2015-04-01 16:00:00,2015-04-02 12:00:00,-1,92
1,2015,4,1,15,-21,-80.683,-92.942,1388.2,622.7,2015-04-01 15:00:00,2015-04-02 12:00:00,-1,92
1,2015,4,1,14,-22,-80.702,-93.276,1384,621.9,2015-04-01 14:00:00,2015-04-02 12:00:00,-1,92
1,2015,4,1,13,-23,-80.721,-93.634,1383.9,620.5,2015-04-01 13:00:00,2015-04-02 12:00:00,-1,92
1,2015,4,1,12,-24,-80.742,-94.018,1387.5,618.7,2015-04-01 12:00:00,2015-04-02 12:00:00,-1,92
1,2015,4,3,12,0,-80.3,-81.3,1500,722.9,2015-04-03 12:00:00,2015-04-03 12:00:00,24,93
1,2015,4,3,11,-1,-80.305,-81.073,1510.2,723.7,2015-04-03 11:00:00,2015-04-03 12:00:00,-1,93
1,2015,4,3,10,-2,-80.315,-80.848,1516.4,725,2015-04-03 10:00:00,2015-04-03 12:00:00,-1,93
1,2015,4,3,9,-3,-80.329,-80.624,1518.6,726.6,2015-04-03 09:00:00,2015-04-03 12:00:00,-1,93
1,2015,4,3,8,-4,-80.348,-80.399,1517,728.5,2015-04-03 08:00:00,2015-04-03 12:00:00,-1,93
1,2015,4,3,7,-5,-80.372,-80.174,1511.8,730.8,2015-04-03 07:00:00,2015-04-03 12:00:00,-1,93
1,2015,4,3,6,-6,-80.402,-79.946,1503,733.2,2015-04-03 06:00:00,2015-04-03 12:00:00,-1,93
1,2015,4,3,5,-7,-80.432,-79.744,1492.6,735.9,2015-04-03 05:00:00,2015-04-03 12:00:00,-1,93
1,2015,4,3,4,-8,-80.457,-79.595,1482.1,737.8,2015-04-03 04:00:00,2015-04-03 12:00:00,-1,93
1,2015,4,3,3,-9,-80.478,-79.5,1471.7,739.2,2015-04-03 03:00:00,2015-04-03 12:00:00,-1,93
1,2015,4,3,2,-10,-80.495,-79.458,1461.6,740.2,2015-04-03 02:00:00,2015-04-03 12:00:00,-1,93
1,2015,4,3,1,-11,-80.507,-79.47,1451.7,740.7,2015-04-03 01:00:00,2015-04-03 12:00:00,-1,93
1,2015,4,3,0,-12,-80.514,-79.537,1442,740.7,2015-04-03,2015-04-03 12:00:00,-1,93
1,2015,4,2,23,-13,-80.518,-79.641,1432.9,740.4,2015-04-02 23:00:00,2015-04-03 12:00:00,-1,93
1,2015,4,2,22,-14,-80.52,-79.762,1424.3,739.9,2015-04-02 22:00:00,2015-04-03 12:00:00,-1,93
1,2015,4,2,21,-15,-80.52,-79.9,1416.4,739.2,2015-04-02 21:00:00,2015-04-03 12:00:00,-1,93
1,2015,4,2,20,-16,-80.518,-80.058,1409.2,738.2,2015-04-02 20:00:00,2015-04-03 12:00:00,-1,93
1,2015,4,2,19,-17,-80.514,-80.236,1402.7,736.8,2015-04-02 19:00:00,2015-04-03 12:00:00,-1,93
1,2015,4,2,18,-18,-80.507,-80.435,1396.8,735.2,2015-04-02 18:00:00,2015-04-03 12:00:00,-1,93
1,2015,4,2,17,-19,-80.501,-80.678,1393.5,733.6,2015-04-02 17:00:00,2015-04-03 12:00:00,-1,93
1,2015,4,2,16,-20,-80.495,-80.989,1393.9,730.5,2015-04-02 16:00:00,2015-04-03 12:00:00,-1,93
1,2015,4,2,15,-21,-80.491,-81.369,1398.4,726.1,2015-04-02 15:00:00,2015-04-03 12:00:00,-1,93
1,2015,4,2,14,-22,-80.487,-81.824,1407,720.5,2015-04-02 14:00:00,2015-04-03 12:00:00,-1,93
1,2015,4,2,13,-23,-80.484,-82.358,1420,713.5,2015-04-02 13:00:00,2015-04-03 12:00:00,-1,93
1,2015,4,2,12,-24,-80.481,-82.982,1437.3,704.9,2015-04-02 12:00:00,2015-04-03 12:00:00,-1,93
1,2015,4,4,12,0,-80.3,-81.3,1500,723.7,2015-04-04 12:00:00,2015-04-04 12:00:00,24,94
1,2015,4,4,11,-1,-80.341,-81.829,1546.7,712.7,2015-04-04 11:00:00,2015-04-04 12:00:00,-1,94
1,2015,4,4,10,-2,-80.37,-82.31,1587.2,703.2,2015-04-04 10:00:00,2015-04-04 12:00:00,-1,94
1,2015,4,4,9,-3,-80.39,-82.751,1621.4,694.8,2015-04-04 09:00:00,2015-04-04 12:00:00,-1,94
1,2015,4,4,8,-4,-80.405,-83.163,1648.9,687.4,2015-04-04 08:00:00,2015-04-04 12:00:00,-1,94
1,2015,4,4,7,-5,-80.416,-83.554,1669.5,681,2015-04-04 07:00:00,2015-04-04 12:00:00,-1,94
1,2015,4,4,6,-6,-80.424,-83.926,1683.4,675.6,2015-04-04 06:00:00,2015-04-04 12:00:00,-1,94
1,2015,4,4,5,-7,-80.426,-84.282,1691.9,670.9,2015-04-04 05:00:00,2015-04-04 12:00:00,-1,94
1,2015,4,4,4,-8,-80.42,-84.624,1697.7,666.6,2015-04-04 04:00:00,2015-04-04 12:00:00,-1,94
1,2015,4,4,3,-9,-80.406,-84.952,1700.6,662.9,2015-04-04 03:00:00,2015-04-04 12:00:00,-1,94
1,2015,4,4,2,-10,-80.387,-85.266,1700.4,659.6,2015-04-04 02:00:00,2015-04-04 12:00:00,-1,94
1,2015,4,4,1,-11,-80.362,-85.57,1697.1,656.7,2015-04-04 01:00:00,2015-04-04 12:00:00,-1,94
1,2015,4,4,0,-12,-80.333,-85.863,1690.6,654.2,2015-04-04,2015-04-04 12:00:00,-1,94
1,2015,4,3,23,-13,-80.302,-86.146,1680.3,651.9,2015-04-03 23:00:00,2015-04-04 12:00:00,-1,94
1,2015,4,3,22,-14,-80.275,-86.418,1667.8,650,2015-04-03 22:00:00,2015-04-04 12:00:00,-1,94
1,2015,4,3,21,-15,-80.249,-86.674,1652.5,648.4,2015-04-03 21:00:00,2015-04-04 12:00:00,-1,94
1,2015,4,3,20,-16,-80.226,-86.912,1634.3,647.3,2015-04-03 20:00:00,2015-04-04 12:00:00,-1,94
1,2015,4,3,19,-17,-80.204,-87.128,1613.4,646.6,2015-04-03 19:00:00,2015-04-04 12:00:00,-1,94
1,2015,4,3,18,-18,-80.185,-87.32,1590,646.3,2015-04-03 18:00:00,2015-04-04 12:00:00,-1,94
1,2015,4,3,17,-19,-80.168,-87.5,1568.7,646.8,2015-04-03 17:00:00,2015-04-04 12:00:00,-1,94
1,2015,4,3,16,-20,-80.156,-87.692,1554,646.5,2015-04-03 16:00:00,2015-04-04 12:00:00,-1,94
1,2015,4,3,15,-21,-80.149,-87.901,1545.6,645.4,2015-04-03 15:00:00,2015-04-04 12:00:00,-1,94
1,2015,4,3,14,-22,-80.146,-88.128,1543.6,643.5,2015-04-03 14:00:00,2015-04-04 12:00:00,-1,94
1,2015,4,3,13,-23,-80.147,-88.376,1548.1,640.9,2015-04-03 13:00:00,2015-04-04 12:00:00,-1,94
1,2015,4,3,12,-24,-80.152,-88.647,1559,637.4,2015-04-03 12:00:00,2015-04-04 12:00:00,-1,94
1,2015,4,5,12,0,-80.3,-81.3,1500,725.7,2015-04-05 12:00:00,2015-04-05 12:00:00,24,95
1,2015,4,5,11,-1,-80.447,-81.896,1558.3,710.6,2015-04-05 11:00:00,2015-04-05 12:00:00,-1,95
1,2015,4,5,10,-2,-80.566,-82.441,1612.7,697.4,2015-04-05 10:00:00,2015-04-05 12:00:00,-1,95
1,2015,4,5,9,-3,-80.658,-82.958,1663.7,685.6,2015-04-05 09:00:00,2015-04-05 12:00:00,-1,95
1,2015,4,5,8,-4,-80.727,-83.467,1711.9,674.3,2015-04-05 08:00:00,2015-04-05 12:00:00,-1,95
1,2015,4,5,7,-5,-80.774,-83.979,1757.9,663.7,2015-04-05 07:00:00,2015-04-05 12:00:00,-1,95
1,2015,4,5,6,-6,-80.804,-84.502,1801.9,653.6,2015-04-05 06:00:00,2015-04-05 12:00:00,-1,95
1,2015,4,5,5,-7,-80.827,-85.076,1843,643.3,2015-04-05 05:00:00,2015-04-05 12:00:00,-1,95
1,2015,4,5,4,-8,-80.854,-85.757,1880.9,632.3,2015-04-05 04:00:00,2015-04-05 12:00:00,-1,95
1,2015,4,5,3,-9,-80.885,-86.568,1914.8,620.7,2015-04-05 03:00:00,2015-04-05 12:00:00,-1,95
1,2015,4,5,2,-10,-80.923,-87.53,1944.8,608.1,2015-04-05 02:00:00,2015-04-05 12:00:00,-1,95
1,2015,4,5,1,-11,-80.964,-88.667,1971,595.6,2015-04-05 01:00:00,2015-04-05 12:00:00,-1,95
1,2015,4,5,0,-12,-81.007,-90,1992,582.2,2015-04-05,2015-04-05 12:00:00,-1,95
1,2015,4,4,23,-13,-81.04,-91.491,2011,571.4,2015-04-04 23:00:00,2015-04-05 12:00:00,-1,95
1,2015,4,4,22,-14,-81.054,-93.082,2024.4,561.7,2015-04-04 22:00:00,2015-04-05 12:00:00,-1,95
1,2015,4,4,21,-15,-81.048,-94.76,2033.9,553.7,2015-04-04 21:00:00,2015-04-05 12:00:00,-1,95
1,2015,4,4,20,-16,-81.022,-96.507,2039.9,547.9,2015-04-04 20:00:00,2015-04-05 12:00:00,-1,95
1,2015,4,4,19,-17,-80.976,-98.301,2041.9,544.4,2015-04-04 19:00:00,2015-04-05 12:00:00,-1,95
1,2015,4,4,18,-18,-80.911,-100.122,2039.9,543.4,2015-04-04 18:00:00,2015-04-05 12:00:00,-1,95
1,2015,4,4,17,-19,-80.831,-101.967,2036.7,545.4,2015-04-04 17:00:00,2015-04-05 12:00:00,-1,95
1,2015,4,4,16,-20,-80.743,-103.83,2031.7,549.3,2015-04-04 16:00:00,2015-04-05 12:00:00,-1,95
1,2015,4,4,15,-21,-80.643,-105.691,2024.1,554.7,2015-04-04 15:00:00,2015-04-05 12:00:00,-1,95
1,2015,4,4,14,-22,-80.529,-107.535,2013.4,562,2015-04-04 14:00:00,2015-04-05 12:00:00,-1,95
1,2015,4,4,13,-23,-80.4,-109.333,1996.7,570.7,2015-04-04 13:00:00,2015-04-05 12:00:00,-1,95
1,2015,4,4,12,-24,-80.254,-111.062,1972.2,579.9,2015-04-04 12:00:00,2015-04-05 12:00:00,-1,95
1,2015,4,6,12,0,-80.3,-81.3,1500,732,2015-04-06 12:00:00,2015-04-06 12:00:00,24,96
1,2015,4,6,11,-1,-80.428,-81.919,1548,717.9,2015-04-06 11:00:00,2015-04-06 12:00:00,-1,96
1,2015,4,6,10,-2,-80.553,-82.558,1591.4,704.7,2015-04-06 10:00:00,2015-04-06 12:00:00,-1,96
1,2015,4,6,9,-3,-80.677,-83.224,1630.7,692,2015-04-06 09:00:00,2015-04-06 12:00:00,-1,96
1,2015,4,6,8,-4,-80.8,-83.929,1666.4,679.4,2015-04-06 08:00:00,2015-04-06 12:00:00,-1,96
1,2015,4,6,7,-5,-80.922,-84.688,1699.2,666.7,2015-04-06 07:00:00,2015-04-06 12:00:00,-1,96
1,2015,4,6,6,-6,-81.044,-85.513,1729.1,653.9,2015-04-06 06:00:00,2015-04-06 12:00:00,-1,96
1,2015,4,6,5,-7,-81.166,-86.369,1756.4,641.4,2015-04-06 05:00:00,2015-04-06 12:00:00,-1,96
1,2015,4,6,4,-8,-81.287,-87.215,1783.2,629.6,2015-04-06 04:00:00,2015-04-06 12:00:00,-1,96
1,2015,4,6,3,-9,-81.407,-88.054,1809.3,619.2,2015-04-06 03:00:00,2015-04-06 12:00:00,-1,96
1,2015,4,6,2,-10,-81.523,-88.891,1834.1,609.6,2015-04-06 02:00:00,2015-04-06 12:00:00,-1,96
1,2015,4,6,1,-11,-81.636,-89.737,1857.1,600.3,2015-04-06 01:00:00,2015-04-06 12:00:00,-1,96
1,2015,4,6,0,-12,-81.746,-90.596,1879,592.3,2015-04-06,2015-04-06 12:00:00,-1,96
1,2015,4,5,23,-13,-81.846,-91.486,1899.7,585.4,2015-04-05 23:00:00,2015-04-06 12:00:00,-1,96
1,2015,4,5,22,-14,-81.931,-92.432,1920.3,578.4,2015-04-05 22:00:00,2015-04-06 12:00:00,-1,96
1,2015,4,5,21,-15,-81.999,-93.439,1940.7,572.1,2015-04-05 21:00:00,2015-04-06 12:00:00,-1,96
1,2015,4,5,20,-16,-82.051,-94.51,1959.7,565.8,2015-04-05 20:00:00,2015-04-06 12:00:00,-1,96
1,2015,4,5,19,-17,-82.087,-95.647,1978.1,560.5,2015-04-05 19:00:00,2015-04-06 12:00:00,-1,96
1,2015,4,5,18,-18,-82.106,-96.85,1995.4,556.2,2015-04-05 18:00:00,2015-04-06 12:00:00,-1,96
1,2015,4,5,17,-19,-82.114,-98.122,2012.6,552.4,2015-04-05 17:00:00,2015-04-06 12:00:00,-1,96
1,2015,4,5,16,-20,-82.115,-99.466,2030.8,549.3,2015-04-05 16:00:00,2015-04-06 12:00:00,-1,96
1,2015,4,5,15,-21,-82.107,-100.882,2050.5,547.4,2015-04-05 15:00:00,2015-04-06 12:00:00,-1,96
1,2015,4,5,14,-22,-82.091,-102.37,2071.3,546.5,2015-04-05 14:00:00,2015-04-06 12:00:00,-1,96
1,2015,4,5,13,-23,-82.066,-103.934,2094.3,547.2,2015-04-05 13:00:00,2015-04-06 12:00:00,-1,96
1,2015,4,5,12,-24,-82.031,-105.574,2118.9,548.7,2015-04-05 12:00:00,2015-04-06 12:00:00,-1,96
1,2015,4,7,12,0,-80.3,-81.3,1500,733.6,2015-04-07 12:00:00,2015-04-07 12:00:00,24,97
1,2015,4,7,11,-1,-80.285,-81.958,1510.2,725.6,2015-04-07 11:00:00,2015-04-07 12:00:00,-1,97
1,2015,4,7,10,-2,-80.265,-82.58,1523.5,717.6,2015-04-07 10:00:00,2015-04-07 12:00:00,-1,97
1,2015,4,7,9,-3,-80.24,-83.162,1540.5,709.8,2015-04-07 09:00:00,2015-04-07 12:00:00,-1,97
1,2015,4,7,8,-4,-80.21,-83.701,1561.8,702.2,2015-04-07 08:00:00,2015-04-07 12:00:00,-1,97
1,2015,4,7,7,-5,-80.177,-84.196,1587.7,694.6,2015-04-07 07:00:00,2015-04-07 12:00:00,-1,97
1,2015,4,7,6,-6,-80.139,-84.647,1618.5,687.2,2015-04-07 06:00:00,2015-04-07 12:00:00,-1,97
1,2015,4,7,5,-7,-80.106,-85.093,1649.2,679.2,2015-04-07 05:00:00,2015-04-07 12:00:00,-1,97
1,2015,4,7,4,-8,-80.087,-85.58,1674.7,671.3,2015-04-07 04:00:00,2015-04-07 12:00:00,-1,97
1,2015,4,7,3,-9,-80.083,-86.111,1694.7,663.2,2015-04-07 03:00:00,2015-04-07 12:00:00,-1,97
1,2015,4,7,2,-10,-80.095,-86.688,1708.6,655.2,2015-04-07 02:00:00,2015-04-07 12:00:00,-1,97
1,2015,4,7,1,-11,-80.121,-87.312,1716.1,647.2,2015-04-07 01:00:00,2015-04-07 12:00:00,-1,97
1,2015,4,7,0,-12,-80.162,-87.984,1717.1,639.8,2015-04-07,2015-04-07 12:00:00,-1,97
1,2015,4,6,23,-13,-80.21,-88.643,1716.5,633.5,2015-04-06 23:00:00,2015-04-07 12:00:00,-1,97
1,2015,4,6,22,-14,-80.258,-89.234,1719.1,627.4,2015-04-06 22:00:00,2015-04-07 12:00:00,-1,97
1,2015,4,6,21,-15,-80.305,-89.758,1725.5,621.8,2015-04-06 21:00:00,2015-04-07 12:00:00,-1,97
1,2015,4,6,20,-16,-80.352,-90.216,1736.3,617,2015-04-06 20:00:00,2015-04-07 12:00:00,-1,97
1,2015,4,6,19,-17,-80.4,-90.608,1751.7,612.7,2015-04-06 19:00:00,2015-04-07 12:00:00,-1,97
1,2015,4,6,18,-18,-80.45,-90.936,1771.8,608.4,2015-04-06 18:00:00,2015-04-07 12:00:00,-1,97
1,2015,4,6,17,-19,-80.501,-91.248,1795.1,603.8,2015-04-06 17:00:00,2015-04-07 12:00:00,-1,97
1,2015,4,6,16,-20,-80.554,-91.593,1821.9,598.8,2015-04-06 16:00:00,2015-04-07 12:00:00,-1,97
1,2015,4,6,15,-21,-80.61,-91.968,1851.5,593.5,2015-04-06 15:00:00,2015-04-07 12:00:00,-1,97
1,2015,4,6,14,-22,-80.668,-92.371,1883.9,587.9,2015-04-06 14:00:00,2015-04-07 12:00:00,-1,97
1,2015,4,6,13,-23,-80.728,-92.8,1919.7,582.6,2015-04-06 13:00:00,2015-04-07 12:00:00,-1,97
1,2015,4,6,12,-24,-80.791,-93.255,1958.9,577.1,2015-04-06 12:00:00,2015-04-07 12:00:00,-1,97
1,2015,4,8,12,0,-80.3,-81.3,1500,725.8,2015-04-08 12:00:00,2015-04-08 12:00:00,24,98
1,2015,4,8,11,-1,-80.467,-82.553,1553.8,704.8,2015-04-08 11:00:00,2015-04-08 12:00:00,-1,98
1,2015,4,8,10,-2,-80.624,-83.739,1607.5,685.1,2015-04-08 10:00:00,2015-04-08 12:00:00,-1,98
1,2015,4,8,9,-3,-80.769,-84.853,1662.7,666.7,2015-04-08 09:00:00,2015-04-08 12:00:00,-1,98
1,2015,4,8,8,-4,-80.901,-85.901,1719.4,649.3,2015-04-08 08:00:00,2015-04-08 12:00:00,-1,98
1,2015,4,8,7,-5,-81.02,-86.892,1777.8,633.1,2015-04-08 07:00:00,2015-04-08 12:00:00,-1,98
1,2015,4,8,6,-6,-81.128,-87.833,1838.4,618.5,2015-04-08 06:00:00,2015-04-08 12:00:00,-1,98
1,2015,4,8,5,-7,-81.224,-88.765,1896.4,605.4,2015-04-08 05:00:00,2015-04-08 12:00:00,-1,98
1,2015,4,8,4,-8,-81.307,-89.725,1945.7,593.6,2015-04-08 04:00:00,2015-04-08 12:00:00,-1,98
1,2015,4,8,3,-9,-81.377,-90.712,1986.9,583.4,2015-04-08 03:00:00,2015-04-08 12:00:00,-1,98
1,2015,4,8,2,-10,-81.433,-91.724,2019.6,574.3,2015-04-08 02:00:00,2015-04-08 12:00:00,-1,98
1,2015,4,8,1,-11,-81.474,-92.754,2044.5,566.2,2015-04-08 01:00:00,2015-04-08 12:00:00,-1,98
1,2015,4,8,0,-12,-81.501,-93.79,2062.9,560.1,2015-04-08,2015-04-08 12:00:00,-1,98
1,2015,4,7,23,-13,-81.513,-94.78,2077.3,555.1,2015-04-07 23:00:00,2015-04-08 12:00:00,-1,98
1,2015,4,7,22,-14,-81.506,-95.686,2091.3,551.6,2015-04-07 22:00:00,2015-04-08 12:00:00,-1,98
1,2015,4,7,21,-15,-81.482,-96.519,2105,548.6,2015-04-07 21:00:00,2015-04-08 12:00:00,-1,98
1,2015,4,7,20,-16,-81.441,-97.286,2118.7,545.8,2015-04-07 20:00:00,2015-04-08 12:00:00,-1,98
1,2015,4,7,19,-17,-81.384,-97.99,2134.4,544,2015-04-07 19:00:00,2015-04-08 12:00:00,-1,98
1,2015,4,7,18,-18,-81.31,-98.63,2151.6,542.5,2015-04-07 18:00:00,2015-04-08 12:00:00,-1,98
1,2015,4,7,17,-19,-81.222,-99.22,2166.7,541.1,2015-04-07 17:00:00,2015-04-08 12:00:00,-1,98
1,2015,4,7,16,-20,-81.123,-99.765,2178.5,540.1,2015-04-07 16:00:00,2015-04-08 12:00:00,-1,98
1,2015,4,7,15,-21,-81.012,-100.254,2185.9,539.8,2015-04-07 15:00:00,2015-04-08 12:00:00,-1,98
1,2015,4,7,14,-22,-80.889,-100.678,2187.6,540.3,2015-04-07 14:00:00,2015-04-08 12:00:00,-1,98
1,2015,4,7,13,-23,-80.755,-101.028,2182.1,541.5,2015-04-07 13:00:00,2015-04-08 12:00:00,-1,98
1,2015,4,7,12,-24,-80.609,-101.296,2168,543.3,2015-04-07 12:00:00,2015-04-08 12:00:00,-1,98
1,2015,4,9,12,0,-80.3,-81.3,1500,729.1,2015-04-09 12:00:00,2015-04-09 12:00:00,24,99
1,2015,4,9,11,-1,-80.421,-82.33,1523.4,713.6,2015-04-09 11:00:00,2015-04-09 12:00:00,-1,99
1,2015,4,9,10,-2,-80.544,-83.378,1546.9,698.1,2015-04-09 10:00:00,2015-04-09 12:00:00,-1,99
1,2015,4,9,9,-3,-80.669,-84.453,1571.2,682.9,2015-04-09 09:00:00,2015-04-09 12:00:00,-1,99
1,2015,4,9,8,-4,-80.795,-85.559,1597.1,667.4,2015-04-09 08:00:00,2015-04-09 12:00:00,-1,99
1,2015,4,9,7,-5,-80.919,-86.699,1626.1,651.7,2015-04-09 07:00:00,2015-04-09 12:00:00,-1,99
1,2015,4,9,6,-6,-81.041,-87.885,1659.4,636.1,2015-04-09 06:00:00,2015-04-09 12:00:00,-1,99
1,2015,4,9,5,-7,-81.158,-89.098,1692.4,621.5,2015-04-09 05:00:00,2015-04-09 12:00:00,-1,99
1,2015,4,9,4,-8,-81.267,-90.31,1718.5,608.8,2015-04-09 04:00:00,2015-04-09 12:00:00,-1,99
1,2015,4,9,3,-9,-81.37,-91.521,1737.7,598.7,2015-04-09 03:00:00,2015-04-09 12:00:00,-1,99
1,2015,4,9,2,-10,-81.468,-92.736,1747.9,590.1,2015-04-09 02:00:00,2015-04-09 12:00:00,-1,99
1,2015,4,9,1,-11,-81.561,-93.962,1749.6,584.4,2015-04-09 01:00:00,2015-04-09 12:00:00,-1,99
1,2015,4,9,0,-12,-81.651,-95.202,1741,579.9,2015-04-09,2015-04-09 12:00:00,-1,99
1,2015,4,8,23,-13,-81.728,-96.422,1728.9,577.5,2015-04-08 23:00:00,2015-04-09 12:00:00,-1,99
1,2015,4,8,22,-14,-81.788,-97.581,1720,575.1,2015-04-08 22:00:00,2015-04-09 12:00:00,-1,99
1,2015,4,8,21,-15,-81.831,-98.664,1716.2,574.5,2015-04-08 21:00:00,2015-04-09 12:00:00,-1,99
1,2015,4,8,20,-16,-81.86,-99.66,1717.1,573.5,2015-04-08 20:00:00,2015-04-09 12:00:00,-1,99
1,2015,4,8,19,-17,-81.875,-100.566,1724,572.9,2015-04-08 19:00:00,2015-04-09 12:00:00,-1,99
1,2015,4,8,18,-18,-81.88,-101.38,1736.9,572.3,2015-04-08 18:00:00,2015-04-09 12:00:00,-1,99
1,2015,4,8,17,-19,-81.881,-102.149,1754.1,571.4,2015-04-08 17:00:00,2015-04-09 12:00:00,-1,99
1,2015,4,8,16,-20,-81.885,-102.918,1772.6,571,2015-04-08 16:00:00,2015-04-09 12:00:00,-1,99
1,2015,4,8,15,-21,-81.892,-103.691,1792.6,570.9,2015-04-08 15:00:00,2015-04-09 12:00:00,-1,99
1,2015,4,8,14,-22,-81.904,-104.473,1813.6,570.8,2015-04-08 14:00:00,2015-04-09 12:00:00,-1,99
1,2015,4,8,13,-23,-81.92,-105.267,1835.6,570.9,2015-04-08 13:00:00,2015-04-09 12:00:00,-1,99
1,2015,4,8,12,-24,-81.943,-106.073,1858.8,571.6,2015-04-08 12:00:00,2015-04-09 12:00:00,-1,99
1,2015,4,10,12,0,-80.3,-81.3,1500,728.3,2015-04-10 12:00:00,2015-04-10 12:00:00,24,100
1,2015,4,10,11,-1,-80.316,-81.113,1487.1,731.9,2015-04-10 11:00:00,2015-04-10 12:00:00,-1,100
1,2015,4,10,10,-2,-80.333,-81.001,1479.9,733.7,2015-04-10 10:00:00,2015-04-10 12:00:00,-1,100
1,2015,4,10,9,-3,-80.349,-80.967,1478.4,734.1,2015-04-10 09:00:00,2015-04-10 12:00:00,-1,100
1,2015,4,10,8,-4,-80.362,-81.009,1482.2,733.1,2015-04-10 08:00:00,2015-04-10 12:00:00,-1,100
1,2015,4,10,7,-5,-80.371,-81.127,1491.3,730.8,2015-04-10 07:00:00,2015-04-10 12:00:00,-1,100
1,2015,4,10,6,-6,-80.375,-81.318,1505.4,727.2,2015-04-10 06:00:00,2015-04-10 12:00:00,-1,100
1,2015,4,10,5,-7,-80.376,-81.577,1520.2,722.3,2015-04-10 05:00:00,2015-04-10 12:00:00,-1,100
1,2015,4,10,4,-8,-80.381,-81.905,1531,717.4,2015-04-10 04:00:00,2015-04-10 12:00:00,-1,100
1,2015,4,10,3,-9,-80.389,-82.304,1538,712,2015-04-10 03:00:00,2015-04-10 12:00:00,-1,100
1,2015,4,10,2,-10,-80.401,-82.777,1541.1,706.1,2015-04-10 02:00:00,2015-04-10 12:00:00,-1,100
1,2015,4,10,1,-11,-80.416,-83.324,1540.1,699.5,2015-04-10 01:00:00,2015-04-10 12:00:00,-1,100
1,2015,4,10,0,-12,-80.435,-83.944,1535.2,692.5,2015-04-10,2015-04-10 12:00:00,-1,100
1,2015,4,9,23,-13,-80.448,-84.58,1530.4,686.1,2015-04-09 23:00:00,2015-04-10 12:00:00,-1,100
1,2015,4,9,22,-14,-80.446,-85.179,1529.1,679.6,2015-04-09 22:00:00,2015-04-10 12:00:00,-1,100
1,2015,4,9,21,-15,-80.425,-85.732,1531.2,673.7,2015-04-09 21:00:00,2015-04-10 12:00:00,-1,100
1,2015,4,9,20,-16,-80.385,-86.236,1536.3,668.2,2015-04-09 20:00:00,2015-04-10 12:00:00,-1,100
1,2015,4,9,19,-17,-80.324,-86.697,1543.9,663.1,2015-04-09 19:00:00,2015-04-10 12:00:00,-1,100
1,2015,4,9,18,-18,-80.24,-87.122,1553.3,658.4,2015-04-09 18:00:00,2015-04-10 12:00:00,-1,100
1,2015,4,9,17,-19,-80.147,-87.581,1561.3,653,2015-04-09 17:00:00,2015-04-10 12:00:00,-1,100
1,2015,4,9,16,-20,-80.06,-88.133,1565.4,647.8,2015-04-09 16:00:00,2015-04-10 12:00:00,-1,100
1,2015,4,9,15,-21,-79.98,-88.775,1565,641.9,2015-04-09 15:00:00,2015-04-10 12:00:00,-1,100
1,2015,4,9,14,-22,-79.905,-89.501,1560.6,635.9,2015-04-09 14:00:00,2015-04-10 12:00:00,-1,100
1,2015,4,9,13,-23,-79.835,-90.304,1552.6,630.2,2015-04-09 13:00:00,2015-04-10 12:00:00,-1,100
1,2015,4,9,12,-24,-79.768,-91.171,1541.5,625.7,2015-04-09 12:00:00,2015-04-10 12:00:00,-1,100
1,2015,4,11,12,0,-80.3,-81.3,1500,723.5,2015-04-11 12:00:00,2015-04-11 12:00:00,24,101
1,2015,4,11,11,-1,-80.532,-81.632,1528.7,714,2015-04-11 11:00:00,2015-04-11 12:00:00,-1,101
1,2015,4,11,10,-2,-80.738,-81.873,1552.1,706.7,2015-04-11 10:00:00,2015-04-11 12:00:00,-1,101
1,2015,4,11,9,-3,-80.916,-82.042,1571.7,701.1,2015-04-11 09:00:00,2015-04-11 12:00:00,-1,101
1,2015,4,11,8,-4,-81.067,-82.152,1588.7,696.8,2015-04-11 08:00:00,2015-04-11 12:00:00,-1,101
1,2015,4,11,7,-5,-81.191,-82.215,1604.3,693.5,2015-04-11 07:00:00,2015-04-11 12:00:00,-1,101
1,2015,4,11,6,-6,-81.289,-82.239,1619.4,690.9,2015-04-11 06:00:00,2015-04-11 12:00:00,-1,101
1,2015,4,11,5,-7,-81.363,-82.187,1632.5,689.2,2015-04-11 05:00:00,2015-04-11 12:00:00,-1,101
1,2015,4,11,4,-8,-81.416,-82.018,1641.8,689.5,2015-04-11 04:00:00,2015-04-11 12:00:00,-1,101
1,2015,4,11,3,-9,-81.449,-81.732,1647.6,691.4,2015-04-11 03:00:00,2015-04-11 12:00:00,-1,101
1,2015,4,11,2,-10,-81.463,-81.329,1649.9,695.1,2015-04-11 02:00:00,2015-04-11 12:00:00,-1,101
1,2015,4,11,1,-11,-81.46,-80.805,1648.8,700.5,2015-04-11 01:00:00,2015-04-11 12:00:00,-1,101
1,2015,4,11,0,-12,-81.443,-80.159,1644.3,707.7,2015-04-11,2015-04-11 12:00:00,-1,101
1,2015,4,10,23,-13,-81.421,-79.504,1635.3,714.8,2015-04-10 23:00:00,2015-04-11 12:00:00,-1,101
1,2015,4,10,22,-14,-81.404,-78.96,1623.1,720.9,2015-04-10 22:00:00,2015-04-11 12:00:00,-1,101
1,2015,4,10,21,-15,-81.392,-78.531,1607.4,726.4,2015-04-10 21:00:00,2015-04-11 12:00:00,-1,101
1,2015,4,10,20,-16,-81.386,-78.217,1588.5,731,2015-04-10 20:00:00,2015-04-11 12:00:00,-1,101
1,2015,4,10,19,-17,-81.387,-78.019,1566.6,734.9,2015-04-10 19:00:00,2015-04-11 12:00:00,-1,101
1,2015,4,10,18,-18,-81.394,-77.94,1542,737.8,2015-04-10 18:00:00,2015-04-11 12:00:00,-1,101
1,2015,4,10,17,-19,-81.406,-77.937,1518,740.6,2015-04-10 17:00:00,2015-04-11 12:00:00,-1,101
1,2015,4,10,16,-20,-81.422,-77.967,1496.5,742.4,2015-04-10 16:00:00,2015-04-11 12:00:00,-1,101
1,2015,4,10,15,-21,-81.44,-78.031,1477.8,743.5,2015-04-10 15:00:00,2015-04-11 12:00:00,-1,101
1,2015,4,10,14,-22,-81.46,-78.131,1461.8,744.1,2015-04-10 14:00:00,2015-04-11 12:00:00,-1,101
1,2015,4,10,13,-23,-81.481,-78.267,1448.4,744,2015-04-10 13:00:00,2015-04-11 12:00:00,-1,101
1,2015,4,10,12,-24,-81.502,-78.439,1437.5,743.3,2015-04-10 12:00:00,2015-04-11 12:00:00,-1,101
1,2015,4,12,12,0,-80.3,-81.3,1500,717.7,2015-04-12 12:00:00,2015-04-12 12:00:00,24,102
1,2015,4,12,11,-1,-80.709,-82.046,1555.5,698.8,2015-04-12 11:00:00,2015-04-12 12:00:00,-1,102
1,2015,4,12,10,-2,-81.097,-82.728,1605.9,682.1,2015-04-12 10:00:00,2015-04-12 12:00:00,-1,102
1,2015,4,12,9,-3,-81.463,-83.38,1650.7,667.2,2015-04-12 09:00:00,2015-04-12 12:00:00,-1,102
1,2015,4,12,8,-4,-81.804,-84.031,1689.9,653.4,2015-04-12 08:00:00,2015-04-12 12:00:00,-1,102
1,2015,4,12,7,-5,-82.121,-84.702,1723.2,641,2015-04-12 07:00:00,2015-04-12 12:00:00,-1,102
1,2015,4,12,6,-6,-82.415,-85.403,1750.5,629.9,2015-04-12 06:00:00,2015-04-12 12:00:00,-1,102
1,2015,4,12,5,-7,-82.679,-86.09,1774.4,621.7,2015-04-12 05:00:00,2015-04-12 12:00:00,-1,102
1,2015,4,12,4,-8,-82.907,-86.693,1796.4,615.2,2015-04-12 04:00:00,2015-04-12 12:00:00,-1,102
1,2015,4,12,3,-9,-83.103,-87.174,1817.1,610.2,2015-04-12 03:00:00,2015-04-12 12:00:00,-1,102
1,2015,4,12,2,-10,-83.268,-87.513,1836.9,606.4,2015-04-12 02:00:00,2015-04-12 12:00:00,-1,102
1,2015,4,12,1,-11,-83.405,-87.696,1856.2,603.9,2015-04-12 01:00:00,2015-04-12 12:00:00,-1,102
1,2015,4,12,0,-12,-83.517,-87.707,1874.7,602.5,2015-04-12,2015-04-12 12:00:00,-1,102
1,2015,4,11,23,-13,-83.619,-87.59,1891,601.6,2015-04-11 23:00:00,2015-04-12 12:00:00,-1,102
1,2015,4,11,22,-14,-83.722,-87.385,1904.9,601.4,2015-04-11 22:00:00,2015-04-12 12:00:00,-1,102
1,2015,4,11,21,-15,-83.828,-87.084,1915.9,602,2015-04-11 21:00:00,2015-04-12 12:00:00,-1,102
1,2015,4,11,20,-16,-83.937,-86.678,1923.9,603.2,2015-04-11 20:00:00,2015-04-12 12:00:00,-1,102
1,2015,4,11,19,-17,-84.049,-86.163,1929,605,2015-04-11 19:00:00,2015-04-12 12:00:00,-1,102
1,2015,4,11,18,-18,-84.164,-85.535,1931.3,607.4,2015-04-11 18:00:00,2015-04-12 12:00:00,-1,102
1,2015,4,11,17,-19,-84.268,-84.803,1929.5,610.4,2015-04-11 17:00:00,2015-04-12 12:00:00,-1,102
1,2015,4,11,16,-20,-84.348,-83.995,1924,614.2,2015-04-11 16:00:00,2015-04-12 12:00:00,-1,102
1,2015,4,11,15,-21,-84.405,-83.123,1913.8,618.6,2015-04-11 15:00:00,2015-04-12 12:00:00,-1,102
1,2015,4,11,14,-22,-84.44,-82.201,1898.6,623.7,2015-04-11 14:00:00,2015-04-12 12:00:00,-1,102
1,2015,4,11,13,-23,-84.452,-81.235,1877.9,629.5,2015-04-11 13:00:00,2015-04-12 12:00:00,-1,102
1,2015,4,11,12,-24,-84.444,-80.227,1851.4,636.5,2015-04-11 12:00:00,2015-04-12 12:00:00,-1,102
1,2015,4,13,12,0,-80.3,-81.3,1500,719.9,2015-04-13 12:00:00,2015-04-13 12:00:00,24,103
1,2015,4,13,11,-1,-80.559,-81.252,1532.8,713.2,2015-04-13 11:00:00,2015-04-13 12:00:00,-1,103
1,2015,4,13,10,-2,-80.805,-81.141,1565.5,707.2,2015-04-13 10:00:00,2015-04-13 12:00:00,-1,103
1,2015,4,13,9,-3,-81.039,-80.969,1597.8,702,2015-04-13 09:00:00,2015-04-13 12:00:00,-1,103
1,2015,4,13,8,-4,-81.264,-80.738,1629.5,697.6,2015-04-13 08:00:00,2015-04-13 12:00:00,-1,103
1,2015,4,13,7,-5,-81.48,-80.445,1660.2,693.9,2015-04-13 07:00:00,2015-04-13 12:00:00,-1,103
1,2015,4,13,6,-6,-81.689,-80.091,1689.5,690.7,2015-04-13 06:00:00,2015-04-13 12:00:00,-1,103
1,2015,4,13,5,-7,-81.893,-79.646,1718.2,688.3,2015-04-13 05:00:00,2015-04-13 12:00:00,-1,103
1,2015,4,13,4,-8,-82.092,-79.079,1747.6,686.6,2015-04-13 04:00:00,2015-04-13 12:00:00,-1,103
1,2015,4,13,3,-9,-82.285,-78.389,1779.1,685.5,2015-04-13 03:00:00,2015-04-13 12:00:00,-1,103
1,2015,4,13,2,-10,-82.469,-77.57,1813.8,684.8,2015-04-13 02:00:00,2015-04-13 12:00:00,-1,103
1,2015,4,13,1,-11,-82.643,-76.653,1852.4,683.7,2015-04-13 01:00:00,2015-04-13 12:00:00,-1,103
1,2015,4,13,0,-12,-82.806,-75.675,1896.8,682,2015-04-13,2015-04-13 12:00:00,-1,103
1,2015,4,12,23,-13,-82.962,-74.699,1943.2,678.4,2015-04-12 23:00:00,2015-04-13 12:00:00,-1,103
1,2015,4,12,22,-14,-83.115,-73.787,1986.5,673.9,2015-04-12 22:00:00,2015-04-13 12:00:00,-1,103
1,2015,4,12,21,-15,-83.267,-72.954,2026.8,669.3,2015-04-12 21:00:00,2015-04-13 12:00:00,-1,103
1,2015,4,12,20,-16,-83.417,-72.217,2063.4,664.3,2015-04-12 20:00:00,2015-04-13 12:00:00,-1,103
1,2015,4,12,19,-17,-83.567,-71.603,2095.7,658.9,2015-04-12 19:00:00,2015-04-13 12:00:00,-1,103
1,2015,4,12,18,-18,-83.718,-71.141,2123.8,653.3,2015-04-12 18:00:00,2015-04-13 12:00:00,-1,103
1,2015,4,12,17,-19,-83.864,-70.743,2147.2,648.4,2015-04-12 17:00:00,2015-04-13 12:00:00,-1,103
1,2015,4,12,16,-20,-83.997,-70.29,2163.5,644.5,2015-04-12 16:00:00,2015-04-13 12:00:00,-1,103
1,2015,4,12,15,-21,-84.118,-69.763,2173.1,641.4,2015-04-12 15:00:00,2015-04-13 12:00:00,-1,103
1,2015,4,12,14,-22,-84.222,-69.147,2175.3,639.2,2015-04-12 14:00:00,2015-04-13 12:00:00,-1,103
1,2015,4,12,13,-23,-84.31,-68.419,2169.8,638.4,2015-04-12 13:00:00,2015-04-13 12:00:00,-1,103
1,2015,4,12,12,-24,-84.38,-67.559,2155.9,639.1,2015-04-12 12:00:00,2015-04-13 12:00:00,-1,103
1,2015,4,14,12,0,-80.3,-81.3,1500,726.4,2015-04-14 12:00:00,2015-04-14 12:00:00,24,104
1,2015,4,14,11,-1,-80.58,-82.163,1554.8,708,2015-04-14 11:00:00,2015-04-14 12:00:00,-1,104
1,2015,4,14,10,-2,-80.841,-82.926,1607.7,691.6,2015-04-14 10:00:00,2015-04-14 12:00:00,-1,104
1,2015,4,14,9,-3,-81.084,-83.632,1658.5,676.9,2015-04-14 09:00:00,2015-04-14 12:00:00,-1,104
1,2015,4,14,8,-4,-81.306,-84.309,1706.7,663.4,2015-04-14 08:00:00,2015-04-14 12:00:00,-1,104
1,2015,4,14,7,-5,-81.506,-84.968,1752,651.1,2015-04-14 07:00:00,2015-04-14 12:00:00,-1,104
1,2015,4,14,6,-6,-81.683,-85.602,1794,640.2,2015-04-14 06:00:00,2015-04-14 12:00:00,-1,104
1,2015,4,14,5,-7,-81.837,-86.181,1833.2,630.4,2015-04-14 05:00:00,2015-04-14 12:00:00,-1,104
1,2015,4,14,4,-8,-81.974,-86.677,1869.7,621.8,2015-04-14 04:00:00,2015-04-14 12:00:00,-1,104
1,2015,4,14,3,-9,-82.095,-87.092,1903.5,614.5,2015-04-14 03:00:00,2015-04-14 12:00:00,-1,104
1,2015,4,14,2,-10,-82.203,-87.426,1934.2,608.2,2015-04-14 02:00:00,2015-04-14 12:00:00,-1,104
1,2015,4,14,1,-11,-82.301,-87.676,1961.9,603.3,2015-04-14 01:00:00,2015-04-14 12:00:00,-1,104
1,2015,4,14,0,-12,-82.389,-87.834,1986,599.6,2015-04-14,2015-04-14 12:00:00,-1,104
1,2015,4,13,23,-13,-82.476,-87.923,2005,596.2,2015-04-13 23:00:00,2015-04-14 12:00:00,-1,104
1,2015,4,13,22,-14,-82.572,-87.961,2019.5,594,2015-04-13 22:00:00,2015-04-14 12:00:00,-1,104
1,2015,4,13,21,-15,-82.679,-87.927,2029.4,592.8,2015-04-13 21:00:00,2015-04-14 12:00:00,-1,104
1,2015,4,13,20,-16,-82.797,-87.806,2034.3,592.4,2015-04-13 20:00:00,2015-04-14 12:00:00,-1,104
1,2015,4,13,19,-17,-82.929,-87.586,2034.3,593,2015-04-13 19:00:00,2015-04-14 12:00:00,-1,104
1,2015,4,13,18,-18,-83.075,-87.251,2029.2,594.7,2015-04-13 18:00:00,2015-04-14 12:00:00,-1,104
1,2015,4,13,17,-19,-83.225,-86.75,2024.1,598.3,2015-04-13 17:00:00,2015-04-14 12:00:00,-1,104
1,2015,4,13,16,-20,-83.37,-86.026,2023.3,602.1,2015-04-13 16:00:00,2015-04-14 12:00:00,-1,104
1,2015,4,13,15,-21,-83.509,-85.053,2027.7,606.4,2015-04-13 15:00:00,2015-04-14 12:00:00,-1,104
1,2015,4,13,14,-22,-83.641,-83.805,2038.5,611.4,2015-04-13 14:00:00,2015-04-14 12:00:00,-1,104
1,2015,4,13,13,-23,-83.762,-82.258,2055.6,617.1,2015-04-13 13:00:00,2015-04-14 12:00:00,-1,104
1,2015,4,13,12,-24,-83.87,-80.378,2078,622.9,2015-04-13 12:00:00,2015-04-14 12:00:00,-1,104
1,2015,4,15,12,0,-80.3,-81.3,1500,727.3,2015-04-15 12:00:00,2015-04-15 12:00:00,24,105
1,2015,4,15,11,-1,-80.207,-81.633,1465.9,728.3,2015-04-15 11:00:00,2015-04-15 12:00:00,-1,105
1,2015,4,15,10,-2,-80.116,-81.994,1435.8,728.3,2015-04-15 10:00:00,2015-04-15 12:00:00,-1,105
1,2015,4,15,9,-3,-80.026,-82.385,1409.8,727.3,2015-04-15 09:00:00,2015-04-15 12:00:00,-1,105
1,2015,4,15,8,-4,-79.934,-82.805,1387.4,725,2015-04-15 08:00:00,2015-04-15 12:00:00,-1,105
1,2015,4,15,7,-5,-79.84,-83.254,1368.2,721.7,2015-04-15 07:00:00,2015-04-15 12:00:00,-1,105
1,2015,4,15,6,-6,-79.742,-83.739,1352,717.9,2015-04-15 06:00:00,2015-04-15 12:00:00,-1,105
1,2015,4,15,5,-7,-79.647,-84.264,1337.6,713.7,2015-04-15 05:00:00,2015-04-15 12:00:00,-1,105
1,2015,4,15,4,-8,-79.564,-84.843,1323.9,709.2,2015-04-15 04:00:00,2015-04-15 12:00:00,-1,105
1,2015,4,15,3,-9,-79.489,-85.473,1310.5,704.1,2015-04-15 03:00:00,2015-04-15 12:00:00,-1,105
1,2015,4,15,2,-10,-79.421,-86.141,1297.7,698.5,2015-04-15 02:00:00,2015-04-15 12:00:00,-1,105
1,2015,4,15,1,-11,-79.356,-86.848,1285.7,692.4,2015-04-15 01:00:00,2015-04-15 12:00:00,-1,105
1,2015,4,15,0,-12,-79.295,-87.597,1274.3,686,2015-04-15,2015-04-15 12:00:00,-1,105
1,2015,4,14,23,-13,-79.24,-88.415,1266.7,680.3,2015-04-14 23:00:00,2015-04-15 12:00:00,-1,105
1,2015,4,14,22,-14,-79.191,-89.326,1265.6,672.9,2015-04-14 22:00:00,2015-04-15 12:00:00,-1,105
1,2015,4,14,21,-15,-79.146,-90.339,1271.1,664.9,2015-04-14 21:00:00,2015-04-15 12:00:00,-1,105
1,2015,4,14,20,-16,-79.102,-91.457,1283,657.1,2015-04-14 20:00:00,2015-04-15 12:00:00,-1,105
1,2015,4,14,19,-17,-79.056,-92.685,1300.3,649,2015-04-14 19:00:00,2015-04-15 12:00:00,-1,105
1,2015,4,14,18,-18,-79.005,-94.023,1323.2,642.9,2015-04-14 18:00:00,2015-04-15 12:00:00,-1,105
1,2015,4,14,17,-19,-78.945,-95.41,1346.5,637.5,2015-04-14 17:00:00,2015-04-15 12:00:00,-1,105
1,2015,4,14,16,-20,-78.875,-96.782,1368.3,635.3,2015-04-14 16:00:00,2015-04-15 12:00:00,-1,105
1,2015,4,14,15,-21,-78.796,-98.131,1387,635.2,2015-04-14 15:00:00,2015-04-15 12:00:00,-1,105
1,2015,4,14,14,-22,-78.706,-99.45,1402.3,637.3,2015-04-14 14:00:00,2015-04-15 12:00:00,-1,105
1,2015,4,14,13,-23,-78.604,-100.733,1412.7,640.8,2015-04-14 13:00:00,2015-04-15 12:00:00,-1,105
1,2015,4,14,12,-24,-78.49,-101.972,1417,645.6,2015-04-14 12:00:00,2015-04-15 12:00:00,-1,105
1,2015,4,16,12,0,-80.3,-81.3,1500,724.1,2015-04-16 12:00:00,2015-04-16 12:00:00,24,106
1,2015,4,16,11,-1,-80.205,-80.952,1482.7,731.4,2015-04-16 11:00:00,2015-04-16 12:00:00,-1,106
1,2015,4,16,10,-2,-80.123,-80.62,1468.1,738,2015-04-16 10:00:00,2015-04-16 12:00:00,-1,106
1,2015,4,16,9,-3,-80.053,-80.308,1456.1,744,2015-04-16 09:00:00,2015-04-16 12:00:00,-1,106
1,2015,4,16,8,-4,-79.993,-80.022,1446.5,749.3,2015-04-16 08:00:00,2015-04-16 12:00:00,-1,106
1,2015,4,16,7,-5,-79.939,-79.765,1438.6,752.6,2015-04-16 07:00:00,2015-04-16 12:00:00,-1,106
1,2015,4,16,6,-6,-79.888,-79.539,1433.3,755.3,2015-04-16 06:00:00,2015-04-16 12:00:00,-1,106
1,2015,4,16,5,-7,-79.837,-79.327,1425.8,757.7,2015-04-16 05:00:00,2015-04-16 12:00:00,-1,106
1,2015,4,16,4,-8,-79.787,-79.11,1411,761.5,2015-04-16 04:00:00,2015-04-16 12:00:00,-1,106
1,2015,4,16,3,-9,-79.738,-78.884,1388.9,766.2,2015-04-16 03:00:00,2015-04-16 12:00:00,-1,106
1,2015,4,16,2,-10,-79.692,-78.645,1359.8,771.9,2015-04-16 02:00:00,2015-04-16 12:00:00,-1,106
1,2015,4,16,1,-11,-79.648,-78.387,1323.7,778.7,2015-04-16 01:00:00,2015-04-16 12:00:00,-1,106
1,2015,4,16,0,-12,-79.607,-78.107,1280.9,786.5,2015-04-16,2015-04-16 12:00:00,-1,106
1,2015,4,15,23,-13,-79.568,-77.822,1234.5,794.6,2015-04-15 23:00:00,2015-04-16 12:00:00,-1,106
1,2015,4,15,22,-14,-79.531,-77.556,1188.1,802.1,2015-04-15 22:00:00,2015-04-16 12:00:00,-1,106
1,2015,4,15,21,-15,-79.495,-77.311,1141.3,809.2,2015-04-15 21:00:00,2015-04-16 12:00:00,-1,106
1,2015,4,15,20,-16,-79.461,-77.089,1094.1,816.1,2015-04-15 20:00:00,2015-04-16 12:00:00,-1,106
1,2015,4,15,19,-17,-79.426,-76.889,1046.3,823.1,2015-04-15 19:00:00,2015-04-16 12:00:00,-1,106
1,2015,4,15,18,-18,-79.392,-76.71,997.7,830.1,2015-04-15 18:00:00,2015-04-16 12:00:00,-1,106
1,2015,4,15,17,-19,-79.366,-76.536,951,837.7,2015-04-15 17:00:00,2015-04-16 12:00:00,-1,106
1,2015,4,15,16,-20,-79.359,-76.363,909.8,844.2,2015-04-15 16:00:00,2015-04-16 12:00:00,-1,106
1,2015,4,15,15,-21,-79.37,-76.208,874.4,849.8,2015-04-15 15:00:00,2015-04-16 12:00:00,-1,106
1,2015,4,15,14,-22,-79.396,-76.084,844.9,854.6,2015-04-15 14:00:00,2015-04-16 12:00:00,-1,106
1,2015,4,15,13,-23,-79.44,-75.994,821.2,858.6,2015-04-15 13:00:00,2015-04-16 12:00:00,-1,106
1,2015,4,15,12,-24,-79.499,-75.939,803.4,861.7,2015-04-15 12:00:00,2015-04-16 12:00:00,-1,106
1,2015,4,17,12,0,-80.3,-81.3,1500,721.1,2015-04-17 12:00:00,2015-04-17 12:00:00,24,107
1,2015,4,17,11,-1,-80.149,-81.496,1493.9,722.1,2015-04-17 11:00:00,2015-04-17 12:00:00,-1,107
1,2015,4,17,10,-2,-80.003,-81.677,1490.1,723,2015-04-17 10:00:00,2015-04-17 12:00:00,-1,107
1,2015,4,17,9,-3,-79.86,-81.845,1487.4,722,2015-04-17 09:00:00,2015-04-17 12:00:00,-1,107
1,2015,4,17,8,-4,-79.719,-82.001,1486.7,720.9,2015-04-17 08:00:00,2015-04-17 12:00:00,-1,107
1,2015,4,17,7,-5,-79.582,-82.146,1487.5,719.8,2015-04-17 07:00:00,2015-04-17 12:00:00,-1,107
1,2015,4,17,6,-6,-79.449,-82.281,1489.2,718.8,2015-04-17 06:00:00,2015-04-17 12:00:00,-1,107
1,2015,4,17,5,-7,-79.317,-82.366,1489.9,717.5,2015-04-17 05:00:00,2015-04-17 12:00:00,-1,107
1,2015,4,17,4,-8,-79.188,-82.356,1490.9,717.4,2015-04-17 04:00:00,2015-04-17 12:00:00,-1,107
1,2015,4,17,3,-9,-79.066,-82.249,1492.2,718.3,2015-04-17 03:00:00,2015-04-17 12:00:00,-1,107
1,2015,4,17,2,-10,-78.954,-82.042,1494.2,720.2,2015-04-17 02:00:00,2015-04-17 12:00:00,-1,107
1,2015,4,17,1,-11,-78.855,-81.736,1497.7,723.1,2015-04-17 01:00:00,2015-04-17 12:00:00,-1,107
1,2015,4,17,0,-12,-78.771,-81.328,1502.9,726.9,2015-04-17,2015-04-17 12:00:00,-1,107
1,2015,4,16,23,-13,-78.704,-80.851,1508.9,731.6,2015-04-16 23:00:00,2015-04-17 12:00:00,-1,107
1,2015,4,16,22,-14,-78.654,-80.342,1514.5,736.7,2015-04-16 22:00:00,2015-04-17 12:00:00,-1,107
1,2015,4,16,21,-15,-78.621,-79.806,1519.3,741.7,2015-04-16 21:00:00,2015-04-17 12:00:00,-1,107
1,2015,4,16,20,-16,-78.604,-79.254,1522.6,746.5,2015-04-16 20:00:00,2015-04-17 12:00:00,-1,107
1,2015,4,16,19,-17,-78.602,-78.692,1524.4,751.5,2015-04-16 19:00:00,2015-04-17 12:00:00,-1,107
1,2015,4,16,18,-18,-78.617,-78.123,1524.4,756.8,2015-04-16 18:00:00,2015-04-17 12:00:00,-1,107
1,2015,4,16,17,-19,-78.644,-77.537,1522.8,762.6,2015-04-16 17:00:00,2015-04-17 12:00:00,-1,107
1,2015,4,16,16,-20,-78.678,-76.924,1518.5,767.8,2015-04-16 16:00:00,2015-04-17 12:00:00,-1,107
1,2015,4,16,15,-21,-78.717,-76.286,1511.8,773.4,2015-04-16 15:00:00,2015-04-17 12:00:00,-1,107
1,2015,4,16,14,-22,-78.761,-75.624,1502.8,779.5,2015-04-16 14:00:00,2015-04-17 12:00:00,-1,107
1,2015,4,16,13,-23,-78.808,-74.937,1491.3,786,2015-04-16 13:00:00,2015-04-17 12:00:00,-1,107
1,2015,4,16,12,-24,-78.857,-74.228,1476.5,791.8,2015-04-16 12:00:00,2015-04-17 12:00:00,-1,107
1,2015,4,18,12,0,-80.3,-81.3,1500,719,2015-04-18 12:00:00,2015-04-18 12:00:00,24,108
1,2015,4,18,11,-1,-80.153,-80.795,1479.2,729.1,2015-04-18 11:00:00,2015-04-18 12:00:00,-1,108
1,2015,4,18,10,-2,-80.029,-80.26,1459,739.5,2015-04-18 10:00:00,2015-04-18 12:00:00,-1,108
1,2015,4,18,9,-3,-79.928,-79.7,1438,748.6,2015-04-18 09:00:00,2015-04-18 12:00:00,-1,108
1,2015,4,18,8,-4,-79.85,-79.116,1416.2,757.2,2015-04-18 08:00:00,2015-04-18 12:00:00,-1,108
1,2015,4,18,7,-5,-79.795,-78.502,1394.5,766.1,2015-04-18 07:00:00,2015-04-18 12:00:00,-1,108
1,2015,4,18,6,-6,-79.766,-77.846,1372.9,775.5,2015-04-18 06:00:00,2015-04-18 12:00:00,-1,108
1,2015,4,18,5,-7,-79.755,-77.137,1349.8,784.4,2015-04-18 05:00:00,2015-04-18 12:00:00,-1,108
1,2015,4,18,4,-8,-79.753,-76.37,1323.9,793.5,2015-04-18 04:00:00,2015-04-18 12:00:00,-1,108
1,2015,4,18,3,-9,-79.761,-75.547,1295.5,803.6,2015-04-18 03:00:00,2015-04-18 12:00:00,-1,108
1,2015,4,18,2,-10,-79.776,-74.671,1264.7,813.7,2015-04-18 02:00:00,2015-04-18 12:00:00,-1,108
1,2015,4,18,1,-11,-79.794,-73.749,1231.4,823.3,2015-04-18 01:00:00,2015-04-18 12:00:00,-1,108
1,2015,4,18,0,-12,-79.814,-72.794,1196.5,833.3,2015-04-18,2015-04-18 12:00:00,-1,108
1,2015,4,17,23,-13,-79.836,-71.875,1162,841.3,2015-04-17 23:00:00,2015-04-18 12:00:00,-1,108
1,2015,4,17,22,-14,-79.862,-71.062,1130.8,847.5,2015-04-17 22:00:00,2015-04-18 12:00:00,-1,108
1,2015,4,17,21,-15,-79.891,-70.361,1103.1,853,2015-04-17 21:00:00,2015-04-18 12:00:00,-1,108
1,2015,4,17,20,-16,-79.921,-69.774,1078.6,857.2,2015-04-17 20:00:00,2015-04-18 12:00:00,-1,108
1,2015,4,17,19,-17,-79.951,-69.302,1057.1,860.1,2015-04-17 19:00:00,2015-04-18 12:00:00,-1,108
1,2015,4,17,18,-18,-79.978,-68.945,1038.8,862.6,2015-04-17 18:00:00,2015-04-18 12:00:00,-1,108
1,2015,4,17,17,-19,-80.009,-68.666,1022.7,864.5,2015-04-17 17:00:00,2015-04-18 12:00:00,-1,108
1,2015,4,17,16,-20,-80.047,-68.428,1008.4,865.7,2015-04-17 16:00:00,2015-04-18 12:00:00,-1,108
1,2015,4,17,15,-21,-80.093,-68.231,996,866.6,2015-04-17 15:00:00,2015-04-18 12:00:00,-1,108
1,2015,4,17,14,-22,-80.147,-68.077,985.7,867.1,2015-04-17 14:00:00,2015-04-18 12:00:00,-1,108
1,2015,4,17,13,-23,-80.207,-67.966,977.6,867.2,2015-04-17 13:00:00,2015-04-18 12:00:00,-1,108
1,2015,4,17,12,-24,-80.275,-67.9,972,866.9,2015-04-17 12:00:00,2015-04-18 12:00:00,-1,108
1,2015,4,19,12,0,-80.3,-81.3,1500,716.8,2015-04-19 12:00:00,2015-04-19 12:00:00,24,109
1,2015,4,19,11,-1,-80.131,-80.031,1455.3,738.3,2015-04-19 11:00:00,2015-04-19 12:00:00,-1,109
1,2015,4,19,10,-2,-80.012,-78.792,1406.7,758.2,2015-04-19 10:00:00,2015-04-19 12:00:00,-1,109
1,2015,4,19,9,-3,-79.936,-77.568,1355.3,776.9,2015-04-19 09:00:00,2015-04-19 12:00:00,-1,109
1,2015,4,19,8,-4,-79.9,-76.34,1301.8,793.8,2015-04-19 08:00:00,2015-04-19 12:00:00,-1,109
1,2015,4,19,7,-5,-79.898,-75.084,1248.5,810.7,2015-04-19 07:00:00,2015-04-19 12:00:00,-1,109
1,2015,4,19,6,-6,-79.927,-73.79,1195,825,2015-04-19 06:00:00,2015-04-19 12:00:00,-1,109
1,2015,4,19,5,-7,-79.973,-72.484,1141.3,839,2015-04-19 05:00:00,2015-04-19 12:00:00,-1,109
1,2015,4,19,4,-8,-80.022,-71.194,1086.8,848.7,2015-04-19 04:00:00,2015-04-19 12:00:00,-1,109
1,2015,4,19,3,-9,-80.072,-69.929,1032.8,857.5,2015-04-19 03:00:00,2015-04-19 12:00:00,-1,109
1,2015,4,19,2,-10,-80.119,-68.692,978.9,863.2,2015-04-19 02:00:00,2015-04-19 12:00:00,-1,109
1,2015,4,19,1,-11,-80.163,-67.481,926.1,868.8,2015-04-19 01:00:00,2015-04-19 12:00:00,-1,109
1,2015,4,19,0,-12,-80.204,-66.298,873.8,871.7,2015-04-19,2015-04-19 12:00:00,-1,109
1,2015,4,18,23,-13,-80.247,-65.138,826.6,875.4,2015-04-18 23:00:00,2015-04-19 12:00:00,-1,109
1,2015,4,18,22,-14,-80.296,-63.988,787.1,876.4,2015-04-18 22:00:00,2015-04-19 12:00:00,-1,109
1,2015,4,18,21,-15,-80.348,-62.841,755.6,876.4,2015-04-18 21:00:00,2015-04-19 12:00:00,-1,109
1,2015,4,18,20,-16,-80.402,-61.691,731.3,875.3,2015-04-18 20:00:00,2015-04-19 12:00:00,-1,109
1,2015,4,18,19,-17,-80.457,-60.534,714.3,873,2015-04-18 19:00:00,2015-04-19 12:00:00,-1,109
1,2015,4,18,18,-18,-80.51,-59.364,704.5,870,2015-04-18 18:00:00,2015-04-19 12:00:00,-1,109
1,2015,4,18,17,-19,-80.553,-58.203,699.1,866.5,2015-04-18 17:00:00,2015-04-19 12:00:00,-1,109
1,2015,4,18,16,-20,-80.579,-57.075,694.9,863.8,2015-04-18 16:00:00,2015-04-19 12:00:00,-1,109
1,2015,4,18,15,-21,-80.589,-55.988,692.1,861.6,2015-04-18 15:00:00,2015-04-19 12:00:00,-1,109
1,2015,4,18,14,-22,-80.581,-54.951,690.5,859.4,2015-04-18 14:00:00,2015-04-19 12:00:00,-1,109
1,2015,4,18,13,-23,-80.559,-53.969,690.2,858.3,2015-04-18 13:00:00,2015-04-19 12:00:00,-1,109
1,2015,4,18,12,-24,-80.523,-53.052,690.8,857.5,2015-04-18 12:00:00,2015-04-19 12:00:00,-1,109
1,2015,4,20,12,0,-80.3,-81.3,1500,718.2,2015-04-20 12:00:00,2015-04-20 12:00:00,24,110
1,2015,4,20,11,-1,-80.228,-79.032,1451.2,748.2,2015-04-20 11:00:00,2015-04-20 12:00:00,-1,110
1,2015,4,20,10,-2,-80.205,-76.912,1392.6,776.1,2015-04-20 10:00:00,2015-04-20 12:00:00,-1,110
1,2015,4,20,9,-3,-80.214,-74.895,1324.7,800.1,2015-04-20 09:00:00,2015-04-20 12:00:00,-1,110
1,2015,4,20,8,-4,-80.233,-72.947,1249,818.7,2015-04-20 08:00:00,2015-04-20 12:00:00,-1,110
1,2015,4,20,7,-5,-80.245,-71.055,1168.4,834.2,2015-04-20 07:00:00,2015-04-20 12:00:00,-1,110
1,2015,4,20,6,-6,-80.243,-69.23,1085.5,847,2015-04-20 06:00:00,2015-04-20 12:00:00,-1,110
1,2015,4,20,5,-7,-80.218,-67.441,1003,858,2015-04-20 05:00:00,2015-04-20 12:00:00,-1,110
1,2015,4,20,4,-8,-80.165,-65.658,921.9,865.6,2015-04-20 04:00:00,2015-04-20 12:00:00,-1,110
1,2015,4,20,3,-9,-80.08,-63.896,844.1,871.1,2015-04-20 03:00:00,2015-04-20 12:00:00,-1,110
1,2015,4,20,2,-10,-79.96,-62.178,770.5,874.6,2015-04-20 02:00:00,2015-04-20 12:00:00,-1,110
1,2015,4,20,1,-11,-79.802,-60.529,702.1,876.5,2015-04-20 01:00:00,2015-04-20 12:00:00,-1,110
1,2015,4,20,0,-12,-79.606,-58.975,640.8,878.8,2015-04-20,2015-04-20 12:00:00,-1,110
1,2015,4,19,23,-13,-79.374,-57.542,584.7,880.4,2015-04-19 23:00:00,2015-04-20 12:00:00,-1,110
1,2015,4,19,22,-14,-79.111,-56.241,533.1,884.1,2015-04-19 22:00:00,2015-04-20 12:00:00,-1,110
1,2015,4,19,21,-15,-78.824,-55.061,485.6,888.2,2015-04-19 21:00:00,2015-04-20 12:00:00,-1,110
1,2015,4,19,20,-16,-78.517,-53.988,441.8,893.8,2015-04-19 20:00:00,2015-04-20 12:00:00,-1,110
1,2015,4,19,19,-17,-78.194,-53.009,400.8,899.4,2015-04-19 19:00:00,2015-04-20 12:00:00,-1,110
1,2015,4,19,18,-18,-77.855,-52.116,361.5,905.1,2015-04-19 18:00:00,2015-04-20 12:00:00,-1,110
1,2015,4,19,17,-19,-77.49,-51.31,325.2,911.2,2015-04-19 17:00:00,2015-04-20 12:00:00,-1,110
1,2015,4,19,16,-20,-77.104,-50.569,295.3,921.3,2015-04-19 16:00:00,2015-04-20 12:00:00,-1,110
1,2015,4,19,15,-21,-76.706,-49.87,271.4,930.9,2015-04-19 15:00:00,2015-04-20 12:00:00,-1,110
1,2015,4,19,14,-22,-76.3,-49.23,252.1,939.5,2015-04-19 14:00:00,2015-04-20 12:00:00,-1,110
1,2015,4,19,13,-23,-75.886,-48.659,235.7,947.1,2015-04-19 13:00:00,2015-04-20 12:00:00,-1,110
1,2015,4,19,12,-24,-75.462,-48.155,221,954.1,2015-04-19 12:00:00,2015-04-20 12:00:00,-1,110
1,2015,4,21,12,0,-80.3,-81.3,1500,726.5,2015-04-21 12:00:00,2015-04-21 12:00:00,24,111
1,2015,4,21,11,-1,-80.22,-80.533,1494.1,736.3,2015-04-21 11:00:00,2015-04-21 12:00:00,-1,111
1,2015,4,21,10,-2,-80.167,-79.765,1486.1,745.6,2015-04-21 10:00:00,2015-04-21 12:00:00,-1,111
1,2015,4,21,9,-3,-80.138,-78.997,1475.4,753.8,2015-04-21 09:00:00,2015-04-21 12:00:00,-1,111
1,2015,4,21,8,-4,-80.129,-78.226,1462.2,762.1,2015-04-21 08:00:00,2015-04-21 12:00:00,-1,111
1,2015,4,21,7,-5,-80.139,-77.445,1445.9,770.5,2015-04-21 07:00:00,2015-04-21 12:00:00,-1,111
1,2015,4,21,6,-6,-80.165,-76.645,1425.6,778.3,2015-04-21 06:00:00,2015-04-21 12:00:00,-1,111
1,2015,4,21,5,-7,-80.202,-75.761,1401,787.8,2015-04-21 05:00:00,2015-04-21 12:00:00,-1,111
1,2015,4,21,4,-8,-80.25,-74.729,1368.6,798.6,2015-04-21 04:00:00,2015-04-21 12:00:00,-1,111
1,2015,4,21,3,-9,-80.302,-73.522,1327.1,809.1,2015-04-21 03:00:00,2015-04-21 12:00:00,-1,111
1,2015,4,21,2,-10,-80.355,-72.117,1276.6,820.9,2015-04-21 02:00:00,2015-04-21 12:00:00,-1,111
1,2015,4,21,1,-11,-80.4,-70.509,1216.6,831.7,2015-04-21 01:00:00,2015-04-21 12:00:00,-1,111
1,2015,4,21,0,-12,-80.428,-68.685,1148,841.5,2015-04-21,2015-04-21 12:00:00,-1,111
1,2015,4,20,23,-13,-80.422,-66.722,1071.1,850.2,2015-04-20 23:00:00,2015-04-21 12:00:00,-1,111
1,2015,4,20,22,-14,-80.369,-64.714,985.5,857.7,2015-04-20 22:00:00,2015-04-21 12:00:00,-1,111
1,2015,4,20,21,-15,-80.264,-62.684,893.7,863.4,2015-04-20 21:00:00,2015-04-21 12:00:00,-1,111
1,2015,4,20,20,-16,-80.1,-60.665,800.1,868.3,2015-04-20 20:00:00,2015-04-21 12:00:00,-1,111
1,2015,4,20,19,-17,-79.876,-58.685,708.5,872.9,2015-04-20 19:00:00,2015-04-21 12:00:00,-1,111
1,2015,4,20,18,-18,-79.594,-56.787,624.4,878.1,2015-04-20 18:00:00,2015-04-21 12:00:00,-1,111
1,2015,4,20,17,-19,-79.26,-54.946,551.9,883.4,2015-04-20 17:00:00,2015-04-21 12:00:00,-1,111
1,2015,4,20,16,-20,-78.879,-53.141,492.1,890,2015-04-20 16:00:00,2015-04-21 12:00:00,-1,111
1,2015,4,20,15,-21,-78.454,-51.381,443.8,897.4,2015-04-20 15:00:00,2015-04-21 12:00:00,-1,111
1,2015,4,20,14,-22,-77.986,-49.647,404.8,905.5,2015-04-20 14:00:00,2015-04-21 12:00:00,-1,111
1,2015,4,20,13,-23,-77.481,-47.929,372.6,914.2,2015-04-20 13:00:00,2015-04-21 12:00:00,-1,111
1,2015,4,20,12,-24,-76.967,-46.237,343.8,924.6,2015-04-20 12:00:00,2015-04-21 12:00:00,-1,111
1,2015,4,22,12,0,-80.3,-81.3,1500,735.5,2015-04-22 12:00:00,2015-04-22 12:00:00,24,112
1,2015,4,22,11,-1,-80.415,-80.121,1499.1,746.9,2015-04-22 11:00:00,2015-04-22 12:00:00,-1,112
1,2015,4,22,10,-2,-80.531,-78.914,1493,757.2,2015-04-22 10:00:00,2015-04-22 12:00:00,-1,112
1,2015,4,22,9,-3,-80.65,-77.684,1482.5,767.6,2015-04-22 09:00:00,2015-04-22 12:00:00,-1,112
1,2015,4,22,8,-4,-80.771,-76.432,1467.3,777.3,2015-04-22 08:00:00,2015-04-22 12:00:00,-1,112
1,2015,4,22,7,-5,-80.894,-75.156,1448.3,787.6,2015-04-22 07:00:00,2015-04-22 12:00:00,-1,112
1,2015,4,22,6,-6,-81.016,-73.851,1424.1,795.6,2015-04-22 06:00:00,2015-04-22 12:00:00,-1,112
1,2015,4,22,5,-7,-81.131,-72.49,1394.9,803.6,2015-04-22 05:00:00,2015-04-22 12:00:00,-1,112
1,2015,4,22,4,-8,-81.232,-71.041,1360.6,810.3,2015-04-22 04:00:00,2015-04-22 12:00:00,-1,112
1,2015,4,22,3,-9,-81.316,-69.496,1322.3,817.1,2015-04-22 03:00:00,2015-04-22 12:00:00,-1,112
1,2015,4,22,2,-10,-81.384,-67.842,1280.4,822.9,2015-04-22 02:00:00,2015-04-22 12:00:00,-1,112
1,2015,4,22,1,-11,-81.433,-66.071,1236.1,827.5,2015-04-22 01:00:00,2015-04-22 12:00:00,-1,112
1,2015,4,22,0,-12,-81.46,-64.186,1190.7,830.7,2015-04-22,2015-04-22 12:00:00,-1,112
1,2015,4,21,23,-13,-81.46,-62.265,1146,831.6,2015-04-21 23:00:00,2015-04-22 12:00:00,-1,112
1,2015,4,21,22,-14,-81.429,-60.397,1104.6,832.2,2015-04-21 22:00:00,2015-04-22 12:00:00,-1,112
1,2015,4,21,21,-15,-81.366,-58.602,1066.4,832.1,2015-04-21 21:00:00,2015-04-22 12:00:00,-1,112
1,2015,4,21,20,-16,-81.271,-56.902,1032.2,831.8,2015-04-21 20:00:00,2015-04-22 12:00:00,-1,112
1,2015,4,21,19,-17,-81.146,-55.32,1003,831.6,2015-04-21 19:00:00,2015-04-22 12:00:00,-1,112
1,2015,4,21,18,-18,-80.991,-53.88,979.3,832,2015-04-21 18:00:00,2015-04-22 12:00:00,-1,112
1,2015,4,21,17,-19,-80.805,-52.518,957.8,833.5,2015-04-21 17:00:00,2015-04-22 12:00:00,-1,112
1,2015,4,21,16,-20,-80.583,-51.165,935.9,836.9,2015-04-21 16:00:00,2015-04-22 12:00:00,-1,112
1,2015,4,21,15,-21,-80.323,-49.826,915.1,841.5,2015-04-21 15:00:00,2015-04-22 12:00:00,-1,112
1,2015,4,21,14,-22,-80.027,-48.502,898.1,849.1,2015-04-21 14:00:00,2015-04-22 12:00:00,-1,112
1,2015,4,21,13,-23,-79.698,-47.176,883.7,854.5,2015-04-21 13:00:00,2015-04-22 12:00:00,-1,112
1,2015,4,21,12,-24,-79.341,-45.845,872.2,859.7,2015-04-21 12:00:00,2015-04-22 12:00:00,-1,112
1,2015,4,23,12,0,-80.3,-81.3,1500,731.7,2015-04-23 12:00:00,2015-04-23 12:00:00,24,113
1,2015,4,23,11,-1,-80.46,-80.422,1489.1,739.9,2015-04-23 11:00:00,2015-04-23 12:00:00,-1,113
1,2015,4,23,10,-2,-80.61,-79.563,1473.5,747.9,2015-04-23 10:00:00,2015-04-23 12:00:00,-1,113
1,2015,4,23,9,-3,-80.751,-78.724,1454,755.6,2015-04-23 09:00:00,2015-04-23 12:00:00,-1,113
1,2015,4,23,8,-4,-80.885,-77.909,1431.5,763.4,2015-04-23 08:00:00,2015-04-23 12:00:00,-1,113
1,2015,4,23,7,-5,-81.014,-77.118,1406.4,770.8,2015-04-23 07:00:00,2015-04-23 12:00:00,-1,113
1,2015,4,23,6,-6,-81.138,-76.354,1379.4,777.7,2015-04-23 06:00:00,2015-04-23 12:00:00,-1,113
1,2015,4,23,5,-7,-81.261,-75.54,1353.5,785.1,2015-04-23 05:00:00,2015-04-23 12:00:00,-1,113
1,2015,4,23,4,-8,-81.384,-74.59,1330.6,791.9,2015-04-23 04:00:00,2015-04-23 12:00:00,-1,113
1,2015,4,23,3,-9,-81.505,-73.486,1310.2,798.1,2015-04-23 03:00:00,2015-04-23 12:00:00,-1,113
1,2015,4,23,2,-10,-81.62,-72.213,1292.6,804.4,2015-04-23 02:00:00,2015-04-23 12:00:00,-1,113
1,2015,4,23,1,-11,-81.726,-70.751,1277.4,809.3,2015-04-23 01:00:00,2015-04-23 12:00:00,-1,113
1,2015,4,23,0,-12,-81.817,-69.086,1265.1,813.3,2015-04-23,2015-04-23 12:00:00,-1,113
1,2015,4,22,23,-13,-81.9,-67.29,1254.9,816,2015-04-22 23:00:00,2015-04-23 12:00:00,-1,113
1,2015,4,22,22,-14,-81.981,-65.428,1245.4,817.5,2015-04-22 22:00:00,2015-04-23 12:00:00,-1,113
1,2015,4,22,21,-15,-82.054,-63.49,1237,816.4,2015-04-22 21:00:00,2015-04-23 12:00:00,-1,113
1,2015,4,22,20,-16,-82.116,-61.484,1231.3,814,2015-04-22 20:00:00,2015-04-23 12:00:00,-1,113
1,2015,4,22,19,-17,-82.162,-59.422,1229.4,810.5,2015-04-22 19:00:00,2015-04-23 12:00:00,-1,113
1,2015,4,22,18,-18,-82.189,-57.337,1232,806,2015-04-22 18:00:00,2015-04-23 12:00:00,-1,113
1,2015,4,22,17,-19,-82.185,-55.21,1237.8,801.6,2015-04-22 17:00:00,2015-04-23 12:00:00,-1,113
1,2015,4,22,16,-20,-82.136,-53.032,1242.2,796.9,2015-04-22 16:00:00,2015-04-23 12:00:00,-1,113
1,2015,4,22,15,-21,-82.039,-50.85,1245.9,792,2015-04-22 15:00:00,2015-04-23 12:00:00,-1,113
1,2015,4,22,14,-22,-81.898,-48.708,1250.8,789,2015-04-22 14:00:00,2015-04-23 12:00:00,-1,113
1,2015,4,22,13,-23,-81.717,-46.64,1258.9,787.8,2015-04-22 13:00:00,2015-04-23 12:00:00,-1,113
1,2015,4,22,12,-24,-81.498,-44.673,1272.2,788.1,2015-04-22 12:00:00,2015-04-23 12:00:00,-1,113
1,2015,4,24,12,0,-80.3,-81.3,1500,729.5,2015-04-24 12:00:00,2015-04-24 12:00:00,24,114
1,2015,4,24,11,-1,-80.44,-80.992,1499.8,730.9,2015-04-24 11:00:00,2015-04-24 12:00:00,-1,114
1,2015,4,24,10,-2,-80.578,-80.621,1499.3,733,2015-04-24 10:00:00,2015-04-24 12:00:00,-1,114
1,2015,4,24,9,-3,-80.713,-80.175,1498.5,735.7,2015-04-24 09:00:00,2015-04-24 12:00:00,-1,114
1,2015,4,24,8,-4,-80.847,-79.644,1497.3,739,2015-04-24 08:00:00,2015-04-24 12:00:00,-1,114
1,2015,4,24,7,-5,-80.979,-79.016,1495.7,743.1,2015-04-24 07:00:00,2015-04-24 12:00:00,-1,114
1,2015,4,24,6,-6,-81.11,-78.282,1494.2,748,2015-04-24 06:00:00,2015-04-24 12:00:00,-1,114
1,2015,4,24,5,-7,-81.243,-77.418,1491.2,753.7,2015-04-24 05:00:00,2015-04-24 12:00:00,-1,114
1,2015,4,24,4,-8,-81.379,-76.388,1484.2,759.8,2015-04-24 04:00:00,2015-04-24 12:00:00,-1,114
1,2015,4,24,3,-9,-81.516,-75.17,1475,767.5,2015-04-24 03:00:00,2015-04-24 12:00:00,-1,114
1,2015,4,24,2,-10,-81.652,-73.742,1463,774.5,2015-04-24 02:00:00,2015-04-24 12:00:00,-1,114
1,2015,4,24,1,-11,-81.781,-72.081,1450.1,782,2015-04-24 01:00:00,2015-04-24 12:00:00,-1,114
1,2015,4,24,0,-12,-81.9,-70.154,1437.1,788.5,2015-04-24,2015-04-24 12:00:00,-1,114
1,2015,4,23,23,-13,-82.007,-68.012,1424.2,792.4,2015-04-23 23:00:00,2015-04-24 12:00:00,-1,114
1,2015,4,23,22,-14,-82.1,-65.712,1413.1,793.8,2015-04-23 22:00:00,2015-04-24 12:00:00,-1,114
1,2015,4,23,21,-15,-82.174,-63.241,1403.7,793,2015-04-23 21:00:00,2015-04-24 12:00:00,-1,114
1,2015,4,23,20,-16,-82.222,-60.625,1397.8,790.2,2015-04-23 20:00:00,2015-04-24 12:00:00,-1,114
1,2015,4,23,19,-17,-82.241,-57.879,1395.8,784.9,2015-04-23 19:00:00,2015-04-24 12:00:00,-1,114
1,2015,4,23,18,-18,-82.226,-55.043,1399.2,777.5,2015-04-23 18:00:00,2015-04-24 12:00:00,-1,114
1,2015,4,23,17,-19,-82.188,-52.136,1414.3,769.3,2015-04-23 17:00:00,2015-04-24 12:00:00,-1,114
1,2015,4,23,16,-20,-82.138,-49.133,1444.3,758.8,2015-04-23 16:00:00,2015-04-24 12:00:00,-1,114
1,2015,4,23,15,-21,-82.074,-46.027,1488.8,746.7,2015-04-23 15:00:00,2015-04-24 12:00:00,-1,114
1,2015,4,23,14,-22,-81.993,-42.81,1546.4,734.1,2015-04-23 14:00:00,2015-04-24 12:00:00,-1,114
1,2015,4,23,13,-23,-81.891,-39.478,1612.9,720.1,2015-04-23 13:00:00,2015-04-24 12:00:00,-1,114
1,2015,4,23,12,-24,-81.768,-36.005,1686.7,703.1,2015-04-23 12:00:00,2015-04-24 12:00:00,-1,114
1,2015,4,25,12,0,-80.3,-81.3,1500,730.2,2015-04-25 12:00:00,2015-04-25 12:00:00,24,115
1,2015,4,25,11,-1,-80.344,-81.356,1502.6,728.5,2015-04-25 11:00:00,2015-04-25 12:00:00,-1,115
1,2015,4,25,10,-2,-80.386,-81.441,1505.1,726.6,2015-04-25 10:00:00,2015-04-25 12:00:00,-1,115
1,2015,4,25,9,-3,-80.425,-81.554,1507.3,724.4,2015-04-25 09:00:00,2015-04-25 12:00:00,-1,115
1,2015,4,25,8,-4,-80.463,-81.696,1509.2,722,2015-04-25 08:00:00,2015-04-25 12:00:00,-1,115
1,2015,4,25,7,-5,-80.498,-81.868,1510.5,719.4,2015-04-25 07:00:00,2015-04-25 12:00:00,-1,115
1,2015,4,25,6,-6,-80.532,-82.07,1511.2,716.6,2015-04-25 06:00:00,2015-04-25 12:00:00,-1,115
1,2015,4,25,5,-7,-80.568,-82.289,1509.3,713.6,2015-04-25 05:00:00,2015-04-25 12:00:00,-1,115
1,2015,4,25,4,-8,-80.612,-82.508,1503.1,711.1,2015-04-25 04:00:00,2015-04-25 12:00:00,-1,115
1,2015,4,25,3,-9,-80.665,-82.726,1492.9,708.9,2015-04-25 03:00:00,2015-04-25 12:00:00,-1,115
1,2015,4,25,2,-10,-80.727,-82.94,1479.2,706.9,2015-04-25 02:00:00,2015-04-25 12:00:00,-1,115
1,2015,4,25,1,-11,-80.798,-83.148,1462.4,705.3,2015-04-25 01:00:00,2015-04-25 12:00:00,-1,115
1,2015,4,25,0,-12,-80.879,-83.349,1443,704,2015-04-25,2015-04-25 12:00:00,-1,115
1,2015,4,24,23,-13,-80.96,-83.506,1423.5,703.4,2015-04-24 23:00:00,2015-04-25 12:00:00,-1,115
1,2015,4,24,22,-14,-81.031,-83.586,1406.1,703.4,2015-04-24 22:00:00,2015-04-25 12:00:00,-1,115
1,2015,4,24,21,-15,-81.092,-83.582,1390.6,704.2,2015-04-24 21:00:00,2015-04-25 12:00:00,-1,115
1,2015,4,24,20,-16,-81.145,-83.492,1376.8,705.9,2015-04-24 20:00:00,2015-04-25 12:00:00,-1,115
1,2015,4,24,19,-17,-81.19,-83.316,1364.5,708.4,2015-04-24 19:00:00,2015-04-25 12:00:00,-1,115
1,2015,4,24,18,-18,-81.231,-83.056,1353.6,711.8,2015-04-24 18:00:00,2015-04-25 12:00:00,-1,115
1,2015,4,24,17,-19,-81.279,-82.737,1344.6,715.8,2015-04-24 17:00:00,2015-04-25 12:00:00,-1,115
1,2015,4,24,16,-20,-81.346,-82.378,1336.4,719.9,2015-04-24 16:00:00,2015-04-25 12:00:00,-1,115
1,2015,4,24,15,-21,-81.433,-81.968,1329.3,723.8,2015-04-24 15:00:00,2015-04-25 12:00:00,-1,115
1,2015,4,24,14,-22,-81.54,-81.499,1323.1,727.8,2015-04-24 14:00:00,2015-04-25 12:00:00,-1,115
1,2015,4,24,13,-23,-81.666,-80.962,1317.8,731.7,2015-04-24 13:00:00,2015-04-25 12:00:00,-1,115
1,2015,4,24,12,-24,-81.812,-80.35,1313.1,735.7,2015-04-24 12:00:00,2015-04-25 12:00:00,-1,115
1,2015,4,26,12,0,-80.3,-81.3,1500,732.6,2015-04-26 12:00:00,2015-04-26 12:00:00,24,116
1,2015,4,26,11,-1,-80.289,-81.017,1503.1,735.4,2015-04-26 11:00:00,2015-04-26 12:00:00,-1,116
1,2015,4,26,10,-2,-80.279,-80.747,1509.7,737.6,2015-04-26 10:00:00,2015-04-26 12:00:00,-1,116
1,2015,4,26,9,-3,-80.268,-80.493,1520,739.2,2015-04-26 09:00:00,2015-04-26 12:00:00,-1,116
1,2015,4,26,8,-4,-80.256,-80.26,1534,740.3,2015-04-26 08:00:00,2015-04-26 12:00:00,-1,116
1,2015,4,26,7,-5,-80.241,-80.048,1551.9,740.8,2015-04-26 07:00:00,2015-04-26 12:00:00,-1,116
1,2015,4,26,6,-6,-80.222,-79.861,1573.5,740.4,2015-04-26 06:00:00,2015-04-26 12:00:00,-1,116
1,2015,4,26,5,-7,-80.205,-79.72,1592.3,739.7,2015-04-26 05:00:00,2015-04-26 12:00:00,-1,116
1,2015,4,26,4,-8,-80.196,-79.639,1600.2,740,2015-04-26 04:00:00,2015-04-26 12:00:00,-1,116
1,2015,4,26,3,-9,-80.197,-79.612,1597.7,740.6,2015-04-26 03:00:00,2015-04-26 12:00:00,-1,116
1,2015,4,26,2,-10,-80.207,-79.635,1585,741.6,2015-04-26 02:00:00,2015-04-26 12:00:00,-1,116
1,2015,4,26,1,-11,-80.228,-79.705,1562.1,743,2015-04-26 01:00:00,2015-04-26 12:00:00,-1,116
1,2015,4,26,0,-12,-80.259,-79.819,1529.2,744.8,2015-04-26,2015-04-26 12:00:00,-1,116
1,2015,4,25,23,-13,-80.294,-79.907,1495.1,747.8,2015-04-25 23:00:00,2015-04-26 12:00:00,-1,116
1,2015,4,25,22,-14,-80.322,-79.906,1469.9,750.1,2015-04-25 22:00:00,2015-04-26 12:00:00,-1,116
1,2015,4,25,21,-15,-80.346,-79.82,1452.6,752.5,2015-04-25 21:00:00,2015-04-26 12:00:00,-1,116
1,2015,4,25,20,-16,-80.365,-79.65,1443.2,755,2015-04-25 20:00:00,2015-04-26 12:00:00,-1,116
1,2015,4,25,19,-17,-80.38,-79.401,1441.3,757.6,2015-04-25 19:00:00,2015-04-26 12:00:00,-1,116
1,2015,4,25,18,-18,-80.39,-79.074,1446.7,760.2,2015-04-25 18:00:00,2015-04-26 12:00:00,-1,116
1,2015,4,25,17,-19,-80.404,-78.74,1455,761.7,2015-04-25 17:00:00,2015-04-26 12:00:00,-1,116
1,2015,4,25,16,-20,-80.43,-78.467,1461.8,763,2015-04-25 16:00:00,2015-04-26 12:00:00,-1,116
1,2015,4,25,15,-21,-80.467,-78.253,1467.2,763.6,2015-04-25 15:00:00,2015-04-26 12:00:00,-1,116
1,2015,4,25,14,-22,-80.514,-78.096,1471.3,763.6,2015-04-25 14:00:00,2015-04-26 12:00:00,-1,116
1,2015,4,25,13,-23,-80.568,-77.997,1474.1,763,2015-04-25 13:00:00,2015-04-26 12:00:00,-1,116
1,2015,4,25,12,-24,-80.631,-77.957,1475.5,761.8,2015-04-25 12:00:00,2015-04-26 12:00:00,-1,116
1,2015,4,27,12,0,-80.3,-81.3,1500,733.9,2015-04-27 12:00:00,2015-04-27 12:00:00,24,117
1,2015,4,27,11,-1,-80.283,-81.538,1517.2,729.5,2015-04-27 11:00:00,2015-04-27 12:00:00,-1,117
1,2015,4,27,10,-2,-80.253,-81.769,1534.2,725.3,2015-04-27 10:00:00,2015-04-27 12:00:00,-1,117
1,2015,4,27,9,-3,-80.211,-81.987,1550.9,721.4,2015-04-27 09:00:00,2015-04-27 12:00:00,-1,117
1,2015,4,27,8,-4,-80.155,-82.191,1567.3,717.9,2015-04-27 08:00:00,2015-04-27 12:00:00,-1,117
1,2015,4,27,7,-5,-80.086,-82.382,1583.4,714.7,2015-04-27 07:00:00,2015-04-27 12:00:00,-1,117
1,2015,4,27,6,-6,-80.004,-82.561,1599.2,711.8,2015-04-27 06:00:00,2015-04-27 12:00:00,-1,117
1,2015,4,27,5,-7,-79.912,-82.735,1610.6,708.5,2015-04-27 05:00:00,2015-04-27 12:00:00,-1,117
1,2015,4,27,4,-8,-79.811,-82.91,1613.1,706.4,2015-04-27 04:00:00,2015-04-27 12:00:00,-1,117
1,2015,4,27,3,-9,-79.704,-83.088,1607.9,705,2015-04-27 03:00:00,2015-04-27 12:00:00,-1,117
1,2015,4,27,2,-10,-79.592,-83.275,1595.5,704.3,2015-04-27 02:00:00,2015-04-27 12:00:00,-1,117
1,2015,4,27,1,-11,-79.477,-83.473,1576.3,704.1,2015-04-27 01:00:00,2015-04-27 12:00:00,-1,117
1,2015,4,27,0,-12,-79.361,-83.686,1551,704.3,2015-04-27,2015-04-27 12:00:00,-1,117
1,2015,4,26,23,-13,-79.242,-83.843,1521.5,705.9,2015-04-26 23:00:00,2015-04-27 12:00:00,-1,117
1,2015,4,26,22,-14,-79.119,-83.874,1489,709.2,2015-04-26 22:00:00,2015-04-27 12:00:00,-1,117
1,2015,4,26,21,-15,-78.996,-83.78,1454,714.1,2015-04-26 21:00:00,2015-04-27 12:00:00,-1,117
1,2015,4,26,20,-16,-78.876,-83.56,1416.7,720.7,2015-04-26 20:00:00,2015-04-27 12:00:00,-1,117
1,2015,4,26,19,-17,-78.763,-83.216,1377.6,728.8,2015-04-26 19:00:00,2015-04-27 12:00:00,-1,117
1,2015,4,26,18,-18,-78.659,-82.749,1337.1,738.4,2015-04-26 18:00:00,2015-04-27 12:00:00,-1,117
1,2015,4,26,17,-19,-78.573,-82.2,1298.3,749.1,2015-04-26 17:00:00,2015-04-27 12:00:00,-1,117
1,2015,4,26,16,-20,-78.51,-81.606,1263.8,759.6,2015-04-26 16:00:00,2015-04-27 12:00:00,-1,117
1,2015,4,26,15,-21,-78.468,-80.969,1232.8,769.9,2015-04-26 15:00:00,2015-04-27 12:00:00,-1,117
1,2015,4,26,14,-22,-78.447,-80.288,1204.8,780.4,2015-04-26 14:00:00,2015-04-27 12:00:00,-1,117
1,2015,4,26,13,-23,-78.446,-79.566,1179.2,790.3,2015-04-26 13:00:00,2015-04-27 12:00:00,-1,117
1,2015,4,26,12,-24,-78.463,-78.811,1155.8,800,2015-04-26 12:00:00,2015-04-27 12:00:00,-1,117
1,2015,4,28,12,0,-80.3,-81.3,1500,733.1,2015-04-28 12:00:00,2015-04-28 12:00:00,24,118
1,2015,4,28,11,-1,-80.273,-82.022,1549.7,720.1,2015-04-28 11:00:00,2015-04-28 12:00:00,-1,118
1,2015,4,28,10,-2,-80.241,-82.701,1595.8,708,2015-04-28 10:00:00,2015-04-28 12:00:00,-1,118
1,2015,4,28,9,-3,-80.204,-83.336,1637.7,697,2015-04-28 09:00:00,2015-04-28 12:00:00,-1,118
1,2015,4,28,8,-4,-80.164,-83.934,1675.3,686.9,2015-04-28 08:00:00,2015-04-28 12:00:00,-1,118
1,2015,4,28,7,-5,-80.122,-84.5,1708.3,677.6,2015-04-28 07:00:00,2015-04-28 12:00:00,-1,118
1,2015,4,28,6,-6,-80.076,-85.036,1736.7,669.3,2015-04-28 06:00:00,2015-04-28 12:00:00,-1,118
1,2015,4,28,5,-7,-80.02,-85.539,1759.9,661.5,2015-04-28 05:00:00,2015-04-28 12:00:00,-1,118
1,2015,4,28,4,-8,-79.947,-86.003,1779.2,654.5,2015-04-28 04:00:00,2015-04-28 12:00:00,-1,118
1,2015,4,28,3,-9,-79.856,-86.424,1794.3,648.6,2015-04-28 03:00:00,2015-04-28 12:00:00,-1,118
1,2015,4,28,2,-10,-79.748,-86.799,1805.4,643.8,2015-04-28 02:00:00,2015-04-28 12:00:00,-1,118
1,2015,4,28,1,-11,-79.624,-87.125,1812.5,640.1,2015-04-28 01:00:00,2015-04-28 12:00:00,-1,118
1,2015,4,28,0,-12,-79.486,-87.399,1815.8,637.6,2015-04-28,2015-04-28 12:00:00,-1,118
1,2015,4,27,23,-13,-79.337,-87.617,1816.1,636.9,2015-04-27 23:00:00,2015-04-28 12:00:00,-1,118
1,2015,4,27,22,-14,-79.18,-87.768,1813.9,637.2,2015-04-27 22:00:00,2015-04-28 12:00:00,-1,118
1,2015,4,27,21,-15,-79.016,-87.844,1809,638.4,2015-04-27 21:00:00,2015-04-28 12:00:00,-1,118
1,2015,4,27,20,-16,-78.845,-87.834,1801.5,640.7,2015-04-27 20:00:00,2015-04-28 12:00:00,-1,118
1,2015,4,27,19,-17,-78.668,-87.729,1791.1,644,2015-04-27 19:00:00,2015-04-28 12:00:00,-1,118
1,2015,4,27,18,-18,-78.485,-87.516,1777.7,648.4,2015-04-27 18:00:00,2015-04-28 12:00:00,-1,118
1,2015,4,27,17,-19,-78.3,-87.209,1761.4,654.4,2015-04-27 17:00:00,2015-04-28 12:00:00,-1,118
1,2015,4,27,16,-20,-78.116,-86.822,1740.9,661.5,2015-04-27 16:00:00,2015-04-28 12:00:00,-1,118
1,2015,4,27,15,-21,-77.931,-86.344,1715.6,669.7,2015-04-27 15:00:00,2015-04-28 12:00:00,-1,118
1,2015,4,27,14,-22,-77.744,-85.765,1685,679.2,2015-04-27 14:00:00,2015-04-28 12:00:00,-1,118
1,2015,4,27,13,-23,-77.553,-85.076,1648.2,690,2015-04-27 13:00:00,2015-04-28 12:00:00,-1,118
1,2015,4,27,12,-24,-77.363,-84.302,1605.8,702.5,2015-04-27 12:00:00,2015-04-28 12:00:00,-1,118
1,2015,4,29,12,0,-80.3,-81.3,1500,733.5,2015-04-29 12:00:00,2015-04-29 12:00:00,24,119
1,2015,4,29,11,-1,-80.378,-80.945,1514.1,735.2,2015-04-29 11:00:00,2015-04-29 12:00:00,-1,119
1,2015,4,29,10,-2,-80.464,-80.71,1533.4,734.7,2015-04-29 10:00:00,2015-04-29 12:00:00,-1,119
1,2015,4,29,9,-3,-80.554,-80.595,1557.7,732.1,2015-04-29 09:00:00,2015-04-29 12:00:00,-1,119
1,2015,4,29,8,-4,-80.643,-80.6,1586.8,727.9,2015-04-29 08:00:00,2015-04-29 12:00:00,-1,119
1,2015,4,29,7,-5,-80.729,-80.726,1620.3,721.9,2015-04-29 07:00:00,2015-04-29 12:00:00,-1,119
1,2015,4,29,6,-6,-80.808,-80.974,1657.6,714.5,2015-04-29 06:00:00,2015-04-29 12:00:00,-1,119
1,2015,4,29,5,-7,-80.872,-81.333,1694.8,705.6,2015-04-29 05:00:00,2015-04-29 12:00:00,-1,119
1,2015,4,29,4,-8,-80.915,-81.784,1726.9,696.9,2015-04-29 04:00:00,2015-04-29 12:00:00,-1,119
1,2015,4,29,3,-9,-80.94,-82.31,1753.8,688.3,2015-04-29 03:00:00,2015-04-29 12:00:00,-1,119
1,2015,4,29,2,-10,-80.947,-82.903,1774.9,679.9,2015-04-29 02:00:00,2015-04-29 12:00:00,-1,119
1,2015,4,29,1,-11,-80.938,-83.558,1790.1,671.6,2015-04-29 01:00:00,2015-04-29 12:00:00,-1,119
1,2015,4,29,0,-12,-80.915,-84.266,1799,663.4,2015-04-29,2015-04-29 12:00:00,-1,119
1,2015,4,28,23,-13,-80.877,-85.006,1804.2,656,2015-04-28 23:00:00,2015-04-29 12:00:00,-1,119
1,2015,4,28,22,-14,-80.827,-85.759,1810.3,648.4,2015-04-28 22:00:00,2015-04-29 12:00:00,-1,119
1,2015,4,28,21,-15,-80.766,-86.523,1817.9,640.6,2015-04-28 21:00:00,2015-04-29 12:00:00,-1,119
1,2015,4,28,20,-16,-80.692,-87.291,1827.5,632.5,2015-04-28 20:00:00,2015-04-29 12:00:00,-1,119
1,2015,4,28,19,-17,-80.606,-88.057,1840.8,624.9,2015-04-28 19:00:00,2015-04-29 12:00:00,-1,119
1,2015,4,28,18,-18,-80.506,-88.822,1858.1,617.2,2015-04-28 18:00:00,2015-04-29 12:00:00,-1,119
1,2015,4,28,17,-19,-80.397,-89.599,1879.7,608.5,2015-04-28 17:00:00,2015-04-29 12:00:00,-1,119
1,2015,4,28,16,-20,-80.284,-90.405,1907.3,599.7,2015-04-28 16:00:00,2015-04-29 12:00:00,-1,119
1,2015,4,28,15,-21,-80.167,-91.242,1939.5,591.1,2015-04-28 15:00:00,2015-04-29 12:00:00,-1,119
1,2015,4,28,14,-22,-80.043,-92.11,1974.4,581.8,2015-04-28 14:00:00,2015-04-29 12:00:00,-1,119
1,2015,4,28,13,-23,-79.915,-93.006,2013.1,574.5,2015-04-28 13:00:00,2015-04-29 12:00:00,-1,119
1,2015,4,28,12,-24,-79.783,-93.912,2053.1,568.9,2015-04-28 12:00:00,2015-04-29 12:00:00,-1,119
1,2015,4,30,12,0,-80.3,-81.3,1500,733.6,2015-04-30 12:00:00,2015-04-30 12:00:00,24,120
1,2015,4,30,11,-1,-80.197,-82.036,1516.2,724.3,2015-04-30 11:00:00,2015-04-30 12:00:00,-1,120
1,2015,4,30,10,-2,-80.08,-82.647,1526.6,717.1,2015-04-30 10:00:00,2015-04-30 12:00:00,-1,120
1,2015,4,30,9,-3,-79.954,-83.119,1530.7,711.7,2015-04-30 09:00:00,2015-04-30 12:00:00,-1,120
1,2015,4,30,8,-4,-79.824,-83.443,1528.7,708.1,2015-04-30 08:00:00,2015-04-30 12:00:00,-1,120
1,2015,4,30,7,-5,-79.694,-83.615,1521.5,706.7,2015-04-30 07:00:00,2015-04-30 12:00:00,-1,120
1,2015,4,30,6,-6,-79.566,-83.636,1509.7,707.5,2015-04-30 06:00:00,2015-04-30 12:00:00,-1,120
1,2015,4,30,5,-7,-79.444,-83.549,1496,710.2,2015-04-30 05:00:00,2015-04-30 12:00:00,-1,120
1,2015,4,30,4,-8,-79.327,-83.397,1482.2,713.4,2015-04-30 04:00:00,2015-04-30 12:00:00,-1,120
1,2015,4,30,3,-9,-79.216,-83.18,1468.7,717.3,2015-04-30 03:00:00,2015-04-30 12:00:00,-1,120
1,2015,4,30,2,-10,-79.112,-82.897,1455.3,721.9,2015-04-30 02:00:00,2015-04-30 12:00:00,-1,120
1,2015,4,30,1,-11,-79.016,-82.548,1442.3,727.1,2015-04-30 01:00:00,2015-04-30 12:00:00,-1,120
1,2015,4,30,0,-12,-78.93,-82.138,1429.6,733,2015-04-30,2015-04-30 12:00:00,-1,120
1,2015,4,29,23,-13,-78.861,-81.651,1417.8,740,2015-04-29 23:00:00,2015-04-30 12:00:00,-1,120
1,2015,4,29,22,-14,-78.813,-81.075,1406.7,747.7,2015-04-29 22:00:00,2015-04-30 12:00:00,-1,120
1,2015,4,29,21,-15,-78.789,-80.42,1396.4,756.2,2015-04-29 21:00:00,2015-04-30 12:00:00,-1,120
1,2015,4,29,20,-16,-78.792,-79.698,1386.2,764.9,2015-04-29 20:00:00,2015-04-30 12:00:00,-1,120
1,2015,4,29,19,-17,-78.823,-78.919,1375.5,773.7,2015-04-29 19:00:00,2015-04-30 12:00:00,-1,120
1,2015,4,29,18,-18,-78.884,-78.096,1364.2,783.2,2015-04-29 18:00:00,2015-04-30 12:00:00,-1,120
1,2015,4,29,17,-19,-78.974,-77.269,1352.6,792.4,2015-04-29 17:00:00,2015-04-30 12:00:00,-1,120
1,2015,4,29,16,-20,-79.086,-76.475,1341,800.3,2015-04-29 16:00:00,2015-04-30 12:00:00,-1,120
1,2015,4,29,15,-21,-79.218,-75.726,1330.4,808.1,2015-04-29 15:00:00,2015-04-30 12:00:00,-1,120
1,2015,4,29,14,-22,-79.366,-75.038,1321.5,815.6,2015-04-29 14:00:00,2015-04-30 12:00:00,-1,120
1,2015,4,29,13,-23,-79.529,-74.424,1314.1,821.1,2015-04-29 13:00:00,2015-04-30 12:00:00,-1,120
1,2015,4,29,12,-24,-79.701,-73.899,1309.9,825.7,2015-04-29 12:00:00,2015-04-30 12:00:00,-1,120
1,2015,5,1,12,0,-80.3,-81.3,1500,733.3,2015-05-01 12:00:00,2015-05-01 12:00:00,24,121
1,2015,5,1,11,-1,-80.185,-82.718,1536,715.1,2015-05-01 11:00:00,2015-05-01 12:00:00,-1,121
1,2015,5,1,10,-2,-80.037,-84.236,1569,695.8,2015-05-01 10:00:00,2015-05-01 12:00:00,-1,121
1,2015,5,1,9,-3,-79.865,-85.84,1596.1,675.2,2015-05-01 09:00:00,2015-05-01 12:00:00,-1,121
1,2015,5,1,8,-4,-79.675,-87.529,1615,655.2,2015-05-01 08:00:00,2015-05-01 12:00:00,-1,121
1,2015,5,1,7,-5,-79.472,-89.306,1626.3,639,2015-05-01 07:00:00,2015-05-01 12:00:00,-1,121
1,2015,5,1,6,-6,-79.256,-91.176,1629.8,627.3,2015-05-01 06:00:00,2015-05-01 12:00:00,-1,121
1,2015,5,1,5,-7,-79.014,-93.055,1620.9,621.3,2015-05-01 05:00:00,2015-05-01 12:00:00,-1,121
1,2015,5,1,4,-8,-78.739,-94.828,1598.8,620.6,2015-05-01 04:00:00,2015-05-01 12:00:00,-1,121
1,2015,5,1,3,-9,-78.438,-96.451,1564.9,627.1,2015-05-01 03:00:00,2015-05-01 12:00:00,-1,121
1,2015,5,1,2,-10,-78.119,-97.907,1521,637.2,2015-05-01 02:00:00,2015-05-01 12:00:00,-1,121
1,2015,5,1,1,-11,-77.788,-99.196,1469.9,651.3,2015-05-01 01:00:00,2015-05-01 12:00:00,-1,121
1,2015,5,1,0,-12,-77.453,-100.323,1412.5,667.7,2015-05-01,2015-05-01 12:00:00,-1,121
1,2015,4,30,23,-13,-77.106,-101.241,1351,689.1,2015-04-30 23:00:00,2015-05-01 12:00:00,-1,121
1,2015,4,30,22,-14,-76.745,-101.891,1283.6,712.2,2015-04-30 22:00:00,2015-05-01 12:00:00,-1,121
1,2015,4,30,21,-15,-76.384,-102.276,1212.4,735.4,2015-04-30 21:00:00,2015-05-01 12:00:00,-1,121
1,2015,4,30,20,-16,-76.037,-102.408,1140,757.5,2015-04-30 20:00:00,2015-05-01 12:00:00,-1,121
1,2015,4,30,19,-17,-75.711,-102.314,1067.7,778.2,2015-04-30 19:00:00,2015-05-01 12:00:00,-1,121
1,2015,4,30,18,-18,-75.408,-102.027,996.2,797.5,2015-04-30 18:00:00,2015-05-01 12:00:00,-1,121
1,2015,4,30,17,-19,-75.135,-101.55,926.9,814.8,2015-04-30 17:00:00,2015-05-01 12:00:00,-1,121
1,2015,4,30,16,-20,-74.893,-100.93,863.9,826.6,2015-04-30 16:00:00,2015-05-01 12:00:00,-1,121
1,2015,4,30,15,-21,-74.677,-100.258,810.7,833.8,2015-04-30 15:00:00,2015-05-01 12:00:00,-1,121
1,2015,4,30,14,-22,-74.486,-99.574,769.4,838.7,2015-04-30 14:00:00,2015-05-01 12:00:00,-1,121
1,2015,4,30,13,-23,-74.322,-98.881,739.7,841.7,2015-04-30 13:00:00,2015-05-01 12:00:00,-1,121
1,2015,4,30,12,-24,-74.185,-98.178,720.7,843,2015-04-30 12:00:00,2015-05-01 12:00:00,-1,121
1,2015,5,2,12,0,-80.3,-81.3,1500,736.7,2015-05-02 12:00:00,2015-05-02 12:00:00,24,122
1,2015,5,2,11,-1,-80.012,-81.316,1454.1,744.8,2015-05-02 11:00:00,2015-05-02 12:00:00,-1,122
1,2015,5,2,10,-2,-79.71,-81.277,1401.7,750.4,2015-05-02 10:00:00,2015-05-02 12:00:00,-1,122
1,2015,5,2,9,-3,-79.392,-81.215,1346.1,756.5,2015-05-02 09:00:00,2015-05-02 12:00:00,-1,122
1,2015,5,2,8,-4,-79.061,-81.129,1287.3,763.3,2015-05-02 08:00:00,2015-05-02 12:00:00,-1,122
1,2015,5,2,7,-5,-78.717,-81.022,1225.4,770.5,2015-05-02 07:00:00,2015-05-02 12:00:00,-1,122
1,2015,5,2,6,-6,-78.363,-80.904,1160.2,778,2015-05-02 06:00:00,2015-05-02 12:00:00,-1,122
1,2015,5,2,5,-7,-78.004,-80.721,1092.7,787.1,2015-05-02 05:00:00,2015-05-02 12:00:00,-1,122
1,2015,5,2,4,-8,-77.649,-80.421,1024.3,797.6,2015-05-02 04:00:00,2015-05-02 12:00:00,-1,122
1,2015,5,2,3,-9,-77.298,-80.032,955.6,808.4,2015-05-02 03:00:00,2015-05-02 12:00:00,-1,122
1,2015,5,2,2,-10,-76.951,-79.594,887.8,817.7,2015-05-02 02:00:00,2015-05-02 12:00:00,-1,122
1,2015,5,2,1,-11,-76.603,-79.133,821.9,825.6,2015-05-02 01:00:00,2015-05-02 12:00:00,-1,122
1,2015,5,2,0,-12,-76.25,-78.655,758.2,832.7,2015-05-02,2015-05-02 12:00:00,-1,122
1,2015,5,1,23,-13,-75.898,-78.214,697.1,838.7,2015-05-01 23:00:00,2015-05-02 12:00:00,-1,122
1,2015,5,1,22,-14,-75.556,-77.857,639.4,843.2,2015-05-01 22:00:00,2015-05-02 12:00:00,-1,122
1,2015,5,1,21,-15,-75.22,-77.583,585.8,846.1,2015-05-01 21:00:00,2015-05-02 12:00:00,-1,122
1,2015,5,1,20,-16,-74.895,-77.387,538.6,851.5,2015-05-01 20:00:00,2015-05-02 12:00:00,-1,122
1,2015,5,1,19,-17,-74.591,-77.243,500.1,864,2015-05-01 19:00:00,2015-05-02 12:00:00,-1,122
1,2015,5,1,18,-18,-74.312,-77.126,468.3,874.9,2015-05-01 18:00:00,2015-05-02 12:00:00,-1,122
1,2015,5,1,17,-19,-74.052,-76.981,443,883.9,2015-05-01 17:00:00,2015-05-02 12:00:00,-1,122
1,2015,5,1,16,-20,-73.808,-76.77,425.2,891.1,2015-05-01 16:00:00,2015-05-02 12:00:00,-1,122
1,2015,5,1,15,-21,-73.58,-76.497,413.5,896.4,2015-05-01 15:00:00,2015-05-02 12:00:00,-1,122
1,2015,5,1,14,-22,-73.369,-76.169,407.1,900,2015-05-01 14:00:00,2015-05-02 12:00:00,-1,122
1,2015,5,1,13,-23,-73.174,-75.79,405.6,901.8,2015-05-01 13:00:00,2015-05-02 12:00:00,-1,122
1,2015,5,1,12,-24,-72.998,-75.363,408.8,901.8,2015-05-01 12:00:00,2015-05-02 12:00:00,-1,122
1,2015,5,3,12,0,-80.3,-81.3,1500,731.9,2015-05-03 12:00:00,2015-05-03 12:00:00,24,123
1,2015,5,3,11,-1,-80.421,-81.831,1539.4,720.5,2015-05-03 11:00:00,2015-05-03 12:00:00,-1,123
1,2015,5,3,10,-2,-80.524,-82.306,1574.5,710.6,2015-05-03 10:00:00,2015-05-03 12:00:00,-1,123
1,2015,5,3,9,-3,-80.608,-82.74,1605.2,701.9,2015-05-03 09:00:00,2015-05-03 12:00:00,-1,123
1,2015,5,3,8,-4,-80.671,-83.143,1631.6,694.4,2015-05-03 08:00:00,2015-05-03 12:00:00,-1,123
1,2015,5,3,7,-5,-80.712,-83.522,1653.8,687.8,2015-05-03 07:00:00,2015-05-03 12:00:00,-1,123
1,2015,5,3,6,-6,-80.731,-83.875,1671.6,682,2015-05-03 06:00:00,2015-05-03 12:00:00,-1,123
1,2015,5,3,5,-7,-80.725,-84.179,1684.8,677.8,2015-05-03 05:00:00,2015-05-03 12:00:00,-1,123
1,2015,5,3,4,-8,-80.692,-84.4,1689.4,675.7,2015-05-03 04:00:00,2015-05-03 12:00:00,-1,123
1,2015,5,3,3,-9,-80.633,-84.524,1686.4,675.7,2015-05-03 03:00:00,2015-05-03 12:00:00,-1,123
1,2015,5,3,2,-10,-80.549,-84.542,1675.4,677.8,2015-05-03 02:00:00,2015-05-03 12:00:00,-1,123
1,2015,5,3,1,-11,-80.441,-84.446,1655.9,682.3,2015-05-03 01:00:00,2015-05-03 12:00:00,-1,123
1,2015,5,3,0,-12,-80.31,-84.233,1627.4,689.1,2015-05-03,2015-05-03 12:00:00,-1,123
1,2015,5,2,23,-13,-80.158,-83.957,1593.9,697.5,2015-05-02 23:00:00,2015-05-03 12:00:00,-1,123
1,2015,5,2,22,-14,-79.984,-83.666,1557.1,706.2,2015-05-02 22:00:00,2015-05-03 12:00:00,-1,123
1,2015,5,2,21,-15,-79.79,-83.365,1517.3,713.8,2015-05-02 21:00:00,2015-05-03 12:00:00,-1,123
1,2015,5,2,20,-16,-79.581,-83.058,1475.7,721.6,2015-05-02 20:00:00,2015-05-03 12:00:00,-1,123
1,2015,5,2,19,-17,-79.358,-82.734,1431.1,729.8,2015-05-02 19:00:00,2015-05-03 12:00:00,-1,123
1,2015,5,2,18,-18,-79.126,-82.379,1382.7,738.7,2015-05-02 18:00:00,2015-05-03 12:00:00,-1,123
1,2015,5,2,17,-19,-78.89,-81.943,1330.3,749.3,2015-05-02 17:00:00,2015-05-03 12:00:00,-1,123
1,2015,5,2,16,-20,-78.654,-81.374,1274.9,761.6,2015-05-02 16:00:00,2015-05-03 12:00:00,-1,123
1,2015,5,2,15,-21,-78.415,-80.664,1216.5,775.4,2015-05-02 15:00:00,2015-05-03 12:00:00,-1,123
1,2015,5,2,14,-22,-78.171,-79.813,1155,790.6,2015-05-02 14:00:00,2015-05-03 12:00:00,-1,123
1,2015,5,2,13,-23,-77.919,-78.831,1090.3,806.2,2015-05-02 13:00:00,2015-05-03 12:00:00,-1,123
1,2015,5,2,12,-24,-77.652,-77.731,1023.9,823.1,2015-05-02 12:00:00,2015-05-03 12:00:00,-1,123
1,2015,5,4,12,0,-80.3,-81.3,1500,729.2,2015-05-04 12:00:00,2015-05-04 12:00:00,24,124
1,2015,5,4,11,-1,-80.412,-82.451,1516,713.4,2015-05-04 11:00:00,2015-05-04 12:00:00,-1,124
1,2015,5,4,10,-2,-80.522,-83.65,1528.1,697.6,2015-05-04 10:00:00,2015-05-04 12:00:00,-1,124
1,2015,5,4,9,-3,-80.632,-84.916,1535.6,682.2,2015-05-04 09:00:00,2015-05-04 12:00:00,-1,124
1,2015,5,4,8,-4,-80.742,-86.25,1538.7,666.4,2015-05-04 08:00:00,2015-05-04 12:00:00,-1,124
1,2015,5,4,7,-5,-80.853,-87.657,1539.8,650.7,2015-05-04 07:00:00,2015-05-04 12:00:00,-1,124
1,2015,5,4,6,-6,-80.965,-89.155,1539.9,636.6,2015-05-04 06:00:00,2015-05-04 12:00:00,-1,124
1,2015,5,4,5,-7,-81.074,-90.753,1541.6,623.9,2015-05-04 05:00:00,2015-05-04 12:00:00,-1,124
1,2015,5,4,4,-8,-81.177,-92.446,1547,612.4,2015-05-04 04:00:00,2015-05-04 12:00:00,-1,124
1,2015,5,4,3,-9,-81.27,-94.232,1557.6,603.3,2015-05-04 03:00:00,2015-05-04 12:00:00,-1,124
1,2015,5,4,2,-10,-81.35,-96.102,1572.5,595.4,2015-05-04 02:00:00,2015-05-04 12:00:00,-1,124
1,2015,5,4,1,-11,-81.416,-98.053,1592.3,589.1,2015-05-04 01:00:00,2015-05-04 12:00:00,-1,124
1,2015,5,4,0,-12,-81.466,-100.045,1617.8,585.8,2015-05-04,2015-05-04 12:00:00,-1,124
1,2015,5,3,23,-13,-81.498,-102.017,1647.5,584.4,2015-05-03 23:00:00,2015-05-04 12:00:00,-1,124
1,2015,5,3,22,-14,-81.511,-103.919,1681.6,584.9,2015-05-03 22:00:00,2015-05-04 12:00:00,-1,124
1,2015,5,3,21,-15,-81.505,-105.73,1718.4,586.7,2015-05-03 21:00:00,2015-05-04 12:00:00,-1,124
1,2015,5,3,20,-16,-81.483,-107.431,1757.4,589.2,2015-05-03 20:00:00,2015-05-04 12:00:00,-1,124
1,2015,5,3,19,-17,-81.446,-109.005,1798.3,592.5,2015-05-03 19:00:00,2015-05-04 12:00:00,-1,124
1,2015,5,3,18,-18,-81.395,-110.44,1839.8,595.5,2015-05-03 18:00:00,2015-05-04 12:00:00,-1,124
1,2015,5,3,17,-19,-81.333,-111.729,1882.6,598.8,2015-05-03 17:00:00,2015-05-04 12:00:00,-1,124
1,2015,5,3,16,-20,-81.261,-112.864,1926.5,601.2,2015-05-03 16:00:00,2015-05-04 12:00:00,-1,124
1,2015,5,3,15,-21,-81.186,-113.856,1972.1,602.7,2015-05-03 15:00:00,2015-05-04 12:00:00,-1,124
1,2015,5,3,14,-22,-81.11,-114.72,2020.2,603.3,2015-05-03 14:00:00,2015-05-04 12:00:00,-1,124
1,2015,5,3,13,-23,-81.037,-115.475,2071.7,603,2015-05-03 13:00:00,2015-05-04 12:00:00,-1,124
1,2015,5,3,12,-24,-80.969,-116.142,2127,601.6,2015-05-03 12:00:00,2015-05-04 12:00:00,-1,124
1,2015,5,5,12,0,-80.3,-81.3,1500,736,2015-05-05 12:00:00,2015-05-05 12:00:00,24,125
1,2015,5,5,11,-1,-80.229,-80.447,1470.2,749.4,2015-05-05 11:00:00,2015-05-05 12:00:00,-1,125
1,2015,5,5,10,-2,-80.191,-79.659,1447.8,760.3,2015-05-05 10:00:00,2015-05-05 12:00:00,-1,125
1,2015,5,5,9,-3,-80.18,-78.938,1433.1,768.6,2015-05-05 09:00:00,2015-05-05 12:00:00,-1,125
1,2015,5,5,8,-4,-80.191,-78.289,1427,774.9,2015-05-05 08:00:00,2015-05-05 12:00:00,-1,125
1,2015,5,5,7,-5,-80.22,-77.718,1429.9,779.1,2015-05-05 07:00:00,2015-05-05 12:00:00,-1,125
1,2015,5,5,6,-6,-80.262,-77.233,1441.2,780.7,2015-05-05 06:00:00,2015-05-05 12:00:00,-1,125
1,2015,5,5,5,-7,-80.314,-76.851,1456.1,780.5,2015-05-05 05:00:00,2015-05-05 12:00:00,-1,125
1,2015,5,5,4,-8,-80.374,-76.581,1469.7,780,2015-05-05 04:00:00,2015-05-05 12:00:00,-1,125
1,2015,5,5,3,-9,-80.438,-76.418,1482.2,778.5,2015-05-05 03:00:00,2015-05-05 12:00:00,-1,125
1,2015,5,5,2,-10,-80.506,-76.362,1493.6,776.2,2015-05-05 02:00:00,2015-05-05 12:00:00,-1,125
1,2015,5,5,1,-11,-80.576,-76.411,1503.8,773.1,2015-05-05 01:00:00,2015-05-05 12:00:00,-1,125
1,2015,5,5,0,-12,-80.646,-76.566,1512.6,769.3,2015-05-05,2015-05-05 12:00:00,-1,125
1,2015,5,4,23,-13,-80.716,-76.84,1520.5,764.7,2015-05-04 23:00:00,2015-05-05 12:00:00,-1,125
1,2015,5,4,22,-14,-80.783,-77.246,1529.4,759,2015-05-04 22:00:00,2015-05-05 12:00:00,-1,125
1,2015,5,4,21,-15,-80.845,-77.795,1538.3,751.9,2015-05-04 21:00:00,2015-05-05 12:00:00,-1,125
1,2015,5,4,20,-16,-80.9,-78.497,1546.6,743.2,2015-05-04 20:00:00,2015-05-05 12:00:00,-1,125
1,2015,5,4,19,-17,-80.946,-79.366,1554.5,733.4,2015-05-04 19:00:00,2015-05-05 12:00:00,-1,125
1,2015,5,4,18,-18,-80.98,-80.413,1561.3,722.1,2015-05-04 18:00:00,2015-05-05 12:00:00,-1,125
1,2015,5,4,17,-19,-81.007,-81.592,1567.1,709.6,2015-05-04 17:00:00,2015-05-05 12:00:00,-1,125
1,2015,5,4,16,-20,-81.034,-82.847,1572.5,696.4,2015-05-04 16:00:00,2015-05-05 12:00:00,-1,125
1,2015,5,4,15,-21,-81.065,-84.188,1577.5,681.7,2015-05-04 15:00:00,2015-05-05 12:00:00,-1,125
1,2015,5,4,14,-22,-81.104,-85.63,1582.4,666.1,2015-05-04 14:00:00,2015-05-05 12:00:00,-1,125
1,2015,5,4,13,-23,-81.148,-87.198,1586.3,649.6,2015-05-04 13:00:00,2015-05-05 12:00:00,-1,125
1,2015,5,4,12,-24,-81.196,-88.928,1589.2,634.1,2015-05-04 12:00:00,2015-05-05 12:00:00,-1,125
1,2015,5,6,12,0,-80.3,-81.3,1500,739.8,2015-05-06 12:00:00,2015-05-06 12:00:00,24,126
1,2015,5,6,11,-1,-80.369,-81.962,1498.8,731.6,2015-05-06 11:00:00,2015-05-06 12:00:00,-1,126
1,2015,5,6,10,-2,-80.433,-82.568,1498.3,723.9,2015-05-06 10:00:00,2015-05-06 12:00:00,-1,126
1,2015,5,6,9,-3,-80.49,-83.123,1498.4,717,2015-05-06 09:00:00,2015-05-06 12:00:00,-1,126
1,2015,5,6,8,-4,-80.538,-83.631,1498.8,710.8,2015-05-06 08:00:00,2015-05-06 12:00:00,-1,126
1,2015,5,6,7,-5,-80.578,-84.096,1499.1,705.2,2015-05-06 07:00:00,2015-05-06 12:00:00,-1,126
1,2015,5,6,6,-6,-80.611,-84.522,1499.4,700.3,2015-05-06 06:00:00,2015-05-06 12:00:00,-1,126
1,2015,5,6,5,-7,-80.632,-84.925,1498.6,695.3,2015-05-06 05:00:00,2015-05-06 12:00:00,-1,126
1,2015,5,6,4,-8,-80.637,-85.319,1495.7,690.9,2015-05-06 04:00:00,2015-05-06 12:00:00,-1,126
1,2015,5,6,3,-9,-80.625,-85.703,1491.2,686.9,2015-05-06 03:00:00,2015-05-06 12:00:00,-1,126
1,2015,5,6,2,-10,-80.597,-86.079,1485.1,683.3,2015-05-06 02:00:00,2015-05-06 12:00:00,-1,126
1,2015,5,6,1,-11,-80.552,-86.451,1477.5,679.9,2015-05-06 01:00:00,2015-05-06 12:00:00,-1,126
1,2015,5,6,0,-12,-80.488,-86.824,1468.4,676.8,2015-05-06,2015-05-06 12:00:00,-1,126
1,2015,5,5,23,-13,-80.4,-87.12,1458.1,675,2015-05-05 23:00:00,2015-05-06 12:00:00,-1,126
1,2015,5,5,22,-14,-80.284,-87.27,1445.9,675.1,2015-05-05 22:00:00,2015-05-06 12:00:00,-1,126
1,2015,5,5,21,-15,-80.141,-87.286,1431.4,677,2015-05-05 21:00:00,2015-05-06 12:00:00,-1,126
1,2015,5,5,20,-16,-79.976,-87.184,1414.1,680.9,2015-05-05 20:00:00,2015-05-06 12:00:00,-1,126
1,2015,5,5,19,-17,-79.792,-86.963,1395,686.7,2015-05-05 19:00:00,2015-05-06 12:00:00,-1,126
1,2015,5,5,18,-18,-79.595,-86.633,1374.9,694,2015-05-05 18:00:00,2015-05-06 12:00:00,-1,126
1,2015,5,5,17,-19,-79.4,-86.237,1351.7,701.5,2015-05-05 17:00:00,2015-05-06 12:00:00,-1,126
1,2015,5,5,16,-20,-79.215,-85.806,1323.7,709.8,2015-05-05 16:00:00,2015-05-06 12:00:00,-1,126
1,2015,5,5,15,-21,-79.04,-85.342,1290.4,718.7,2015-05-05 15:00:00,2015-05-06 12:00:00,-1,126
1,2015,5,5,14,-22,-78.873,-84.843,1251.3,728.5,2015-05-05 14:00:00,2015-05-06 12:00:00,-1,126
1,2015,5,5,13,-23,-78.715,-84.306,1206.5,738.8,2015-05-05 13:00:00,2015-05-06 12:00:00,-1,126
1,2015,5,5,12,-24,-78.568,-83.726,1156.2,750,2015-05-05 12:00:00,2015-05-06 12:00:00,-1,126
1,2015,5,7,12,0,-80.3,-81.3,1500,738.1,2015-05-07 12:00:00,2015-05-07 12:00:00,24,127
1,2015,5,7,11,-1,-80.355,-82.798,1541.2,716.6,2015-05-07 11:00:00,2015-05-07 12:00:00,-1,127
1,2015,5,7,10,-2,-80.378,-84.287,1580.3,696,2015-05-07 10:00:00,2015-05-07 12:00:00,-1,127
1,2015,5,7,9,-3,-80.367,-85.776,1617.3,676.1,2015-05-07 09:00:00,2015-05-07 12:00:00,-1,127
1,2015,5,7,8,-4,-80.323,-87.26,1652.3,656.7,2015-05-07 08:00:00,2015-05-07 12:00:00,-1,127
1,2015,5,7,7,-5,-80.245,-88.73,1686.3,639.2,2015-05-07 07:00:00,2015-05-07 12:00:00,-1,127
1,2015,5,7,6,-6,-80.133,-90.188,1718,622.8,2015-05-07 06:00:00,2015-05-07 12:00:00,-1,127
1,2015,5,7,5,-7,-79.984,-91.585,1746.7,610.1,2015-05-07 05:00:00,2015-05-07 12:00:00,-1,127
1,2015,5,7,4,-8,-79.794,-92.84,1767,602.7,2015-05-07 04:00:00,2015-05-07 12:00:00,-1,127
1,2015,5,7,3,-9,-79.569,-93.926,1780.3,600.5,2015-05-07 03:00:00,2015-05-07 12:00:00,-1,127
1,2015,5,7,2,-10,-79.315,-94.848,1785.8,600.9,2015-05-07 02:00:00,2015-05-07 12:00:00,-1,127
1,2015,5,7,1,-11,-79.035,-95.615,1785.6,604.5,2015-05-07 01:00:00,2015-05-07 12:00:00,-1,127
1,2015,5,7,0,-12,-78.736,-96.238,1779.5,609.9,2015-05-07,2015-05-07 12:00:00,-1,127
1,2015,5,6,23,-13,-78.427,-96.721,1770.1,616.6,2015-05-06 23:00:00,2015-05-07 12:00:00,-1,127
1,2015,5,6,22,-14,-78.119,-97.069,1759.8,623.7,2015-05-06 22:00:00,2015-05-07 12:00:00,-1,127
1,2015,5,6,21,-15,-77.815,-97.299,1750.8,631,2015-05-06 21:00:00,2015-05-07 12:00:00,-1,127
1,2015,5,6,20,-16,-77.519,-97.425,1745,638,2015-05-06 20:00:00,2015-05-07 12:00:00,-1,127
1,2015,5,6,19,-17,-77.234,-97.463,1746,647.1,2015-05-06 19:00:00,2015-05-07 12:00:00,-1,127
1,2015,5,6,18,-18,-76.964,-97.432,1752.9,655.4,2015-05-06 18:00:00,2015-05-07 12:00:00,-1,127
1,2015,5,6,17,-19,-76.704,-97.326,1761.1,662.7,2015-05-06 17:00:00,2015-05-07 12:00:00,-1,127
1,2015,5,6,16,-20,-76.45,-97.133,1764.5,670.2,2015-05-06 16:00:00,2015-05-07 12:00:00,-1,127
1,2015,5,6,15,-21,-76.204,-96.864,1764,677.4,2015-05-06 15:00:00,2015-05-07 12:00:00,-1,127
1,2015,5,6,14,-22,-75.97,-96.526,1760.2,683.9,2015-05-06 14:00:00,2015-05-07 12:00:00,-1,127
1,2015,5,6,13,-23,-75.747,-96.125,1753.3,689.7,2015-05-06 13:00:00,2015-05-07 12:00:00,-1,127
1,2015,5,6,12,-24,-75.538,-95.664,1743.4,694.7,2015-05-06 12:00:00,2015-05-07 12:00:00,-1,127
1,2015,5,8,12,0,-80.3,-81.3,1500,745.5,2015-05-08 12:00:00,2015-05-08 12:00:00,24,128
1,2015,5,8,11,-1,-80.137,-82.069,1484,740.6,2015-05-08 11:00:00,2015-05-08 12:00:00,-1,128
1,2015,5,8,10,-2,-79.95,-82.815,1470.9,734.6,2015-05-08 10:00:00,2015-05-08 12:00:00,-1,128
1,2015,5,8,9,-3,-79.734,-83.547,1457.9,727.1,2015-05-08 09:00:00,2015-05-08 12:00:00,-1,128
1,2015,5,8,8,-4,-79.483,-84.252,1443,720.6,2015-05-08 08:00:00,2015-05-08 12:00:00,-1,128
1,2015,5,8,7,-5,-79.196,-84.9,1423,716,2015-05-08 07:00:00,2015-05-08 12:00:00,-1,128
1,2015,5,8,6,-6,-78.876,-85.46,1394.7,713.7,2015-05-08 06:00:00,2015-05-08 12:00:00,-1,128
1,2015,5,8,5,-7,-78.541,-85.952,1355.5,713.7,2015-05-08 05:00:00,2015-05-08 12:00:00,-1,128
1,2015,5,8,4,-8,-78.212,-86.412,1307,715.8,2015-05-08 04:00:00,2015-05-08 12:00:00,-1,128
1,2015,5,8,3,-9,-77.893,-86.829,1249.9,719.8,2015-05-08 03:00:00,2015-05-08 12:00:00,-1,128
1,2015,5,8,2,-10,-77.594,-87.199,1186.1,724.9,2015-05-08 02:00:00,2015-05-08 12:00:00,-1,128
1,2015,5,8,1,-11,-77.317,-87.524,1118.1,731.7,2015-05-08 01:00:00,2015-05-08 12:00:00,-1,128
1,2015,5,8,0,-12,-77.052,-87.809,1046.5,739.9,2015-05-08,2015-05-08 12:00:00,-1,128
1,2015,5,7,23,-13,-76.788,-88.035,973.4,749.8,2015-05-07 23:00:00,2015-05-08 12:00:00,-1,128
1,2015,5,7,22,-14,-76.52,-88.192,902.4,760.3,2015-05-07 22:00:00,2015-05-08 12:00:00,-1,128
1,2015,5,7,21,-15,-76.247,-88.284,833.1,770.6,2015-05-07 21:00:00,2015-05-08 12:00:00,-1,128
1,2015,5,7,20,-16,-75.965,-88.317,765.5,781.6,2015-05-07 20:00:00,2015-05-08 12:00:00,-1,128
1,2015,5,7,19,-17,-75.675,-88.293,699.7,793.1,2015-05-07 19:00:00,2015-05-08 12:00:00,-1,128
1,2015,5,7,18,-18,-75.374,-88.213,636.1,805.1,2015-05-07 18:00:00,2015-05-08 12:00:00,-1,128
1,2015,5,7,17,-19,-75.057,-88.055,573.1,816.9,2015-05-07 17:00:00,2015-05-08 12:00:00,-1,128
1,2015,5,7,16,-20,-74.719,-87.808,512,833.2,2015-05-07 16:00:00,2015-05-08 12:00:00,-1,128
1,2015,5,7,15,-21,-74.371,-87.491,456.3,850.6,2015-05-07 15:00:00,2015-05-08 12:00:00,-1,128
1,2015,5,7,14,-22,-74.022,-87.103,407,869,2015-05-07 14:00:00,2015-05-08 12:00:00,-1,128
1,2015,5,7,13,-23,-73.683,-86.637,364.3,887,2015-05-07 13:00:00,2015-05-08 12:00:00,-1,128
1,2015,5,7,12,-24,-73.37,-86.095,329,903.6,2015-05-07 12:00:00,2015-05-08 12:00:00,-1,128
1,2015,5,9,12,0,-80.3,-81.3,1500,749.1,2015-05-09 12:00:00,2015-05-09 12:00:00,24,129
1,2015,5,9,11,-1,-80.236,-82.913,1515.9,730.3,2015-05-09 11:00:00,2015-05-09 12:00:00,-1,129
1,2015,5,9,10,-2,-80.138,-84.511,1526.8,711.7,2015-05-09 10:00:00,2015-05-09 12:00:00,-1,129
1,2015,5,9,9,-3,-80.006,-86.067,1534.7,694.3,2015-05-09 09:00:00,2015-05-09 12:00:00,-1,129
1,2015,5,9,8,-4,-79.838,-87.562,1539.5,678,2015-05-09 08:00:00,2015-05-09 12:00:00,-1,129
1,2015,5,9,7,-5,-79.635,-88.964,1542.2,665.2,2015-05-09 07:00:00,2015-05-09 12:00:00,-1,129
1,2015,5,9,6,-6,-79.402,-90.233,1542.8,655.6,2015-05-09 06:00:00,2015-05-09 12:00:00,-1,129
1,2015,5,9,5,-7,-79.142,-91.397,1540.7,650.7,2015-05-09 05:00:00,2015-05-09 12:00:00,-1,129
1,2015,5,9,4,-8,-78.859,-92.491,1532.8,648.1,2015-05-09 04:00:00,2015-05-09 12:00:00,-1,129
1,2015,5,9,3,-9,-78.558,-93.496,1520.5,650.3,2015-05-09 03:00:00,2015-05-09 12:00:00,-1,129
1,2015,5,9,2,-10,-78.24,-94.397,1502.4,654.4,2015-05-09 02:00:00,2015-05-09 12:00:00,-1,129
1,2015,5,9,1,-11,-77.91,-95.188,1479.3,660.8,2015-05-09 01:00:00,2015-05-09 12:00:00,-1,129
1,2015,5,9,0,-12,-77.571,-95.867,1453,669.7,2015-05-09,2015-05-09 12:00:00,-1,129
1,2015,5,8,23,-13,-77.227,-96.403,1422.7,681.9,2015-05-08 23:00:00,2015-05-09 12:00:00,-1,129
1,2015,5,8,22,-14,-76.876,-96.779,1385.9,696.6,2015-05-08 22:00:00,2015-05-09 12:00:00,-1,129
1,2015,5,8,21,-15,-76.52,-97.019,1342.4,712.4,2015-05-08 21:00:00,2015-05-09 12:00:00,-1,129
1,2015,5,8,20,-16,-76.161,-97.138,1292.8,729,2015-05-08 20:00:00,2015-05-09 12:00:00,-1,129
1,2015,5,8,19,-17,-75.8,-97.154,1237.7,746.1,2015-05-08 19:00:00,2015-05-09 12:00:00,-1,129
1,2015,5,8,18,-18,-75.437,-97.082,1177.8,763,2015-05-08 18:00:00,2015-05-09 12:00:00,-1,129
1,2015,5,8,17,-19,-75.084,-96.932,1114.1,779.7,2015-05-08 17:00:00,2015-05-09 12:00:00,-1,129
1,2015,5,8,16,-20,-74.742,-96.745,1048.4,793.8,2015-05-08 16:00:00,2015-05-09 12:00:00,-1,129
1,2015,5,8,15,-21,-74.402,-96.57,984.9,807.1,2015-05-08 15:00:00,2015-05-09 12:00:00,-1,129
1,2015,5,8,14,-22,-74.06,-96.435,925,820.5,2015-05-08 14:00:00,2015-05-09 12:00:00,-1,129
1,2015,5,8,13,-23,-73.713,-96.364,869.3,833.3,2015-05-08 13:00:00,2015-05-09 12:00:00,-1,129
1,2015,5,8,12,-24,-73.361,-96.379,818.5,846.2,2015-05-08 12:00:00,2015-05-09 12:00:00,-1,129
1,2015,5,10,12,0,-80.3,-81.3,1500,745.6,2015-05-10 12:00:00,2015-05-10 12:00:00,24,130
1,2015,5,10,11,-1,-80.105,-83.068,1484.7,730,2015-05-10 11:00:00,2015-05-10 12:00:00,-1,130
1,2015,5,10,10,-2,-79.865,-84.611,1458.2,716.3,2015-05-10 10:00:00,2015-05-10 12:00:00,-1,130
1,2015,5,10,9,-3,-79.587,-85.863,1419.4,707.1,2015-05-10 09:00:00,2015-05-10 12:00:00,-1,130
1,2015,5,10,8,-4,-79.276,-86.784,1366.9,704.1,2015-05-10 08:00:00,2015-05-10 12:00:00,-1,130
1,2015,5,10,7,-5,-78.935,-87.365,1299.3,707.2,2015-05-10 07:00:00,2015-05-10 12:00:00,-1,130
1,2015,5,10,6,-6,-78.565,-87.606,1215.6,716.3,2015-05-10 06:00:00,2015-05-10 12:00:00,-1,130
1,2015,5,10,5,-7,-78.186,-87.569,1123.2,729.2,2015-05-10 05:00:00,2015-05-10 12:00:00,-1,130
1,2015,5,10,4,-8,-77.812,-87.317,1029.9,743.4,2015-05-10 04:00:00,2015-05-10 12:00:00,-1,130
1,2015,5,10,3,-9,-77.445,-86.844,936,760.1,2015-05-10 03:00:00,2015-05-10 12:00:00,-1,130
1,2015,5,10,2,-10,-77.09,-86.223,845,778.1,2015-05-10 02:00:00,2015-05-10 12:00:00,-1,130
1,2015,5,10,1,-11,-76.743,-85.515,757.3,795,2015-05-10 01:00:00,2015-05-10 12:00:00,-1,130
1,2015,5,10,0,-12,-76.4,-84.719,670.8,812.5,2015-05-10,2015-05-10 12:00:00,-1,130
1,2015,5,9,23,-13,-76.059,-83.868,588.4,831.1,2015-05-09 23:00:00,2015-05-10 12:00:00,-1,130
1,2015,5,9,22,-14,-75.723,-83.018,514.5,846.7,2015-05-09 22:00:00,2015-05-10 12:00:00,-1,130
1,2015,5,9,21,-15,-75.395,-82.196,451.8,859.6,2015-05-09 21:00:00,2015-05-10 12:00:00,-1,130
1,2015,5,9,20,-16,-75.074,-81.418,400.3,869.3,2015-05-09 20:00:00,2015-05-10 12:00:00,-1,130
1,2015,5,9,19,-17,-74.758,-80.697,361,884.5,2015-05-09 19:00:00,2015-05-10 12:00:00,-1,130
1,2015,5,9,18,-18,-74.443,-80.023,330.9,900.4,2015-05-09 18:00:00,2015-05-10 12:00:00,-1,130
1,2015,5,9,17,-19,-74.122,-79.377,305,913.2,2015-05-09 17:00:00,2015-05-10 12:00:00,-1,130
1,2015,5,9,16,-20,-73.792,-78.755,281.7,925.8,2015-05-09 16:00:00,2015-05-10 12:00:00,-1,130
1,2015,5,9,15,-21,-73.45,-78.164,261.6,937.9,2015-05-09 15:00:00,2015-05-10 12:00:00,-1,130
1,2015,5,9,14,-22,-73.094,-77.615,245.1,949.5,2015-05-09 14:00:00,2015-05-10 12:00:00,-1,130
1,2015,5,9,13,-23,-72.721,-77.111,231.2,958.1,2015-05-09 13:00:00,2015-05-10 12:00:00,-1,130
1,2015,5,9,12,-24,-72.328,-76.647,219.4,963.5,2015-05-09 12:00:00,2015-05-10 12:00:00,-1,130
1,2015,5,11,12,0,-80.3,-81.3,1500,743.5,2015-05-11 12:00:00,2015-05-11 12:00:00,24,131
1,2015,5,11,11,-1,-80.16,-81.961,1494,738.9,2015-05-11 11:00:00,2015-05-11 12:00:00,-1,131
1,2015,5,11,10,-2,-80.005,-82.571,1487.9,734.7,2015-05-11 10:00:00,2015-05-11 12:00:00,-1,131
1,2015,5,11,9,-3,-79.834,-83.123,1479.9,729.7,2015-05-11 09:00:00,2015-05-11 12:00:00,-1,131
1,2015,5,11,8,-4,-79.647,-83.611,1470.7,725.6,2015-05-11 08:00:00,2015-05-11 12:00:00,-1,131
1,2015,5,11,7,-5,-79.446,-84.03,1460.1,722.6,2015-05-11 07:00:00,2015-05-11 12:00:00,-1,131
1,2015,5,11,6,-6,-79.233,-84.377,1448.4,720.7,2015-05-11 06:00:00,2015-05-11 12:00:00,-1,131
1,2015,5,11,5,-7,-79.005,-84.666,1433.1,719.4,2015-05-11 05:00:00,2015-05-11 12:00:00,-1,131
1,2015,5,11,4,-8,-78.756,-84.902,1411.1,719.7,2015-05-11 04:00:00,2015-05-11 12:00:00,-1,131
1,2015,5,11,3,-9,-78.487,-85.065,1381.3,721.8,2015-05-11 03:00:00,2015-05-11 12:00:00,-1,131
1,2015,5,11,2,-10,-78.201,-85.137,1342.5,725.9,2015-05-11 02:00:00,2015-05-11 12:00:00,-1,131
1,2015,5,11,1,-11,-77.898,-85.099,1294.1,732.1,2015-05-11 01:00:00,2015-05-11 12:00:00,-1,131
1,2015,5,11,0,-12,-77.578,-84.936,1235.2,740.7,2015-05-11,2015-05-11 12:00:00,-1,131
1,2015,5,10,23,-13,-77.251,-84.687,1172.4,751.8,2015-05-10 23:00:00,2015-05-11 12:00:00,-1,131
1,2015,5,10,22,-14,-76.926,-84.415,1111.2,762.4,2015-05-10 22:00:00,2015-05-11 12:00:00,-1,131
1,2015,5,10,21,-15,-76.599,-84.118,1051.4,772.7,2015-05-10 21:00:00,2015-05-11 12:00:00,-1,131
1,2015,5,10,20,-16,-76.27,-83.787,992.3,782.9,2015-05-10 20:00:00,2015-05-11 12:00:00,-1,131
1,2015,5,10,19,-17,-75.938,-83.416,933.5,793.1,2015-05-10 19:00:00,2015-05-11 12:00:00,-1,131
1,2015,5,10,18,-18,-75.599,-83.001,874.2,802.9,2015-05-10 18:00:00,2015-05-11 12:00:00,-1,131
1,2015,5,10,17,-19,-75.247,-82.541,812,812,2015-05-10 17:00:00,2015-05-11 12:00:00,-1,131
1,2015,5,10,16,-20,-74.875,-82.051,746.9,825,2015-05-10 16:00:00,2015-05-11 12:00:00,-1,131
1,2015,5,10,15,-21,-74.487,-81.565,682.2,846.6,2015-05-10 15:00:00,2015-05-11 12:00:00,-1,131
1,2015,5,10,14,-22,-74.087,-81.083,617.2,868.8,2015-05-10 14:00:00,2015-05-11 12:00:00,-1,131
1,2015,5,10,13,-23,-73.681,-80.594,555.1,890.3,2015-05-10 13:00:00,2015-05-11 12:00:00,-1,131
1,2015,5,10,12,-24,-73.275,-80.093,498.6,911.3,2015-05-10 12:00:00,2015-05-11 12:00:00,-1,131
1,2015,5,12,12,0,-80.3,-81.3,1500,739.9,2015-05-12 12:00:00,2015-05-12 12:00:00,24,132
1,2015,5,12,11,-1,-80.343,-82.144,1546.1,725.5,2015-05-12 11:00:00,2015-05-12 12:00:00,-1,132
1,2015,5,12,10,-2,-80.37,-82.955,1587.3,712,2015-05-12 10:00:00,2015-05-12 12:00:00,-1,132
1,2015,5,12,9,-3,-80.38,-83.732,1623.6,699.6,2015-05-12 09:00:00,2015-05-12 12:00:00,-1,132
1,2015,5,12,8,-4,-80.372,-84.47,1655.3,688.4,2015-05-12 08:00:00,2015-05-12 12:00:00,-1,132
1,2015,5,12,7,-5,-80.347,-85.153,1683.1,678.3,2015-05-12 07:00:00,2015-05-12 12:00:00,-1,132
1,2015,5,12,6,-6,-80.305,-85.759,1708.1,669.3,2015-05-12 06:00:00,2015-05-12 12:00:00,-1,132
1,2015,5,12,5,-7,-80.253,-86.283,1731.9,662.2,2015-05-12 05:00:00,2015-05-12 12:00:00,-1,132
1,2015,5,12,4,-8,-80.194,-86.735,1752.6,656,2015-05-12 04:00:00,2015-05-12 12:00:00,-1,132
1,2015,5,12,3,-9,-80.131,-87.125,1769.7,650.9,2015-05-12 03:00:00,2015-05-12 12:00:00,-1,132
1,2015,5,12,2,-10,-80.064,-87.461,1782.2,646.8,2015-05-12 02:00:00,2015-05-12 12:00:00,-1,132
1,2015,5,12,1,-11,-79.995,-87.751,1789.6,644,2015-05-12 01:00:00,2015-05-12 12:00:00,-1,132
1,2015,5,12,0,-12,-79.923,-87.999,1791.1,642.3,2015-05-12,2015-05-12 12:00:00,-1,132
1,2015,5,11,23,-13,-79.839,-88.2,1788.2,641.5,2015-05-11 23:00:00,2015-05-12 12:00:00,-1,132
1,2015,5,11,22,-14,-79.731,-88.338,1782.4,641.6,2015-05-11 22:00:00,2015-05-12 12:00:00,-1,132
1,2015,5,11,21,-15,-79.602,-88.407,1773.8,642.8,2015-05-11 21:00:00,2015-05-12 12:00:00,-1,132
1,2015,5,11,20,-16,-79.45,-88.408,1761.8,645.2,2015-05-11 20:00:00,2015-05-12 12:00:00,-1,132
1,2015,5,11,19,-17,-79.278,-88.341,1745.8,648.8,2015-05-11 19:00:00,2015-05-12 12:00:00,-1,132
1,2015,5,11,18,-18,-79.085,-88.211,1725.2,653.6,2015-05-11 18:00:00,2015-05-12 12:00:00,-1,132
1,2015,5,11,17,-19,-78.875,-88.042,1700.7,659.5,2015-05-11 17:00:00,2015-05-12 12:00:00,-1,132
1,2015,5,11,16,-20,-78.649,-87.848,1673.5,665.7,2015-05-11 16:00:00,2015-05-12 12:00:00,-1,132
1,2015,5,11,15,-21,-78.405,-87.619,1643.4,672.6,2015-05-11 15:00:00,2015-05-12 12:00:00,-1,132
1,2015,5,11,14,-22,-78.146,-87.337,1609.8,680.2,2015-05-11 14:00:00,2015-05-12 12:00:00,-1,132
1,2015,5,11,13,-23,-77.873,-86.989,1572.7,688.7,2015-05-11 13:00:00,2015-05-12 12:00:00,-1,132
1,2015,5,11,12,-24,-77.588,-86.559,1531.3,698,2015-05-11 12:00:00,2015-05-12 12:00:00,-1,132
1,2015,5,13,12,0,-80.3,-81.3,1500,733.2,2015-05-13 12:00:00,2015-05-13 12:00:00,24,133
1,2015,5,13,11,-1,-80.519,-82.441,1533,714.5,2015-05-13 11:00:00,2015-05-13 12:00:00,-1,133
1,2015,5,13,10,-2,-80.737,-83.604,1568.1,695.8,2015-05-13 10:00:00,2015-05-13 12:00:00,-1,133
1,2015,5,13,9,-3,-80.95,-84.789,1604.9,677.6,2015-05-13 09:00:00,2015-05-13 12:00:00,-1,133
1,2015,5,13,8,-4,-81.155,-85.999,1642.9,660.2,2015-05-13 08:00:00,2015-05-13 12:00:00,-1,133
1,2015,5,13,7,-5,-81.349,-87.239,1681.8,643.1,2015-05-13 07:00:00,2015-05-13 12:00:00,-1,133
1,2015,5,13,6,-6,-81.53,-88.508,1721.9,627.7,2015-05-13 06:00:00,2015-05-13 12:00:00,-1,133
1,2015,5,13,5,-7,-81.697,-89.83,1757.3,613.1,2015-05-13 05:00:00,2015-05-13 12:00:00,-1,133
1,2015,5,13,4,-8,-81.845,-91.237,1787.4,601.3,2015-05-13 04:00:00,2015-05-13 12:00:00,-1,133
1,2015,5,13,3,-9,-81.974,-92.744,1810.4,590.8,2015-05-13 03:00:00,2015-05-13 12:00:00,-1,133
1,2015,5,13,2,-10,-82.08,-94.357,1827.2,582.4,2015-05-13 02:00:00,2015-05-13 12:00:00,-1,133
1,2015,5,13,1,-11,-82.164,-96.084,1839.2,575.8,2015-05-13 01:00:00,2015-05-13 12:00:00,-1,133
1,2015,5,13,0,-12,-82.221,-97.932,1847.3,571.3,2015-05-13,2015-05-13 12:00:00,-1,133
1,2015,5,12,23,-13,-82.253,-99.831,1855.3,570,2015-05-12 23:00:00,2015-05-13 12:00:00,-1,133
1,2015,5,12,22,-14,-82.26,-101.699,1864.7,569.5,2015-05-12 22:00:00,2015-05-13 12:00:00,-1,133
1,2015,5,12,21,-15,-82.244,-103.511,1875.6,571.2,2015-05-12 21:00:00,2015-05-13 12:00:00,-1,133
1,2015,5,12,20,-16,-82.208,-105.238,1887.8,574.5,2015-05-12 20:00:00,2015-05-13 12:00:00,-1,133
1,2015,5,12,19,-17,-82.155,-106.859,1901.8,579.3,2015-05-12 19:00:00,2015-05-13 12:00:00,-1,133
1,2015,5,12,18,-18,-82.086,-108.354,1915.9,584.5,2015-05-12 18:00:00,2015-05-13 12:00:00,-1,133
1,2015,5,12,17,-19,-81.998,-109.766,1927.5,589.7,2015-05-12 17:00:00,2015-05-13 12:00:00,-1,133
1,2015,5,12,16,-20,-81.886,-111.137,1937.3,596.1,2015-05-12 16:00:00,2015-05-13 12:00:00,-1,133
1,2015,5,12,15,-21,-81.752,-112.455,1942.5,602.8,2015-05-12 15:00:00,2015-05-13 12:00:00,-1,133
1,2015,5,12,14,-22,-81.597,-113.707,1942.5,609.7,2015-05-12 14:00:00,2015-05-13 12:00:00,-1,133
1,2015,5,12,13,-23,-81.423,-114.881,1936.8,616.3,2015-05-12 13:00:00,2015-05-13 12:00:00,-1,133
1,2015,5,12,12,-24,-81.233,-115.973,1925,622.7,2015-05-12 12:00:00,2015-05-13 12:00:00,-1,133
1,2015,5,14,12,0,-80.3,-81.3,1500,730.5,2015-05-14 12:00:00,2015-05-14 12:00:00,24,134
1,2015,5,14,11,-1,-80.556,-81.57,1551.2,719.1,2015-05-14 11:00:00,2015-05-14 12:00:00,-1,134
1,2015,5,14,10,-2,-80.825,-81.852,1601.9,707.7,2015-05-14 10:00:00,2015-05-14 12:00:00,-1,134
1,2015,5,14,9,-3,-81.102,-82.154,1652.1,696.5,2015-05-14 09:00:00,2015-05-14 12:00:00,-1,134
1,2015,5,14,8,-4,-81.387,-82.484,1702.1,684.9,2015-05-14 08:00:00,2015-05-14 12:00:00,-1,134
1,2015,5,14,7,-5,-81.674,-82.854,1751.6,673.3,2015-05-14 07:00:00,2015-05-14 12:00:00,-1,134
1,2015,5,14,6,-6,-81.962,-83.268,1800.6,661.9,2015-05-14 06:00:00,2015-05-14 12:00:00,-1,134
1,2015,5,14,5,-7,-82.237,-83.756,1847.4,650.3,2015-05-14 05:00:00,2015-05-14 12:00:00,-1,134
1,2015,5,14,4,-8,-82.489,-84.358,1889.8,639,2015-05-14 04:00:00,2015-05-14 12:00:00,-1,134
1,2015,5,14,3,-9,-82.716,-85.155,1926.8,627.9,2015-05-14 03:00:00,2015-05-14 12:00:00,-1,134
1,2015,5,14,2,-10,-82.912,-86.224,1956.1,616.8,2015-05-14 02:00:00,2015-05-14 12:00:00,-1,134
1,2015,5,14,1,-11,-83.079,-87.585,1977.1,605.3,2015-05-14 01:00:00,2015-05-14 12:00:00,-1,134
1,2015,5,14,0,-12,-83.219,-89.266,1990,594.4,2015-05-14,2015-05-14 12:00:00,-1,134
1,2015,5,13,23,-13,-83.335,-91.273,1998.4,584.3,2015-05-13 23:00:00,2015-05-14 12:00:00,-1,134
1,2015,5,13,22,-14,-83.427,-93.588,2005.8,575.3,2015-05-13 22:00:00,2015-05-14 12:00:00,-1,134
1,2015,5,13,21,-15,-83.486,-96.14,2013.9,567.9,2015-05-13 21:00:00,2015-05-14 12:00:00,-1,134
1,2015,5,13,20,-16,-83.507,-98.883,2024.6,562.8,2015-05-13 20:00:00,2015-05-14 12:00:00,-1,134
1,2015,5,13,19,-17,-83.489,-101.737,2038.5,560.2,2015-05-13 19:00:00,2015-05-14 12:00:00,-1,134
1,2015,5,13,18,-18,-83.43,-104.632,2055.8,560.4,2015-05-13 18:00:00,2015-05-14 12:00:00,-1,134
1,2015,5,13,17,-19,-83.331,-107.53,2075.6,564.5,2015-05-13 17:00:00,2015-05-14 12:00:00,-1,134
1,2015,5,13,16,-20,-83.191,-110.392,2093.5,572.9,2015-05-13 16:00:00,2015-05-14 12:00:00,-1,134
1,2015,5,13,15,-21,-83.01,-113.177,2108.2,585.2,2015-05-13 15:00:00,2015-05-14 12:00:00,-1,134
1,2015,5,13,14,-22,-82.787,-115.863,2118.9,600.5,2015-05-13 14:00:00,2015-05-14 12:00:00,-1,134
1,2015,5,13,13,-23,-82.52,-118.399,2123.6,618,2015-05-13 13:00:00,2015-05-14 12:00:00,-1,134
1,2015,5,13,12,-24,-82.212,-120.75,2115.6,631.7,2015-05-13 12:00:00,2015-05-14 12:00:00,-1,134
1,2015,5,15,12,0,-80.3,-81.3,1500,725.1,2015-05-15 12:00:00,2015-05-15 12:00:00,24,135
1,2015,5,15,11,-1,-80.412,-82.044,1501.2,715.5,2015-05-15 11:00:00,2015-05-15 12:00:00,-1,135
1,2015,5,15,10,-2,-80.523,-82.686,1507.1,706.5,2015-05-15 10:00:00,2015-05-15 12:00:00,-1,135
1,2015,5,15,9,-3,-80.636,-83.217,1517.8,698.4,2015-05-15 09:00:00,2015-05-15 12:00:00,-1,135
1,2015,5,15,8,-4,-80.753,-83.63,1533.1,691.2,2015-05-15 08:00:00,2015-05-15 12:00:00,-1,135
1,2015,5,15,7,-5,-80.874,-83.922,1552.8,685,2015-05-15 07:00:00,2015-05-15 12:00:00,-1,135
1,2015,5,15,6,-6,-80.998,-84.086,1576.6,679.9,2015-05-15 06:00:00,2015-05-15 12:00:00,-1,135
1,2015,5,15,5,-7,-81.125,-84.238,1601.8,674.6,2015-05-15 05:00:00,2015-05-15 12:00:00,-1,135
1,2015,5,15,4,-8,-81.255,-84.489,1625.2,668.6,2015-05-15 04:00:00,2015-05-15 12:00:00,-1,135
1,2015,5,15,3,-9,-81.387,-84.831,1647.6,661.9,2015-05-15 03:00:00,2015-05-15 12:00:00,-1,135
1,2015,5,15,2,-10,-81.524,-85.254,1669.5,654.5,2015-05-15 02:00:00,2015-05-15 12:00:00,-1,135
1,2015,5,15,1,-11,-81.664,-85.744,1691.1,646.7,2015-05-15 01:00:00,2015-05-15 12:00:00,-1,135
1,2015,5,15,0,-12,-81.807,-86.283,1712.6,638.7,2015-05-15,2015-05-15 12:00:00,-1,135
1,2015,5,14,23,-13,-81.954,-86.808,1735.7,631.3,2015-05-14 23:00:00,2015-05-15 12:00:00,-1,135
1,2015,5,14,22,-14,-82.101,-87.272,1761.8,624.2,2015-05-14 22:00:00,2015-05-15 12:00:00,-1,135
1,2015,5,14,21,-15,-82.248,-87.689,1790.9,617.8,2015-05-14 21:00:00,2015-05-15 12:00:00,-1,135
1,2015,5,14,20,-16,-82.392,-88.075,1822.8,611.9,2015-05-14 20:00:00,2015-05-15 12:00:00,-1,135
1,2015,5,14,19,-17,-82.531,-88.443,1857,606.4,2015-05-14 19:00:00,2015-05-15 12:00:00,-1,135
1,2015,5,14,18,-18,-82.665,-88.822,1893.6,601.3,2015-05-14 18:00:00,2015-05-15 12:00:00,-1,135
1,2015,5,14,17,-19,-82.795,-89.309,1928.3,595.8,2015-05-14 17:00:00,2015-05-15 12:00:00,-1,135
1,2015,5,14,16,-20,-82.924,-90.011,1958.2,589.8,2015-05-14 16:00:00,2015-05-15 12:00:00,-1,135
1,2015,5,14,15,-21,-83.049,-90.967,1982.2,583.8,2015-05-14 15:00:00,2015-05-15 12:00:00,-1,135
1,2015,5,14,14,-22,-83.162,-92.211,1998.3,577.2,2015-05-14 14:00:00,2015-05-15 12:00:00,-1,135
1,2015,5,14,13,-23,-83.258,-93.761,2006.3,571.5,2015-05-14 13:00:00,2015-05-15 12:00:00,-1,135
1,2015,5,14,12,-24,-83.331,-95.621,2004.1,566.8,2015-05-14 12:00:00,2015-05-15 12:00:00,-1,135
1,2015,5,16,12,0,-80.3,-81.3,1500,731.5,2015-05-16 12:00:00,2015-05-16 12:00:00,24,136
1,2015,5,16,11,-1,-80.475,-81.224,1519.4,727.7,2015-05-16 11:00:00,2015-05-16 12:00:00,-1,136
1,2015,5,16,10,-2,-80.648,-81.155,1537.6,724,2015-05-16 10:00:00,2015-05-16 12:00:00,-1,136
1,2015,5,16,9,-3,-80.822,-81.093,1554.6,720.3,2015-05-16 09:00:00,2015-05-16 12:00:00,-1,136
1,2015,5,16,8,-4,-80.996,-81.04,1570.5,716.5,2015-05-16 08:00:00,2015-05-16 12:00:00,-1,136
1,2015,5,16,7,-5,-81.171,-80.999,1585.3,712.7,2015-05-16 07:00:00,2015-05-16 12:00:00,-1,136
1,2015,5,16,6,-6,-81.349,-80.972,1599,708.8,2015-05-16 06:00:00,2015-05-16 12:00:00,-1,136
1,2015,5,16,5,-7,-81.516,-81.008,1609.6,704.4,2015-05-16 05:00:00,2015-05-16 12:00:00,-1,136
1,2015,5,16,4,-8,-81.662,-81.151,1614,700.2,2015-05-16 04:00:00,2015-05-16 12:00:00,-1,136
1,2015,5,16,3,-9,-81.788,-81.4,1612.3,695.9,2015-05-16 03:00:00,2015-05-16 12:00:00,-1,136
1,2015,5,16,2,-10,-81.894,-81.752,1604.1,691.8,2015-05-16 02:00:00,2015-05-16 12:00:00,-1,136
1,2015,5,16,1,-11,-81.983,-82.207,1589.4,687.9,2015-05-16 01:00:00,2015-05-16 12:00:00,-1,136
1,2015,5,16,0,-12,-82.055,-82.766,1567.8,683.8,2015-05-16,2015-05-16 12:00:00,-1,136
1,2015,5,15,23,-13,-82.115,-83.44,1544.5,678.9,2015-05-15 23:00:00,2015-05-16 12:00:00,-1,136
1,2015,5,15,22,-14,-82.168,-84.244,1526.9,672.1,2015-05-15 22:00:00,2015-05-16 12:00:00,-1,136
1,2015,5,15,21,-15,-82.212,-85.185,1514.7,664,2015-05-15 21:00:00,2015-05-16 12:00:00,-1,136
1,2015,5,15,20,-16,-82.246,-86.281,1508.4,654.6,2015-05-15 20:00:00,2015-05-16 12:00:00,-1,136
1,2015,5,15,19,-17,-82.268,-87.55,1508.6,643.5,2015-05-15 19:00:00,2015-05-16 12:00:00,-1,136
1,2015,5,15,18,-18,-82.274,-89.004,1516.1,631.6,2015-05-15 18:00:00,2015-05-16 12:00:00,-1,136
1,2015,5,15,17,-19,-82.271,-90.613,1526.4,619.3,2015-05-15 17:00:00,2015-05-16 12:00:00,-1,136
1,2015,5,15,16,-20,-82.268,-92.333,1534,608.6,2015-05-15 16:00:00,2015-05-16 12:00:00,-1,136
1,2015,5,15,15,-21,-82.259,-94.159,1539.8,599.6,2015-05-15 15:00:00,2015-05-16 12:00:00,-1,136
1,2015,5,15,14,-22,-82.243,-96.091,1543.7,592.8,2015-05-15 14:00:00,2015-05-16 12:00:00,-1,136
1,2015,5,15,13,-23,-82.219,-98.116,1546,588.3,2015-05-15 13:00:00,2015-05-16 12:00:00,-1,136
1,2015,5,15,12,-24,-82.183,-100.226,1546.7,586,2015-05-15 12:00:00,2015-05-16 12:00:00,-1,136
1,2015,5,17,12,0,-80.3,-81.3,1500,729.7,2015-05-17 12:00:00,2015-05-17 12:00:00,24,137
1,2015,5,17,11,-1,-80.51,-82.433,1523.2,712.1,2015-05-17 11:00:00,2015-05-17 12:00:00,-1,137
1,2015,5,17,10,-2,-80.715,-83.571,1543.3,695.6,2015-05-17 10:00:00,2015-05-17 12:00:00,-1,137
1,2015,5,17,9,-3,-80.917,-84.738,1561.2,679.5,2015-05-17 09:00:00,2015-05-17 12:00:00,-1,137
1,2015,5,17,8,-4,-81.116,-85.968,1577.7,663.8,2015-05-17 08:00:00,2015-05-17 12:00:00,-1,137
1,2015,5,17,7,-5,-81.311,-87.302,1594.4,647.9,2015-05-17 07:00:00,2015-05-17 12:00:00,-1,137
1,2015,5,17,6,-6,-81.497,-88.771,1613.7,632.7,2015-05-17 06:00:00,2015-05-17 12:00:00,-1,137
1,2015,5,17,5,-7,-81.667,-90.389,1632.5,617.5,2015-05-17 05:00:00,2015-05-17 12:00:00,-1,137
1,2015,5,17,4,-8,-81.817,-92.143,1645.1,605.6,2015-05-17 04:00:00,2015-05-17 12:00:00,-1,137
1,2015,5,17,3,-9,-81.945,-94.024,1651.4,595.6,2015-05-17 03:00:00,2015-05-17 12:00:00,-1,137
1,2015,5,17,2,-10,-82.053,-96.023,1649.7,588.6,2015-05-17 02:00:00,2015-05-17 12:00:00,-1,137
1,2015,5,17,1,-11,-82.137,-98.106,1638.7,584.8,2015-05-17 01:00:00,2015-05-17 12:00:00,-1,137
1,2015,5,17,0,-12,-82.198,-100.23,1616.7,584.5,2015-05-17,2015-05-17 12:00:00,-1,137
1,2015,5,16,23,-13,-82.234,-102.276,1589.1,588.5,2015-05-16 23:00:00,2015-05-17 12:00:00,-1,137
1,2015,5,16,22,-14,-82.242,-104.161,1562.8,594.2,2015-05-16 22:00:00,2015-05-17 12:00:00,-1,137
1,2015,5,16,21,-15,-82.224,-105.889,1539.6,601,2015-05-16 21:00:00,2015-05-17 12:00:00,-1,137
1,2015,5,16,20,-16,-82.186,-107.437,1520.7,608.5,2015-05-16 20:00:00,2015-05-17 12:00:00,-1,137
1,2015,5,16,19,-17,-82.131,-108.818,1507.2,616,2015-05-16 19:00:00,2015-05-17 12:00:00,-1,137
1,2015,5,16,18,-18,-82.062,-110.051,1499.5,622.4,2015-05-16 18:00:00,2015-05-17 12:00:00,-1,137
1,2015,5,16,17,-19,-81.984,-111.256,1495.7,628.9,2015-05-16 17:00:00,2015-05-17 12:00:00,-1,137
1,2015,5,16,16,-20,-81.902,-112.535,1493.1,636.1,2015-05-16 16:00:00,2015-05-17 12:00:00,-1,137
1,2015,5,16,15,-21,-81.812,-113.876,1491,644.7,2015-05-16 15:00:00,2015-05-17 12:00:00,-1,137
1,2015,5,16,14,-22,-81.709,-115.261,1488.1,653.2,2015-05-16 14:00:00,2015-05-17 12:00:00,-1,137
1,2015,5,16,13,-23,-81.592,-116.673,1482.8,661.6,2015-05-16 13:00:00,2015-05-17 12:00:00,-1,137
1,2015,5,16,12,-24,-81.456,-118.086,1473.7,670,2015-05-16 12:00:00,2015-05-17 12:00:00,-1,137
1,2015,5,18,12,0,-80.3,-81.3,1500,725.9,2015-05-18 12:00:00,2015-05-18 12:00:00,24,138
1,2015,5,18,11,-1,-80.388,-82.765,1508.7,707.5,2015-05-18 11:00:00,2015-05-18 12:00:00,-1,138
1,2015,5,18,10,-2,-80.481,-84.295,1515.1,688.6,2015-05-18 10:00:00,2015-05-18 12:00:00,-1,138
1,2015,5,18,9,-3,-80.579,-85.889,1519.5,669.5,2015-05-18 09:00:00,2015-05-18 12:00:00,-1,138
1,2015,5,18,8,-4,-80.683,-87.562,1522.6,650.2,2015-05-18 08:00:00,2015-05-18 12:00:00,-1,138
1,2015,5,18,7,-5,-80.791,-89.338,1525.6,633,2015-05-18 07:00:00,2015-05-18 12:00:00,-1,138
1,2015,5,18,6,-6,-80.899,-91.243,1527.8,618.1,2015-05-18 06:00:00,2015-05-18 12:00:00,-1,138
1,2015,5,18,5,-7,-81,-93.346,1527.7,605.8,2015-05-18 05:00:00,2015-05-18 12:00:00,-1,138
1,2015,5,18,4,-8,-81.09,-95.68,1525.8,596.4,2015-05-18 04:00:00,2015-05-18 12:00:00,-1,138
1,2015,5,18,3,-9,-81.161,-98.23,1523.5,591.3,2015-05-18 03:00:00,2015-05-18 12:00:00,-1,138
1,2015,5,18,2,-10,-81.204,-100.978,1521.5,590.9,2015-05-18 02:00:00,2015-05-18 12:00:00,-1,138
1,2015,5,18,1,-11,-81.215,-103.91,1520.7,595.5,2015-05-18 01:00:00,2015-05-18 12:00:00,-1,138
1,2015,5,18,0,-12,-81.185,-106.983,1520.7,604.9,2015-05-18,2015-05-18 12:00:00,-1,138
1,2015,5,17,23,-13,-81.105,-110.076,1522,618,2015-05-17 23:00:00,2015-05-18 12:00:00,-1,138
1,2015,5,17,22,-14,-80.976,-113.056,1523.4,632.3,2015-05-17 22:00:00,2015-05-18 12:00:00,-1,138
1,2015,5,17,21,-15,-80.803,-115.883,1524.1,645.9,2015-05-17 21:00:00,2015-05-18 12:00:00,-1,138
1,2015,5,17,20,-16,-80.59,-118.542,1521.1,657,2015-05-17 20:00:00,2015-05-18 12:00:00,-1,138
1,2015,5,17,19,-17,-80.337,-121.027,1512.7,665.2,2015-05-17 19:00:00,2015-05-18 12:00:00,-1,138
1,2015,5,17,18,-18,-80.044,-123.345,1497.5,669.6,2015-05-17 18:00:00,2015-05-18 12:00:00,-1,138
1,2015,5,17,17,-19,-79.708,-125.485,1468.1,670.9,2015-05-17 17:00:00,2015-05-18 12:00:00,-1,138
1,2015,5,17,16,-20,-79.33,-127.426,1419,671.4,2015-05-17 16:00:00,2015-05-18 12:00:00,-1,138
1,2015,5,17,15,-21,-78.916,-129.17,1354.6,672.7,2015-05-17 15:00:00,2015-05-18 12:00:00,-1,138
1,2015,5,17,14,-22,-78.469,-130.727,1278.3,674,2015-05-17 14:00:00,2015-05-18 12:00:00,-1,138
1,2015,5,17,13,-23,-77.984,-132.115,1191.9,676.8,2015-05-17 13:00:00,2015-05-18 12:00:00,-1,138
1,2015,5,17,12,-24,-77.463,-133.343,1098.4,683.3,2015-05-17 12:00:00,2015-05-18 12:00:00,-1,138
1,2015,5,19,12,0,-80.3,-81.3,1500,735.2,2015-05-19 12:00:00,2015-05-19 12:00:00,24,139
1,2015,5,19,11,-1,-80.366,-82.089,1516.8,723.4,2015-05-19 11:00:00,2015-05-19 12:00:00,-1,139
1,2015,5,19,10,-2,-80.42,-82.9,1533.8,711.5,2015-05-19 10:00:00,2015-05-19 12:00:00,-1,139
1,2015,5,19,9,-3,-80.462,-83.728,1550.9,699.5,2015-05-19 09:00:00,2015-05-19 12:00:00,-1,139
1,2015,5,19,8,-4,-80.49,-84.571,1567.9,687.5,2015-05-19 08:00:00,2015-05-19 12:00:00,-1,139
1,2015,5,19,7,-5,-80.502,-85.431,1584.2,675.7,2015-05-19 07:00:00,2015-05-19 12:00:00,-1,139
1,2015,5,19,6,-6,-80.496,-86.304,1599.2,664.3,2015-05-19 06:00:00,2015-05-19 12:00:00,-1,139
1,2015,5,19,5,-7,-80.48,-87.225,1612.6,652.9,2015-05-19 05:00:00,2015-05-19 12:00:00,-1,139
1,2015,5,19,4,-8,-80.464,-88.231,1623.7,642.1,2015-05-19 04:00:00,2015-05-19 12:00:00,-1,139
1,2015,5,19,3,-9,-80.445,-89.323,1632.8,631,2015-05-19 03:00:00,2015-05-19 12:00:00,-1,139
1,2015,5,19,2,-10,-80.423,-90.505,1640.8,620.2,2015-05-19 02:00:00,2015-05-19 12:00:00,-1,139
1,2015,5,19,1,-11,-80.397,-91.778,1648.7,610.5,2015-05-19 01:00:00,2015-05-19 12:00:00,-1,139
1,2015,5,19,0,-12,-80.361,-93.14,1656.1,601.6,2015-05-19,2015-05-19 12:00:00,-1,139
1,2015,5,18,23,-13,-80.302,-94.52,1665.7,593.9,2015-05-18 23:00:00,2015-05-19 12:00:00,-1,139
1,2015,5,18,22,-14,-80.211,-95.837,1680.1,587.6,2015-05-18 22:00:00,2015-05-19 12:00:00,-1,139
1,2015,5,18,21,-15,-80.09,-97.077,1699.8,581.9,2015-05-18 21:00:00,2015-05-19 12:00:00,-1,139
1,2015,5,18,20,-16,-79.942,-98.236,1727.5,578.9,2015-05-18 20:00:00,2015-05-19 12:00:00,-1,139
1,2015,5,18,19,-17,-79.769,-99.313,1763,579.1,2015-05-18 19:00:00,2015-05-19 12:00:00,-1,139
1,2015,5,18,18,-18,-79.573,-100.31,1803.2,580.4,2015-05-18 18:00:00,2015-05-19 12:00:00,-1,139
1,2015,5,18,17,-19,-79.362,-101.293,1842.1,583,2015-05-18 17:00:00,2015-05-19 12:00:00,-1,139
1,2015,5,18,16,-20,-79.143,-102.321,1872.6,587.3,2015-05-18 16:00:00,2015-05-19 12:00:00,-1,139
1,2015,5,18,15,-21,-78.912,-103.389,1895.6,593.1,2015-05-18 15:00:00,2015-05-19 12:00:00,-1,139
1,2015,5,18,14,-22,-78.664,-104.488,1910.8,599.9,2015-05-18 14:00:00,2015-05-19 12:00:00,-1,139
1,2015,5,18,13,-23,-78.395,-105.604,1918.7,607.3,2015-05-18 13:00:00,2015-05-19 12:00:00,-1,139
1,2015,5,18,12,-24,-78.097,-106.711,1919,615.3,2015-05-18 12:00:00,2015-05-19 12:00:00,-1,139
1,2015,5,20,12,0,-80.3,-81.3,1500,732.3,2015-05-20 12:00:00,2015-05-20 12:00:00,24,140
1,2015,5,20,11,-1,-80.507,-81.934,1526,720.3,2015-05-20 11:00:00,2015-05-20 12:00:00,-1,140
1,2015,5,20,10,-2,-80.701,-82.609,1548,708.6,2015-05-20 10:00:00,2015-05-20 12:00:00,-1,140
1,2015,5,20,9,-3,-80.878,-83.33,1565.5,697.3,2015-05-20 09:00:00,2015-05-20 12:00:00,-1,140
1,2015,5,20,8,-4,-81.034,-84.095,1578.2,686.6,2015-05-20 08:00:00,2015-05-20 12:00:00,-1,140
1,2015,5,20,7,-5,-81.168,-84.896,1585.2,676.7,2015-05-20 07:00:00,2015-05-20 12:00:00,-1,140
1,2015,5,20,6,-6,-81.276,-85.724,1586,667.5,2015-05-20 06:00:00,2015-05-20 12:00:00,-1,140
1,2015,5,20,5,-7,-81.36,-86.541,1582.8,659.1,2015-05-20 05:00:00,2015-05-20 12:00:00,-1,140
1,2015,5,20,4,-8,-81.421,-87.309,1577.7,651.5,2015-05-20 04:00:00,2015-05-20 12:00:00,-1,140
1,2015,5,20,3,-9,-81.462,-88.024,1572,645.6,2015-05-20 03:00:00,2015-05-20 12:00:00,-1,140
1,2015,5,20,2,-10,-81.481,-88.681,1565.7,640.8,2015-05-20 02:00:00,2015-05-20 12:00:00,-1,140
1,2015,5,20,1,-11,-81.481,-89.277,1558.9,636.6,2015-05-20 01:00:00,2015-05-20 12:00:00,-1,140
1,2015,5,20,0,-12,-81.461,-89.815,1551.7,633.1,2015-05-20,2015-05-20 12:00:00,-1,140
1,2015,5,19,23,-13,-81.424,-90.332,1544.4,630.1,2015-05-19 23:00:00,2015-05-20 12:00:00,-1,140
1,2015,5,19,22,-14,-81.371,-90.862,1536.5,627.3,2015-05-19 22:00:00,2015-05-20 12:00:00,-1,140
1,2015,5,19,21,-15,-81.301,-91.395,1528.5,624.6,2015-05-19 21:00:00,2015-05-20 12:00:00,-1,140
1,2015,5,19,20,-16,-81.215,-91.917,1520.7,621.8,2015-05-19 20:00:00,2015-05-20 12:00:00,-1,140
1,2015,5,19,19,-17,-81.114,-92.417,1513.9,619.1,2015-05-19 19:00:00,2015-05-20 12:00:00,-1,140
1,2015,5,19,18,-18,-80.998,-92.884,1509.1,617.3,2015-05-19 18:00:00,2015-05-20 12:00:00,-1,140
1,2015,5,19,17,-19,-80.879,-93.348,1506.5,615.5,2015-05-19 17:00:00,2015-05-20 12:00:00,-1,140
1,2015,5,19,16,-20,-80.768,-93.843,1506.5,613.1,2015-05-19 16:00:00,2015-05-20 12:00:00,-1,140
1,2015,5,19,15,-21,-80.662,-94.368,1508.7,610.5,2015-05-19 15:00:00,2015-05-20 12:00:00,-1,140
1,2015,5,19,14,-22,-80.56,-94.922,1512.7,607.5,2015-05-19 14:00:00,2015-05-20 12:00:00,-1,140
1,2015,5,19,13,-23,-80.461,-95.499,1519.6,605.3,2015-05-19 13:00:00,2015-05-20 12:00:00,-1,140
1,2015,5,19,12,-24,-80.365,-96.095,1528.7,603.1,2015-05-19 12:00:00,2015-05-20 12:00:00,-1,140
1,2015,5,21,12,0,-80.3,-81.3,1500,725.8,2015-05-21 12:00:00,2015-05-21 12:00:00,24,141
1,2015,5,21,11,-1,-80.433,-82.096,1523.8,713,2015-05-21 11:00:00,2015-05-21 12:00:00,-1,141
1,2015,5,21,10,-2,-80.577,-82.984,1543,699.7,2015-05-21 10:00:00,2015-05-21 12:00:00,-1,141
1,2015,5,21,9,-3,-80.733,-83.987,1556.9,685.5,2015-05-21 09:00:00,2015-05-21 12:00:00,-1,141
1,2015,5,21,8,-4,-80.901,-85.124,1565.4,670.7,2015-05-21 08:00:00,2015-05-21 12:00:00,-1,141
1,2015,5,21,7,-5,-81.081,-86.421,1567.4,655.2,2015-05-21 07:00:00,2015-05-21 12:00:00,-1,141
1,2015,5,21,6,-6,-81.272,-87.917,1562.2,639.7,2015-05-21 06:00:00,2015-05-21 12:00:00,-1,141
1,2015,5,21,5,-7,-81.467,-89.623,1552.6,626.1,2015-05-21 05:00:00,2015-05-21 12:00:00,-1,141
1,2015,5,21,4,-8,-81.657,-91.532,1542.2,614,2015-05-21 04:00:00,2015-05-21 12:00:00,-1,141
1,2015,5,21,3,-9,-81.838,-93.663,1531.4,603.4,2015-05-21 03:00:00,2015-05-21 12:00:00,-1,141
1,2015,5,21,2,-10,-82.006,-96.036,1523,595.3,2015-05-21 02:00:00,2015-05-21 12:00:00,-1,141
1,2015,5,21,1,-11,-82.156,-98.648,1518.6,590.7,2015-05-21 01:00:00,2015-05-21 12:00:00,-1,141
1,2015,5,21,0,-12,-82.284,-101.481,1518.9,590,2015-05-21,2015-05-21 12:00:00,-1,141
1,2015,5,20,23,-13,-82.379,-104.475,1524.2,594.2,2015-05-20 23:00:00,2015-05-21 12:00:00,-1,141
1,2015,5,20,22,-14,-82.433,-107.499,1534.4,602.6,2015-05-20 22:00:00,2015-05-21 12:00:00,-1,141
1,2015,5,20,21,-15,-82.445,-110.515,1550.4,616.2,2015-05-20 21:00:00,2015-05-21 12:00:00,-1,141
1,2015,5,20,20,-16,-82.416,-113.467,1568.1,632,2015-05-20 20:00:00,2015-05-21 12:00:00,-1,141
1,2015,5,20,19,-17,-82.346,-116.286,1586.8,649.6,2015-05-20 19:00:00,2015-05-21 12:00:00,-1,141
1,2015,5,20,18,-18,-82.239,-118.902,1602.1,665.8,2015-05-20 18:00:00,2015-05-21 12:00:00,-1,141
1,2015,5,20,17,-19,-82.1,-121.293,1612.3,679.7,2015-05-20 17:00:00,2015-05-21 12:00:00,-1,141
1,2015,5,20,16,-20,-81.94,-123.511,1614.9,691.2,2015-05-20 16:00:00,2015-05-21 12:00:00,-1,141
1,2015,5,20,15,-21,-81.762,-125.549,1611.8,700.5,2015-05-20 15:00:00,2015-05-21 12:00:00,-1,141
1,2015,5,20,14,-22,-81.573,-127.394,1605.6,707.3,2015-05-20 14:00:00,2015-05-21 12:00:00,-1,141
1,2015,5,20,13,-23,-81.378,-129.07,1597.8,712.6,2015-05-20 13:00:00,2015-05-21 12:00:00,-1,141
1,2015,5,20,12,-24,-81.179,-130.614,1588.1,716.3,2015-05-20 12:00:00,2015-05-21 12:00:00,-1,141
1,2015,5,22,12,0,-80.3,-81.3,1500,730.5,2015-05-22 12:00:00,2015-05-22 12:00:00,24,142
1,2015,5,22,11,-1,-80.619,-80.6,1520.8,731.3,2015-05-22 11:00:00,2015-05-22 12:00:00,-1,142
1,2015,5,22,10,-2,-80.923,-80.066,1544.2,729.4,2015-05-22 10:00:00,2015-05-22 12:00:00,-1,142
1,2015,5,22,9,-3,-81.21,-79.684,1570.3,725.3,2015-05-22 09:00:00,2015-05-22 12:00:00,-1,142
1,2015,5,22,8,-4,-81.481,-79.441,1599.6,719.7,2015-05-22 08:00:00,2015-05-22 12:00:00,-1,142
1,2015,5,22,7,-5,-81.738,-79.333,1632.5,712.7,2015-05-22 07:00:00,2015-05-22 12:00:00,-1,142
1,2015,5,22,6,-6,-81.981,-79.355,1669.1,704.6,2015-05-22 06:00:00,2015-05-22 12:00:00,-1,142
1,2015,5,22,5,-7,-82.206,-79.478,1705.7,695.3,2015-05-22 05:00:00,2015-05-22 12:00:00,-1,142
1,2015,5,22,4,-8,-82.41,-79.648,1734.7,687.4,2015-05-22 04:00:00,2015-05-22 12:00:00,-1,142
1,2015,5,22,3,-9,-82.595,-79.837,1757.8,680.2,2015-05-22 03:00:00,2015-05-22 12:00:00,-1,142
1,2015,5,22,2,-10,-82.762,-80.025,1775.4,674,2015-05-22 02:00:00,2015-05-22 12:00:00,-1,142
1,2015,5,22,1,-11,-82.912,-80.181,1787.7,668.9,2015-05-22 01:00:00,2015-05-22 12:00:00,-1,142
1,2015,5,22,0,-12,-83.048,-80.273,1795.6,665,2015-05-22,2015-05-22 12:00:00,-1,142
1,2015,5,21,23,-13,-83.176,-80.369,1800.9,662,2015-05-21 23:00:00,2015-05-22 12:00:00,-1,142
1,2015,5,21,22,-14,-83.298,-80.56,1804.8,658.3,2015-05-21 22:00:00,2015-05-22 12:00:00,-1,142
1,2015,5,21,21,-15,-83.417,-80.86,1807.2,654.4,2015-05-21 21:00:00,2015-05-22 12:00:00,-1,142
1,2015,5,21,20,-16,-83.532,-81.281,1807.7,650,2015-05-21 20:00:00,2015-05-22 12:00:00,-1,142
1,2015,5,21,19,-17,-83.645,-81.844,1806.2,645.4,2015-05-21 19:00:00,2015-05-22 12:00:00,-1,142
1,2015,5,21,18,-18,-83.754,-82.569,1802.4,640.3,2015-05-21 18:00:00,2015-05-22 12:00:00,-1,142
1,2015,5,21,17,-19,-83.853,-83.503,1795.6,634.5,2015-05-21 17:00:00,2015-05-22 12:00:00,-1,142
1,2015,5,21,16,-20,-83.936,-84.685,1785.4,628.1,2015-05-21 16:00:00,2015-05-22 12:00:00,-1,142
1,2015,5,21,15,-21,-84.001,-86.114,1772.1,621.5,2015-05-21 15:00:00,2015-05-22 12:00:00,-1,142
1,2015,5,21,14,-22,-84.045,-87.792,1754.8,614.8,2015-05-21 14:00:00,2015-05-22 12:00:00,-1,142
1,2015,5,21,13,-23,-84.065,-89.725,1731.5,607.8,2015-05-21 13:00:00,2015-05-22 12:00:00,-1,142
1,2015,5,21,12,-24,-84.055,-91.897,1703.2,602.3,2015-05-21 12:00:00,2015-05-22 12:00:00,-1,142
1,2015,5,23,12,0,-80.3,-81.3,1500,726.9,2015-05-23 12:00:00,2015-05-23 12:00:00,24,143
1,2015,5,23,11,-1,-80.632,-81.475,1515.3,718.8,2015-05-23 11:00:00,2015-05-23 12:00:00,-1,143
1,2015,5,23,10,-2,-80.948,-81.699,1531.5,710.4,2015-05-23 10:00:00,2015-05-23 12:00:00,-1,143
1,2015,5,23,9,-3,-81.249,-82.002,1548.1,701.5,2015-05-23 09:00:00,2015-05-23 12:00:00,-1,143
1,2015,5,23,8,-4,-81.536,-82.413,1564.4,692,2015-05-23 08:00:00,2015-05-23 12:00:00,-1,143
1,2015,5,23,7,-5,-81.809,-82.962,1579.9,681.8,2015-05-23 07:00:00,2015-05-23 12:00:00,-1,143
1,2015,5,23,6,-6,-82.067,-83.667,1594.2,670.9,2015-05-23 06:00:00,2015-05-23 12:00:00,-1,143
1,2015,5,23,5,-7,-82.309,-84.492,1609.1,660.1,2015-05-23 05:00:00,2015-05-23 12:00:00,-1,143
1,2015,5,23,4,-8,-82.536,-85.395,1626.8,649,2015-05-23 04:00:00,2015-05-23 12:00:00,-1,143
1,2015,5,23,3,-9,-82.753,-86.391,1647.6,638.3,2015-05-23 03:00:00,2015-05-23 12:00:00,-1,143
1,2015,5,23,2,-10,-82.962,-87.49,1671.2,627.4,2015-05-23 02:00:00,2015-05-23 12:00:00,-1,143
1,2015,5,23,1,-11,-83.164,-88.71,1697.6,617.3,2015-05-23 01:00:00,2015-05-23 12:00:00,-1,143
1,2015,5,23,0,-12,-83.361,-90.065,1725.8,607.4,2015-05-23,2015-05-23 12:00:00,-1,143
1,2015,5,22,23,-13,-83.554,-91.608,1757.7,598.8,2015-05-22 23:00:00,2015-05-23 12:00:00,-1,143
1,2015,5,22,22,-14,-83.745,-93.403,1792.5,590.6,2015-05-22 22:00:00,2015-05-23 12:00:00,-1,143
1,2015,5,22,21,-15,-83.929,-95.48,1830.7,583.2,2015-05-22 21:00:00,2015-05-23 12:00:00,-1,143
1,2015,5,22,20,-16,-84.104,-97.869,1871.9,577.4,2015-05-22 20:00:00,2015-05-23 12:00:00,-1,143
1,2015,5,22,19,-17,-84.264,-100.606,1914.5,573.4,2015-05-22 19:00:00,2015-05-23 12:00:00,-1,143
1,2015,5,22,18,-18,-84.403,-103.723,1958.4,571.6,2015-05-22 18:00:00,2015-05-23 12:00:00,-1,143
1,2015,5,22,17,-19,-84.511,-107.092,1997.2,572.1,2015-05-22 17:00:00,2015-05-23 12:00:00,-1,143
1,2015,5,22,16,-20,-84.583,-110.53,2025.1,577.1,2015-05-22 16:00:00,2015-05-23 12:00:00,-1,143
1,2015,5,22,15,-21,-84.618,-113.978,2045.3,584.6,2015-05-22 15:00:00,2015-05-23 12:00:00,-1,143
1,2015,5,22,14,-22,-84.62,-117.388,2057.8,594,2015-05-22 14:00:00,2015-05-23 12:00:00,-1,143
1,2015,5,22,13,-23,-84.593,-120.704,2065,605.9,2015-05-22 13:00:00,2015-05-23 12:00:00,-1,143
1,2015,5,22,12,-24,-84.541,-123.847,2066.9,618.4,2015-05-22 12:00:00,2015-05-23 12:00:00,-1,143
1,2015,5,24,12,0,-80.3,-81.3,1500,732,2015-05-24 12:00:00,2015-05-24 12:00:00,24,144
1,2015,5,24,11,-1,-80.609,-82.435,1547.6,710.3,2015-05-24 11:00:00,2015-05-24 12:00:00,-1,144
1,2015,5,24,10,-2,-80.914,-83.729,1588.2,688.7,2015-05-24 10:00:00,2015-05-24 12:00:00,-1,144
1,2015,5,24,9,-3,-81.208,-85.227,1621.5,666.9,2015-05-24 09:00:00,2015-05-24 12:00:00,-1,144
1,2015,5,24,8,-4,-81.484,-86.963,1646.4,644.9,2015-05-24 08:00:00,2015-05-24 12:00:00,-1,144
1,2015,5,24,7,-5,-81.738,-88.959,1664.1,625.2,2015-05-24 07:00:00,2015-05-24 12:00:00,-1,144
1,2015,5,24,6,-6,-81.965,-91.226,1673.9,608.1,2015-05-24 06:00:00,2015-05-24 12:00:00,-1,144
1,2015,5,24,5,-7,-82.175,-93.669,1681.5,594.2,2015-05-24 05:00:00,2015-05-24 12:00:00,-1,144
1,2015,5,24,4,-8,-82.382,-96.17,1689.9,584.6,2015-05-24 04:00:00,2015-05-24 12:00:00,-1,144
1,2015,5,24,3,-9,-82.585,-98.714,1699.4,579.7,2015-05-24 03:00:00,2015-05-24 12:00:00,-1,144
1,2015,5,24,2,-10,-82.788,-101.231,1711.9,579.5,2015-05-24 02:00:00,2015-05-24 12:00:00,-1,144
1,2015,5,24,1,-11,-82.989,-103.678,1726.3,582.3,2015-05-24 01:00:00,2015-05-24 12:00:00,-1,144
1,2015,5,24,0,-12,-83.194,-106.04,1742.5,586.9,2015-05-24,2015-05-24 12:00:00,-1,144
1,2015,5,23,23,-13,-83.397,-108.37,1763.1,592.6,2015-05-23 23:00:00,2015-05-24 12:00:00,-1,144
1,2015,5,23,22,-14,-83.591,-110.739,1791.7,598.7,2015-05-23 22:00:00,2015-05-24 12:00:00,-1,144
1,2015,5,23,21,-15,-83.778,-113.16,1827.7,604.9,2015-05-23 21:00:00,2015-05-24 12:00:00,-1,144
1,2015,5,23,20,-16,-83.957,-115.663,1872.1,610.8,2015-05-23 20:00:00,2015-05-24 12:00:00,-1,144
1,2015,5,23,19,-17,-84.125,-118.268,1925.4,617,2015-05-23 19:00:00,2015-05-24 12:00:00,-1,144
1,2015,5,23,18,-18,-84.282,-121.005,1985.6,621.9,2015-05-23 18:00:00,2015-05-24 12:00:00,-1,144
1,2015,5,23,17,-19,-84.431,-123.895,2050.1,624.8,2015-05-23 17:00:00,2015-05-24 12:00:00,-1,144
1,2015,5,23,16,-20,-84.578,-126.97,2117.8,627.2,2015-05-23 16:00:00,2015-05-24 12:00:00,-1,144
1,2015,5,23,15,-21,-84.726,-130.268,2187,628.7,2015-05-23 15:00:00,2015-05-24 12:00:00,-1,144
1,2015,5,23,14,-22,-84.873,-133.884,2257.4,628.9,2015-05-23 14:00:00,2015-05-24 12:00:00,-1,144
1,2015,5,23,13,-23,-85.015,-137.944,2328.1,627.9,2015-05-23 13:00:00,2015-05-24 12:00:00,-1,144
1,2015,5,23,12,-24,-85.139,-142.655,2393.5,623.7,2015-05-23 12:00:00,2015-05-24 12:00:00,-1,144
1,2015,5,25,12,0,-80.3,-81.3,1500,734,2015-05-25 12:00:00,2015-05-25 12:00:00,24,145
1,2015,5,25,11,-1,-80.637,-83.177,1561.1,702.6,2015-05-25 11:00:00,2015-05-25 12:00:00,-1,145
1,2015,5,25,10,-2,-80.966,-85.354,1612.8,671.7,2015-05-25 10:00:00,2015-05-25 12:00:00,-1,145
1,2015,5,25,9,-3,-81.275,-87.895,1651.9,640.4,2015-05-25 09:00:00,2015-05-25 12:00:00,-1,145
1,2015,5,25,8,-4,-81.546,-90.88,1679.2,613.6,2015-05-25 08:00:00,2015-05-25 12:00:00,-1,145
1,2015,5,25,7,-5,-81.758,-94.363,1696.5,593.2,2015-05-25 07:00:00,2015-05-25 12:00:00,-1,145
1,2015,5,25,6,-6,-81.888,-98.316,1706.6,582.2,2015-05-25 06:00:00,2015-05-25 12:00:00,-1,145
1,2015,5,25,5,-7,-81.929,-102.575,1715.6,581.8,2015-05-25 05:00:00,2015-05-25 12:00:00,-1,145
1,2015,5,25,4,-8,-81.882,-106.945,1727.2,592.2,2015-05-25 04:00:00,2015-05-25 12:00:00,-1,145
1,2015,5,25,3,-9,-81.756,-111.21,1738,610.2,2015-05-25 03:00:00,2015-05-25 12:00:00,-1,145
1,2015,5,25,2,-10,-81.558,-115.213,1741.8,630.9,2015-05-25 02:00:00,2015-05-25 12:00:00,-1,145
1,2015,5,25,1,-11,-81.3,-118.871,1732.7,650.8,2015-05-25 01:00:00,2015-05-25 12:00:00,-1,145
1,2015,5,25,0,-12,-80.993,-122.163,1706.2,666.3,2015-05-25,2015-05-25 12:00:00,-1,145
1,2015,5,24,23,-13,-80.637,-125.111,1660.3,676,2015-05-24 23:00:00,2015-05-25 12:00:00,-1,145
1,2015,5,24,22,-14,-80.232,-127.729,1599.6,681.8,2015-05-24 22:00:00,2015-05-25 12:00:00,-1,145
1,2015,5,24,21,-15,-79.782,-130.068,1525.8,684.2,2015-05-24 21:00:00,2015-05-25 12:00:00,-1,145
1,2015,5,24,20,-16,-79.303,-132.036,1442,687.3,2015-05-24 20:00:00,2015-05-25 12:00:00,-1,145
1,2015,5,24,19,-17,-78.8,-133.652,1350,691.8,2015-05-24 19:00:00,2015-05-25 12:00:00,-1,145
1,2015,5,24,18,-18,-78.279,-134.98,1251.2,697.8,2015-05-24 18:00:00,2015-05-25 12:00:00,-1,145
1,2015,5,24,17,-19,-77.743,-136.046,1150.7,705.7,2015-05-24 17:00:00,2015-05-25 12:00:00,-1,145
1,2015,5,24,16,-20,-77.207,-136.798,1064.7,727.2,2015-05-24 16:00:00,2015-05-25 12:00:00,-1,145
1,2015,5,24,15,-21,-76.688,-137.202,994.8,756.8,2015-05-24 15:00:00,2015-05-25 12:00:00,-1,145
1,2015,5,24,14,-22,-76.191,-137.302,933.8,782.5,2015-05-24 14:00:00,2015-05-25 12:00:00,-1,145
1,2015,5,24,13,-23,-75.714,-137.163,878.7,805.4,2015-05-24 13:00:00,2015-05-25 12:00:00,-1,145
1,2015,5,24,12,-24,-75.253,-136.827,828,826.5,2015-05-24 12:00:00,2015-05-25 12:00:00,-1,145
1,2015,5,26,12,0,-80.3,-81.3,1500,727.3,2015-05-26 12:00:00,2015-05-26 12:00:00,24,146
1,2015,5,26,11,-1,-80.164,-83.773,1507.6,701.6,2015-05-26 11:00:00,2015-05-26 12:00:00,-1,146
1,2015,5,26,10,-2,-80.012,-86.417,1509.4,672.5,2015-05-26 10:00:00,2015-05-26 12:00:00,-1,146
1,2015,5,26,9,-3,-79.831,-89.101,1504.5,646.1,2015-05-26 09:00:00,2015-05-26 12:00:00,-1,146
1,2015,5,26,8,-4,-79.619,-91.753,1493.7,629.5,2015-05-26 08:00:00,2015-05-26 12:00:00,-1,146
1,2015,5,26,7,-5,-79.375,-94.34,1477.5,622.5,2015-05-26 07:00:00,2015-05-26 12:00:00,-1,146
1,2015,5,26,6,-6,-79.087,-96.817,1455.4,624.3,2015-05-26 06:00:00,2015-05-26 12:00:00,-1,146
1,2015,5,26,5,-7,-78.754,-99.098,1427,635,2015-05-26 05:00:00,2015-05-26 12:00:00,-1,146
1,2015,5,26,4,-8,-78.383,-101.126,1389.7,651.4,2015-05-26 04:00:00,2015-05-26 12:00:00,-1,146
1,2015,5,26,3,-9,-77.982,-102.898,1340.8,670.9,2015-05-26 03:00:00,2015-05-26 12:00:00,-1,146
1,2015,5,26,2,-10,-77.554,-104.412,1276.4,692.1,2015-05-26 02:00:00,2015-05-26 12:00:00,-1,146
1,2015,5,26,1,-11,-77.118,-105.639,1199,719.4,2015-05-26 01:00:00,2015-05-26 12:00:00,-1,146
1,2015,5,26,0,-12,-76.697,-106.534,1110.8,746.5,2015-05-26,2015-05-26 12:00:00,-1,146
1,2015,5,25,23,-13,-76.3,-107.112,1016.9,773.9,2015-05-25 23:00:00,2015-05-26 12:00:00,-1,146
1,2015,5,25,22,-14,-75.928,-107.421,921.1,800.9,2015-05-25 22:00:00,2015-05-26 12:00:00,-1,146
1,2015,5,25,21,-15,-75.576,-107.487,824.6,826.9,2015-05-25 21:00:00,2015-05-26 12:00:00,-1,146
1,2015,5,25,20,-16,-75.241,-107.33,729.8,852.8,2015-05-25 20:00:00,2015-05-26 12:00:00,-1,146
1,2015,5,25,19,-17,-74.925,-106.985,639.6,876.8,2015-05-25 19:00:00,2015-05-26 12:00:00,-1,146
1,2015,5,25,18,-18,-74.623,-106.539,559,892.2,2015-05-25 18:00:00,2015-05-26 12:00:00,-1,146
1,2015,5,25,17,-19,-74.333,-106.081,492.4,905.5,2015-05-25 17:00:00,2015-05-26 12:00:00,-1,146
1,2015,5,25,16,-20,-74.053,-105.638,438.2,917.6,2015-05-25 16:00:00,2015-05-26 12:00:00,-1,146
1,2015,5,25,15,-21,-73.783,-105.203,394.6,928.6,2015-05-25 15:00:00,2015-05-26 12:00:00,-1,146
1,2015,5,25,14,-22,-73.525,-104.774,359.7,937.3,2015-05-25 14:00:00,2015-05-26 12:00:00,-1,146
1,2015,5,25,13,-23,-73.281,-104.352,331.7,944.8,2015-05-25 13:00:00,2015-05-26 12:00:00,-1,146
1,2015,5,25,12,-24,-73.055,-103.937,309.4,951.8,2015-05-25 12:00:00,2015-05-26 12:00:00,-1,146
1,2015,5,27,12,0,-80.3,-81.3,1500,727.1,2015-05-27 12:00:00,2015-05-27 12:00:00,24,147
1,2015,5,27,11,-1,-80.536,-82.1,1520.5,712.6,2015-05-27 11:00:00,2015-05-27 12:00:00,-1,147
1,2015,5,27,10,-2,-80.741,-82.868,1537.8,700,2015-05-27 10:00:00,2015-05-27 12:00:00,-1,147
1,2015,5,27,9,-3,-80.914,-83.604,1553,688.6,2015-05-27 09:00:00,2015-05-27 12:00:00,-1,147
1,2015,5,27,8,-4,-81.058,-84.31,1566.9,678.3,2015-05-27 08:00:00,2015-05-27 12:00:00,-1,147
1,2015,5,27,7,-5,-81.174,-84.992,1580.1,668.7,2015-05-27 07:00:00,2015-05-27 12:00:00,-1,147
1,2015,5,27,6,-6,-81.263,-85.658,1593,659.8,2015-05-27 06:00:00,2015-05-27 12:00:00,-1,147
1,2015,5,27,5,-7,-81.321,-86.321,1601.4,651.5,2015-05-27 05:00:00,2015-05-27 12:00:00,-1,147
1,2015,5,27,4,-8,-81.346,-86.997,1601.5,644.5,2015-05-27 04:00:00,2015-05-27 12:00:00,-1,147
1,2015,5,27,3,-9,-81.34,-87.7,1594.4,638.4,2015-05-27 03:00:00,2015-05-27 12:00:00,-1,147
1,2015,5,27,2,-10,-81.303,-88.44,1580.9,633.3,2015-05-27 02:00:00,2015-05-27 12:00:00,-1,147
1,2015,5,27,1,-11,-81.235,-89.225,1560.9,628.5,2015-05-27 01:00:00,2015-05-27 12:00:00,-1,147
1,2015,5,27,0,-12,-81.136,-90.058,1534.9,623.9,2015-05-27,2015-05-27 12:00:00,-1,147
1,2015,5,26,23,-13,-81.003,-90.981,1506.3,621.3,2015-05-26 23:00:00,2015-05-27 12:00:00,-1,147
1,2015,5,26,22,-14,-80.831,-92.029,1475.5,617.6,2015-05-26 22:00:00,2015-05-27 12:00:00,-1,147
1,2015,5,26,21,-15,-80.614,-93.188,1443.6,614.2,2015-05-26 21:00:00,2015-05-27 12:00:00,-1,147
1,2015,5,26,20,-16,-80.352,-94.443,1410.4,611.1,2015-05-26 20:00:00,2015-05-27 12:00:00,-1,147
1,2015,5,26,19,-17,-80.041,-95.769,1376.9,609.8,2015-05-26 19:00:00,2015-05-27 12:00:00,-1,147
1,2015,5,26,18,-18,-79.686,-97.124,1348.5,616.2,2015-05-26 18:00:00,2015-05-27 12:00:00,-1,147
1,2015,5,26,17,-19,-79.317,-98.542,1321.9,625.7,2015-05-26 17:00:00,2015-05-27 12:00:00,-1,147
1,2015,5,26,16,-20,-78.956,-100.057,1294.6,637.3,2015-05-26 16:00:00,2015-05-27 12:00:00,-1,147
1,2015,5,26,15,-21,-78.599,-101.634,1264.4,652.6,2015-05-26 15:00:00,2015-05-27 12:00:00,-1,147
1,2015,5,26,14,-22,-78.242,-103.241,1227.7,669.4,2015-05-26 14:00:00,2015-05-27 12:00:00,-1,147
1,2015,5,26,13,-23,-77.882,-104.828,1182.4,686.5,2015-05-26 13:00:00,2015-05-27 12:00:00,-1,147
1,2015,5,26,12,-24,-77.519,-106.319,1128.1,702.7,2015-05-26 12:00:00,2015-05-27 12:00:00,-1,147
1,2015,5,28,12,0,-80.3,-81.3,1500,730.3,2015-05-28 12:00:00,2015-05-28 12:00:00,24,148
1,2015,5,28,11,-1,-80.826,-80.821,1555.5,722.2,2015-05-28 11:00:00,2015-05-28 12:00:00,-1,148
1,2015,5,28,10,-2,-81.324,-80.216,1604.9,715.8,2015-05-28 10:00:00,2015-05-28 12:00:00,-1,148
1,2015,5,28,9,-3,-81.793,-79.458,1649.2,710.6,2015-05-28 09:00:00,2015-05-28 12:00:00,-1,148
1,2015,5,28,8,-4,-82.231,-78.532,1690.5,706.4,2015-05-28 08:00:00,2015-05-28 12:00:00,-1,148
1,2015,5,28,7,-5,-82.636,-77.434,1730.7,702.7,2015-05-28 07:00:00,2015-05-28 12:00:00,-1,148
1,2015,5,28,6,-6,-83.006,-76.162,1770.6,698.5,2015-05-28 06:00:00,2015-05-28 12:00:00,-1,148
1,2015,5,28,5,-7,-83.342,-74.698,1809.8,694.3,2015-05-28 05:00:00,2015-05-28 12:00:00,-1,148
1,2015,5,28,4,-8,-83.646,-73.005,1842.4,689.9,2015-05-28 04:00:00,2015-05-28 12:00:00,-1,148
1,2015,5,28,3,-9,-83.918,-71.044,1869,685.2,2015-05-28 03:00:00,2015-05-28 12:00:00,-1,148
1,2015,5,28,2,-10,-84.156,-68.783,1889.1,680.2,2015-05-28 02:00:00,2015-05-28 12:00:00,-1,148
1,2015,5,28,1,-11,-84.359,-66.217,1902.9,674.9,2015-05-28 01:00:00,2015-05-28 12:00:00,-1,148
1,2015,5,28,0,-12,-84.523,-63.341,1908.7,669.2,2015-05-28,2015-05-28 12:00:00,-1,148
1,2015,5,27,23,-13,-84.645,-60.267,1910,663.1,2015-05-27 23:00:00,2015-05-28 12:00:00,-1,148
1,2015,5,27,22,-14,-84.72,-57.163,1908.2,655.2,2015-05-27 22:00:00,2015-05-28 12:00:00,-1,148
1,2015,5,27,21,-15,-84.752,-54.163,1906.1,647.5,2015-05-27 21:00:00,2015-05-28 12:00:00,-1,148
1,2015,5,27,20,-16,-84.743,-51.386,1905,640.3,2015-05-27 20:00:00,2015-05-28 12:00:00,-1,148
1,2015,5,27,19,-17,-84.699,-48.925,1906.3,634.1,2015-05-27 19:00:00,2015-05-28 12:00:00,-1,148
1,2015,5,27,18,-18,-84.622,-46.85,1910.4,629.2,2015-05-27 18:00:00,2015-05-28 12:00:00,-1,148
1,2015,5,27,17,-19,-84.516,-45.239,1910.9,627.2,2015-05-27 17:00:00,2015-05-28 12:00:00,-1,148
1,2015,5,27,16,-20,-84.39,-44.089,1901.9,627.7,2015-05-27 16:00:00,2015-05-28 12:00:00,-1,148
1,2015,5,27,15,-21,-84.248,-43.312,1884.1,631.4,2015-05-27 15:00:00,2015-05-28 12:00:00,-1,148
1,2015,5,27,14,-22,-84.093,-42.842,1858.5,637.5,2015-05-27 14:00:00,2015-05-28 12:00:00,-1,148
1,2015,5,27,13,-23,-83.924,-42.619,1826.2,645.5,2015-05-27 13:00:00,2015-05-28 12:00:00,-1,148
1,2015,5,27,12,-24,-83.742,-42.591,1788.4,655.3,2015-05-27 12:00:00,2015-05-28 12:00:00,-1,148
1,2015,5,29,12,0,-80.3,-81.3,1500,733.9,2015-05-29 12:00:00,2015-05-29 12:00:00,24,149
1,2015,5,29,11,-1,-80.665,-82.087,1547.5,715.7,2015-05-29 11:00:00,2015-05-29 12:00:00,-1,149
1,2015,5,29,10,-2,-81.018,-82.974,1591.1,697.7,2015-05-29 10:00:00,2015-05-29 12:00:00,-1,149
1,2015,5,29,9,-3,-81.356,-83.939,1631.3,680.3,2015-05-29 09:00:00,2015-05-29 12:00:00,-1,149
1,2015,5,29,8,-4,-81.68,-84.969,1669.5,663.5,2015-05-29 08:00:00,2015-05-29 12:00:00,-1,149
1,2015,5,29,7,-5,-81.99,-86.047,1706.8,647.5,2015-05-29 07:00:00,2015-05-29 12:00:00,-1,149
1,2015,5,29,6,-6,-82.286,-87.153,1744.5,632.5,2015-05-29 06:00:00,2015-05-29 12:00:00,-1,149
1,2015,5,29,5,-7,-82.575,-88.293,1782.4,619.2,2015-05-29 05:00:00,2015-05-29 12:00:00,-1,149
1,2015,5,29,4,-8,-82.86,-89.485,1819.5,608.6,2015-05-29 04:00:00,2015-05-29 12:00:00,-1,149
1,2015,5,29,3,-9,-83.139,-90.72,1855.2,600.1,2015-05-29 03:00:00,2015-05-29 12:00:00,-1,149
1,2015,5,29,2,-10,-83.409,-91.988,1890.5,592.8,2015-05-29 02:00:00,2015-05-29 12:00:00,-1,149
1,2015,5,29,1,-11,-83.673,-93.275,1927.3,587,2015-05-29 01:00:00,2015-05-29 12:00:00,-1,149
1,2015,5,29,0,-12,-83.93,-94.566,1966.6,582.2,2015-05-29,2015-05-29 12:00:00,-1,149
1,2015,5,28,23,-13,-84.188,-95.86,2009.9,577.6,2015-05-28 23:00:00,2015-05-29 12:00:00,-1,149
1,2015,5,28,22,-14,-84.456,-97.177,2059.8,573.2,2015-05-28 22:00:00,2015-05-29 12:00:00,-1,149
1,2015,5,28,21,-15,-84.733,-98.546,2117,569.5,2015-05-28 21:00:00,2015-05-29 12:00:00,-1,149
1,2015,5,28,20,-16,-85.02,-100.009,2182.2,564.9,2015-05-28 20:00:00,2015-05-29 12:00:00,-1,149
1,2015,5,28,19,-17,-85.317,-101.677,2251.2,555.2,2015-05-28 19:00:00,2015-05-29 12:00:00,-1,149
1,2015,5,28,18,-18,-85.624,-103.696,2328.7,545.7,2015-05-28 18:00:00,2015-05-29 12:00:00,-1,149
1,2015,5,28,17,-19,-85.929,-106.241,2406.2,536.2,2015-05-28 17:00:00,2015-05-29 12:00:00,-1,149
1,2015,5,28,16,-20,-86.217,-109.485,2473.2,528.4,2015-05-28 16:00:00,2015-05-29 12:00:00,-1,149
1,2015,5,28,15,-21,-86.48,-113.487,2533.5,523.3,2015-05-28 15:00:00,2015-05-29 12:00:00,-1,149
1,2015,5,28,14,-22,-86.712,-118.287,2585.5,518,2015-05-28 14:00:00,2015-05-29 12:00:00,-1,149
1,2015,5,28,13,-23,-86.909,-123.912,2632.4,513.5,2015-05-28 13:00:00,2015-05-29 12:00:00,-1,149
1,2015,5,28,12,-24,-87.063,-130.301,2674.9,508.2,2015-05-28 12:00:00,2015-05-29 12:00:00,-1,149
1,2015,5,30,12,0,-80.3,-81.3,1500,728.3,2015-05-30 12:00:00,2015-05-30 12:00:00,24,150
1,2015,5,30,11,-1,-80.737,-82,1567.7,707.3,2015-05-30 11:00:00,2015-05-30 12:00:00,-1,150
1,2015,5,30,10,-2,-81.171,-82.805,1620.6,688.1,2015-05-30 10:00:00,2015-05-30 12:00:00,-1,150
1,2015,5,30,9,-3,-81.6,-83.759,1661.7,669.6,2015-05-30 09:00:00,2015-05-30 12:00:00,-1,150
1,2015,5,30,8,-4,-82.025,-84.906,1694.8,651.2,2015-05-30 08:00:00,2015-05-30 12:00:00,-1,150
1,2015,5,30,7,-5,-82.449,-86.274,1724.2,632.9,2015-05-30 07:00:00,2015-05-30 12:00:00,-1,150
1,2015,5,30,6,-6,-82.873,-87.843,1755.5,617.2,2015-05-30 06:00:00,2015-05-30 12:00:00,-1,150
1,2015,5,30,5,-7,-83.292,-89.629,1789.9,604.4,2015-05-30 05:00:00,2015-05-30 12:00:00,-1,150
1,2015,5,30,4,-8,-83.709,-91.737,1827.4,593.6,2015-05-30 04:00:00,2015-05-30 12:00:00,-1,150
1,2015,5,30,3,-9,-84.117,-94.251,1868.1,584.9,2015-05-30 03:00:00,2015-05-30 12:00:00,-1,150
1,2015,5,30,2,-10,-84.514,-97.25,1913.9,578.8,2015-05-30 02:00:00,2015-05-30 12:00:00,-1,150
1,2015,5,30,1,-11,-84.898,-100.808,1965.5,574.4,2015-05-30 01:00:00,2015-05-30 12:00:00,-1,150
1,2015,5,30,0,-12,-85.263,-104.952,2018,567.4,2015-05-30,2015-05-30 12:00:00,-1,150
1,2015,5,29,23,-13,-85.583,-109.611,2070.3,562.8,2015-05-29 23:00:00,2015-05-30 12:00:00,-1,150
1,2015,5,29,22,-14,-85.843,-114.789,2119.7,561.2,2015-05-29 22:00:00,2015-05-30 12:00:00,-1,150
1,2015,5,29,21,-15,-86.039,-120.427,2164.9,562.3,2015-05-29 21:00:00,2015-05-30 12:00:00,-1,150
1,2015,5,29,20,-16,-86.172,-126.35,2203.6,565.2,2015-05-29 20:00:00,2015-05-30 12:00:00,-1,150
1,2015,5,29,19,-17,-86.25,-132.331,2235.9,568.2,2015-05-29 19:00:00,2015-05-30 12:00:00,-1,150
1,2015,5,29,18,-18,-86.277,-138.24,2262.1,571.2,2015-05-29 18:00:00,2015-05-30 12:00:00,-1,150
1,2015,5,29,17,-19,-86.262,-144.037,2279.5,574.2,2015-05-29 17:00:00,2015-05-30 12:00:00,-1,150
1,2015,5,29,16,-20,-86.205,-149.671,2284.7,577.5,2015-05-29 16:00:00,2015-05-30 12:00:00,-1,150
1,2015,5,29,15,-21,-86.109,-155.011,2278.9,581.9,2015-05-29 15:00:00,2015-05-30 12:00:00,-1,150
1,2015,5,29,14,-22,-85.976,-159.948,2260.8,586.9,2015-05-29 14:00:00,2015-05-30 12:00:00,-1,150
1,2015,5,29,13,-23,-85.811,-164.475,2231.8,592.1,2015-05-29 13:00:00,2015-05-30 12:00:00,-1,150
1,2015,5,29,12,-24,-85.618,-168.615,2193.8,598.2,2015-05-29 12:00:00,2015-05-30 12:00:00,-1,150
1,2015,5,31,12,0,-80.3,-81.3,1500,731.8,2015-05-31 12:00:00,2015-05-31 12:00:00,24,151
1,2015,5,31,11,-1,-80.675,-82.199,1577.4,709,2015-05-31 11:00:00,2015-05-31 12:00:00,-1,151
1,2015,5,31,10,-2,-81.036,-83.141,1652.8,687.1,2015-05-31 10:00:00,2015-05-31 12:00:00,-1,151
1,2015,5,31,9,-3,-81.38,-84.162,1727.1,665.3,2015-05-31 09:00:00,2015-05-31 12:00:00,-1,151
1,2015,5,31,8,-4,-81.705,-85.293,1801.3,644.1,2015-05-31 08:00:00,2015-05-31 12:00:00,-1,151
1,2015,5,31,7,-5,-82.011,-86.548,1875.8,623.5,2015-05-31 07:00:00,2015-05-31 12:00:00,-1,151
1,2015,5,31,6,-6,-82.298,-87.939,1951.8,603.7,2015-05-31 06:00:00,2015-05-31 12:00:00,-1,151
1,2015,5,31,5,-7,-82.592,-89.515,2028.1,585.2,2015-05-31 05:00:00,2015-05-31 12:00:00,-1,151
1,2015,5,31,4,-8,-82.915,-91.306,2101.8,570.5,2015-05-31 04:00:00,2015-05-31 12:00:00,-1,151
1,2015,5,31,3,-9,-83.268,-93.307,2173.1,558.5,2015-05-31 03:00:00,2015-05-31 12:00:00,-1,151
1,2015,5,31,2,-10,-83.643,-95.536,2244.7,549,2015-05-31 02:00:00,2015-05-31 12:00:00,-1,151
1,2015,5,31,1,-11,-84.035,-98.031,2318,542.2,2015-05-31 01:00:00,2015-05-31 12:00:00,-1,151
1,2015,5,31,0,-12,-84.44,-100.856,2394.5,537.4,2015-05-31,2015-05-31 12:00:00,-1,151
1,2015,5,30,23,-13,-84.844,-104.096,2472.1,534.6,2015-05-30 23:00:00,2015-05-31 12:00:00,-1,151
1,2015,5,30,22,-14,-85.234,-107.787,2537.1,530,2015-05-30 22:00:00,2015-05-31 12:00:00,-1,151
1,2015,5,30,21,-15,-85.602,-111.742,2593.9,525.1,2015-05-30 21:00:00,2015-05-31 12:00:00,-1,151
1,2015,5,30,20,-16,-85.943,-115.932,2643.6,520.7,2015-05-30 20:00:00,2015-05-31 12:00:00,-1,151
1,2015,5,30,19,-17,-86.259,-120.396,2687.7,516.6,2015-05-30 19:00:00,2015-05-31 12:00:00,-1,151
1,2015,5,30,18,-18,-86.556,-125.2,2724.9,511.3,2015-05-30 18:00:00,2015-05-31 12:00:00,-1,151
1,2015,5,30,17,-19,-86.832,-130.549,2755.5,503.9,2015-05-30 17:00:00,2015-05-31 12:00:00,-1,151
1,2015,5,30,16,-20,-87.08,-136.705,2784,493.3,2015-05-30 16:00:00,2015-05-31 12:00:00,-1,151
1,2015,5,30,15,-21,-87.294,-143.715,2810.6,481.2,2015-05-30 15:00:00,2015-05-31 12:00:00,-1,151
1,2015,5,30,14,-22,-87.464,-151.462,2837.3,467.8,2015-05-30 14:00:00,2015-05-31 12:00:00,-1,151
1,2015,5,30,13,-23,-87.587,-159.488,2872.4,457.5,2015-05-30 13:00:00,2015-05-31 12:00:00,-1,151
1,2015,5,30,12,-24,-87.668,-167.4,2911.5,448.2,2015-05-30 12:00:00,2015-05-31 12:00:00,-1,151
1,2015,6,1,12,0,-80.3,-81.3,1500,727.7,2015-06-01 12:00:00,2015-06-01 12:00:00,24,152
1,2015,6,1,11,-1,-80.863,-82.708,1555.2,700.2,2015-06-01 11:00:00,2015-06-01 12:00:00,-1,152
1,2015,6,1,10,-2,-81.415,-84.297,1612.7,672.4,2015-06-01 10:00:00,2015-06-01 12:00:00,-1,152
1,2015,6,1,9,-3,-81.943,-86.16,1672.2,644.8,2015-06-01 09:00:00,2015-06-01 12:00:00,-1,152
1,2015,6,1,8,-4,-82.443,-88.376,1735,618.8,2015-06-01 08:00:00,2015-06-01 12:00:00,-1,152
1,2015,6,1,7,-5,-82.901,-90.967,1803.1,597.9,2015-06-01 07:00:00,2015-06-01 12:00:00,-1,152
1,2015,6,1,6,-6,-83.308,-93.915,1875.7,581.9,2015-06-01 06:00:00,2015-06-01 12:00:00,-1,152
1,2015,6,1,5,-7,-83.667,-97.206,1947.2,570.9,2015-06-01 05:00:00,2015-06-01 12:00:00,-1,152
1,2015,6,1,4,-8,-83.985,-100.778,2013.1,565.1,2015-06-01 04:00:00,2015-06-01 12:00:00,-1,152
1,2015,6,1,3,-9,-84.258,-104.625,2073,564.5,2015-06-01 03:00:00,2015-06-01 12:00:00,-1,152
1,2015,6,1,2,-10,-84.483,-108.701,2129.6,567.4,2015-06-01 02:00:00,2015-06-01 12:00:00,-1,152
1,2015,6,1,1,-11,-84.66,-112.936,2182.5,572.7,2015-06-01 01:00:00,2015-06-01 12:00:00,-1,152
1,2015,6,1,0,-12,-84.79,-117.266,2234.9,579.9,2015-06-01,2015-06-01 12:00:00,-1,152
1,2015,5,31,23,-13,-84.877,-121.612,2284.6,588.9,2015-05-31 23:00:00,2015-06-01 12:00:00,-1,152
1,2015,5,31,22,-14,-84.927,-125.859,2325.6,598.3,2015-05-31 22:00:00,2015-06-01 12:00:00,-1,152
1,2015,5,31,21,-15,-84.944,-129.931,2359.5,609,2015-05-31 21:00:00,2015-06-01 12:00:00,-1,152
1,2015,5,31,20,-16,-84.936,-133.775,2384.6,617.3,2015-05-31 20:00:00,2015-06-01 12:00:00,-1,152
1,2015,5,31,19,-17,-84.906,-137.395,2401.6,625.3,2015-05-31 19:00:00,2015-06-01 12:00:00,-1,152
1,2015,5,31,18,-18,-84.861,-140.788,2413.1,633,2015-05-31 18:00:00,2015-06-01 12:00:00,-1,152
1,2015,5,31,17,-19,-84.801,-143.963,2420.4,638.8,2015-05-31 17:00:00,2015-06-01 12:00:00,-1,152
1,2015,5,31,16,-20,-84.723,-146.939,2427.5,642.8,2015-05-31 16:00:00,2015-06-01 12:00:00,-1,152
1,2015,5,31,15,-21,-84.631,-149.745,2434.3,646.7,2015-05-31 15:00:00,2015-06-01 12:00:00,-1,152
1,2015,5,31,14,-22,-84.53,-152.4,2440.2,649.7,2015-05-31 14:00:00,2015-06-01 12:00:00,-1,152
1,2015,5,31,13,-23,-84.421,-154.93,2444.7,651.8,2015-05-31 13:00:00,2015-06-01 12:00:00,-1,152
1,2015,5,31,12,-24,-84.306,-157.374,2450,654.5,2015-05-31 12:00:00,2015-06-01 12:00:00,-1,152
1,2015,6,2,12,0,-80.3,-81.3,1500,721.8,2015-06-02 12:00:00,2015-06-02 12:00:00,24,153
1,2015,6,2,11,-1,-80.807,-82.116,1571.6,698.9,2015-06-02 11:00:00,2015-06-02 12:00:00,-1,153
1,2015,6,2,10,-2,-81.323,-82.861,1635.5,678.6,2015-06-02 10:00:00,2015-06-02 12:00:00,-1,153
1,2015,6,2,9,-3,-81.839,-83.59,1692.5,659.7,2015-06-02 09:00:00,2015-06-02 12:00:00,-1,153
1,2015,6,2,8,-4,-82.353,-84.357,1742.8,642,2015-06-02 08:00:00,2015-06-02 12:00:00,-1,153
1,2015,6,2,7,-5,-82.861,-85.108,1789.2,627.9,2015-06-02 07:00:00,2015-06-02 12:00:00,-1,153
1,2015,6,2,6,-6,-83.355,-85.711,1832.4,617.5,2015-06-02 06:00:00,2015-06-02 12:00:00,-1,153
1,2015,6,2,5,-7,-83.827,-86.119,1869,609.8,2015-06-02 05:00:00,2015-06-02 12:00:00,-1,153
1,2015,6,2,4,-8,-84.276,-86.331,1896.9,604.6,2015-06-02 04:00:00,2015-06-02 12:00:00,-1,153
1,2015,6,2,3,-9,-84.703,-86.322,1917.4,601.1,2015-06-02 03:00:00,2015-06-02 12:00:00,-1,153
1,2015,6,2,2,-10,-85.109,-86.012,1930.3,597.4,2015-06-02 02:00:00,2015-06-02 12:00:00,-1,153
1,2015,6,2,1,-11,-85.491,-85.182,1936.2,590.8,2015-06-02 01:00:00,2015-06-02 12:00:00,-1,153
1,2015,6,2,0,-12,-85.846,-83.627,1942.2,586,2015-06-02,2015-06-02 12:00:00,-1,153
1,2015,6,1,23,-13,-86.156,-81.274,1949.8,582.6,2015-06-01 23:00:00,2015-06-02 12:00:00,-1,153
1,2015,6,1,22,-14,-86.408,-78.148,1959.7,579.2,2015-06-01 22:00:00,2015-06-02 12:00:00,-1,153
1,2015,6,1,21,-15,-86.598,-74.341,1972,577.1,2015-06-01 21:00:00,2015-06-02 12:00:00,-1,153
1,2015,6,1,20,-16,-86.723,-70.008,1985.7,574.3,2015-06-01 20:00:00,2015-06-02 12:00:00,-1,153
1,2015,6,1,19,-17,-86.783,-65.415,2000.3,571.6,2015-06-01 19:00:00,2015-06-02 12:00:00,-1,153
1,2015,6,1,18,-18,-86.779,-60.824,2016.9,569.6,2015-06-01 18:00:00,2015-06-02 12:00:00,-1,153
1,2015,6,1,17,-19,-86.718,-56.593,2031.2,567.8,2015-06-01 17:00:00,2015-06-02 12:00:00,-1,153
1,2015,6,1,16,-20,-86.614,-53.015,2042.7,566.9,2015-06-01 16:00:00,2015-06-02 12:00:00,-1,153
1,2015,6,1,15,-21,-86.475,-50.15,2048.4,566.9,2015-06-01 15:00:00,2015-06-02 12:00:00,-1,153
1,2015,6,1,14,-22,-86.311,-47.982,2050,568.7,2015-06-01 14:00:00,2015-06-02 12:00:00,-1,153
1,2015,6,1,13,-23,-86.129,-46.451,2047.1,571.2,2015-06-01 13:00:00,2015-06-02 12:00:00,-1,153
1,2015,6,1,12,-24,-85.934,-45.474,2040.5,574.5,2015-06-01 12:00:00,2015-06-02 12:00:00,-1,153
1,2015,6,3,12,0,-80.3,-81.3,1500,732.1,2015-06-03 12:00:00,2015-06-03 12:00:00,24,154
1,2015,6,3,11,-1,-80.536,-81.29,1543.8,724,2015-06-03 11:00:00,2015-06-03 12:00:00,-1,154
1,2015,6,3,10,-2,-80.77,-81.19,1582.3,717.5,2015-06-03 10:00:00,2015-06-03 12:00:00,-1,154
1,2015,6,3,9,-3,-81,-80.974,1614.8,712.9,2015-06-03 09:00:00,2015-06-03 12:00:00,-1,154
1,2015,6,3,8,-4,-81.224,-80.616,1640.4,710.4,2015-06-03 08:00:00,2015-06-03 12:00:00,-1,154
1,2015,6,3,7,-5,-81.439,-80.082,1658.4,710.2,2015-06-03 07:00:00,2015-06-03 12:00:00,-1,154
1,2015,6,3,6,-6,-81.64,-79.346,1667.3,712,2015-06-03 06:00:00,2015-06-03 12:00:00,-1,154
1,2015,6,3,5,-7,-81.826,-78.464,1670.4,715.5,2015-06-03 05:00:00,2015-06-03 12:00:00,-1,154
1,2015,6,3,4,-8,-81.995,-77.498,1671.6,719.4,2015-06-03 04:00:00,2015-06-03 12:00:00,-1,154
1,2015,6,3,3,-9,-82.145,-76.441,1670.7,723.5,2015-06-03 03:00:00,2015-06-03 12:00:00,-1,154
1,2015,6,3,2,-10,-82.279,-75.287,1668.5,728.8,2015-06-03 02:00:00,2015-06-03 12:00:00,-1,154
1,2015,6,3,1,-11,-82.395,-74.023,1663.8,733.6,2015-06-03 01:00:00,2015-06-03 12:00:00,-1,154
1,2015,6,3,0,-12,-82.493,-72.638,1657.5,739.2,2015-06-03,2015-06-03 12:00:00,-1,154
1,2015,6,2,23,-13,-82.578,-71.162,1646.9,742.7,2015-06-02 23:00:00,2015-06-03 12:00:00,-1,154
1,2015,6,2,22,-14,-82.654,-69.626,1633.3,746.3,2015-06-02 22:00:00,2015-06-03 12:00:00,-1,154
1,2015,6,2,21,-15,-82.719,-68.019,1616.7,749.2,2015-06-02 21:00:00,2015-06-03 12:00:00,-1,154
1,2015,6,2,20,-16,-82.769,-66.339,1597.5,751,2015-06-02 20:00:00,2015-06-03 12:00:00,-1,154
1,2015,6,2,19,-17,-82.801,-64.6,1577,752.2,2015-06-02 19:00:00,2015-06-03 12:00:00,-1,154
1,2015,6,2,18,-18,-82.811,-62.824,1555.7,753.2,2015-06-02 18:00:00,2015-06-03 12:00:00,-1,154
1,2015,6,2,17,-19,-82.801,-61.075,1535.8,753.8,2015-06-02 17:00:00,2015-06-03 12:00:00,-1,154
1,2015,6,2,16,-20,-82.774,-59.41,1519.8,754.2,2015-06-02 16:00:00,2015-06-03 12:00:00,-1,154
1,2015,6,2,15,-21,-82.728,-57.845,1505.6,754.5,2015-06-02 15:00:00,2015-06-03 12:00:00,-1,154
1,2015,6,2,14,-22,-82.665,-56.406,1492.4,754.3,2015-06-02 14:00:00,2015-06-03 12:00:00,-1,154
1,2015,6,2,13,-23,-82.586,-55.111,1479.3,754.8,2015-06-02 13:00:00,2015-06-03 12:00:00,-1,154
1,2015,6,2,12,-24,-82.491,-53.968,1465.5,756.4,2015-06-02 12:00:00,2015-06-03 12:00:00,-1,154
1,2015,6,4,12,0,-80.3,-81.3,1500,736.3,2015-06-04 12:00:00,2015-06-04 12:00:00,24,155
1,2015,6,4,11,-1,-80.38,-82.935,1526.6,714.4,2015-06-04 11:00:00,2015-06-04 12:00:00,-1,155
1,2015,6,4,10,-2,-80.448,-84.576,1548,693.2,2015-06-04 10:00:00,2015-06-04 12:00:00,-1,155
1,2015,6,4,9,-3,-80.5,-86.204,1564.4,673.3,2015-06-04 09:00:00,2015-06-04 12:00:00,-1,155
1,2015,6,4,8,-4,-80.535,-87.806,1575.2,655.2,2015-06-04 08:00:00,2015-06-04 12:00:00,-1,155
1,2015,6,4,7,-5,-80.552,-89.386,1580.6,639.8,2015-06-04 07:00:00,2015-06-04 12:00:00,-1,155
1,2015,6,4,6,-6,-80.548,-90.949,1581.4,627.6,2015-06-04 06:00:00,2015-06-04 12:00:00,-1,155
1,2015,6,4,5,-7,-80.519,-92.495,1577.8,617.1,2015-06-04 05:00:00,2015-06-04 12:00:00,-1,155
1,2015,6,4,4,-8,-80.458,-94.004,1573.3,609.9,2015-06-04 04:00:00,2015-06-04 12:00:00,-1,155
1,2015,6,4,3,-9,-80.362,-95.461,1565.5,604,2015-06-04 03:00:00,2015-06-04 12:00:00,-1,155
1,2015,6,4,2,-10,-80.232,-96.859,1554.3,600.4,2015-06-04 02:00:00,2015-06-04 12:00:00,-1,155
1,2015,6,4,1,-11,-80.068,-98.196,1538.6,599.1,2015-06-04 01:00:00,2015-06-04 12:00:00,-1,155
1,2015,6,4,0,-12,-79.874,-99.472,1518.8,602.8,2015-06-04,2015-06-04 12:00:00,-1,155
1,2015,6,3,23,-13,-79.661,-100.694,1497.6,611,2015-06-03 23:00:00,2015-06-04 12:00:00,-1,155
1,2015,6,3,22,-14,-79.441,-101.865,1477.7,620.3,2015-06-03 22:00:00,2015-06-04 12:00:00,-1,155
1,2015,6,3,21,-15,-79.212,-102.986,1458.6,630.3,2015-06-03 21:00:00,2015-06-04 12:00:00,-1,155
1,2015,6,3,20,-16,-78.976,-104.056,1440.2,640.8,2015-06-03 20:00:00,2015-06-04 12:00:00,-1,155
1,2015,6,3,19,-17,-78.733,-105.074,1422.1,651.3,2015-06-03 19:00:00,2015-06-04 12:00:00,-1,155
1,2015,6,3,18,-18,-78.484,-106.043,1404.3,661.3,2015-06-03 18:00:00,2015-06-04 12:00:00,-1,155
1,2015,6,3,17,-19,-78.232,-106.989,1385.1,670.9,2015-06-03 17:00:00,2015-06-04 12:00:00,-1,155
1,2015,6,3,16,-20,-77.974,-107.937,1363.2,680,2015-06-03 16:00:00,2015-06-04 12:00:00,-1,155
1,2015,6,3,15,-21,-77.706,-108.887,1337.2,688,2015-06-03 15:00:00,2015-06-04 12:00:00,-1,155
1,2015,6,3,14,-22,-77.422,-109.833,1307.6,697.2,2015-06-03 14:00:00,2015-06-04 12:00:00,-1,155
1,2015,6,3,13,-23,-77.126,-110.741,1275,709.6,2015-06-03 13:00:00,2015-06-04 12:00:00,-1,155
1,2015,6,3,12,-24,-76.824,-111.585,1237.7,722.7,2015-06-03 12:00:00,2015-06-04 12:00:00,-1,155
1,2015,6,5,12,0,-80.3,-81.3,1500,733.7,2015-06-05 12:00:00,2015-06-05 12:00:00,24,156
1,2015,6,5,11,-1,-80.334,-82.77,1499.7,717.3,2015-06-05 11:00:00,2015-06-05 12:00:00,-1,156
1,2015,6,5,10,-2,-80.331,-84.215,1501.6,700.8,2015-06-05 10:00:00,2015-06-05 12:00:00,-1,156
1,2015,6,5,9,-3,-80.291,-85.603,1506.2,685,2015-06-05 09:00:00,2015-06-05 12:00:00,-1,156
1,2015,6,5,8,-4,-80.217,-86.909,1514,670,2015-06-05 08:00:00,2015-06-05 12:00:00,-1,156
1,2015,6,5,7,-5,-80.112,-88.112,1526.3,657.1,2015-06-05 07:00:00,2015-06-05 12:00:00,-1,156
1,2015,6,5,6,-6,-79.977,-89.198,1544.7,645.8,2015-06-05 06:00:00,2015-06-05 12:00:00,-1,156
1,2015,6,5,5,-7,-79.819,-90.257,1561.1,635.7,2015-06-05 05:00:00,2015-06-05 12:00:00,-1,156
1,2015,6,5,4,-8,-79.644,-91.375,1564.9,629.6,2015-06-05 04:00:00,2015-06-05 12:00:00,-1,156
1,2015,6,5,3,-9,-79.448,-92.533,1554,625.4,2015-06-05 03:00:00,2015-06-05 12:00:00,-1,156
1,2015,6,5,2,-10,-79.231,-93.713,1530.2,626.3,2015-06-05 02:00:00,2015-06-05 12:00:00,-1,156
1,2015,6,5,1,-11,-78.99,-94.898,1491,629.8,2015-06-05 01:00:00,2015-06-05 12:00:00,-1,156
1,2015,6,5,0,-12,-78.725,-96.068,1438.9,638.3,2015-06-05,2015-06-05 12:00:00,-1,156
1,2015,6,4,23,-13,-78.436,-97.159,1381.8,649.5,2015-06-04 23:00:00,2015-06-05 12:00:00,-1,156
1,2015,6,4,22,-14,-78.127,-98.108,1329.9,662,2015-06-04 22:00:00,2015-06-05 12:00:00,-1,156
1,2015,6,4,21,-15,-77.796,-98.911,1279.9,676.1,2015-06-04 21:00:00,2015-06-05 12:00:00,-1,156
1,2015,6,4,20,-16,-77.448,-99.559,1229.9,691.9,2015-06-04 20:00:00,2015-06-05 12:00:00,-1,156
1,2015,6,4,19,-17,-77.094,-100.023,1180.1,711.4,2015-06-04 19:00:00,2015-06-05 12:00:00,-1,156
1,2015,6,4,18,-18,-76.752,-100.289,1128.4,730.7,2015-06-04 18:00:00,2015-06-05 12:00:00,-1,156
1,2015,6,4,17,-19,-76.428,-100.393,1072.5,749.6,2015-06-04 17:00:00,2015-06-05 12:00:00,-1,156
1,2015,6,4,16,-20,-76.125,-100.378,1011.5,768.3,2015-06-04 16:00:00,2015-06-05 12:00:00,-1,156
1,2015,6,4,15,-21,-75.842,-100.263,946.2,786.8,2015-06-04 15:00:00,2015-06-05 12:00:00,-1,156
1,2015,6,4,14,-22,-75.576,-100.071,877.6,804.5,2015-06-04 14:00:00,2015-06-05 12:00:00,-1,156
1,2015,6,4,13,-23,-75.327,-99.82,807.2,821,2015-06-04 13:00:00,2015-06-05 12:00:00,-1,156
1,2015,6,4,12,-24,-75.092,-99.532,736.3,837.1,2015-06-04 12:00:00,2015-06-05 12:00:00,-1,156
1,2015,6,6,12,0,-80.3,-81.3,1500,723,2015-06-06 12:00:00,2015-06-06 12:00:00,24,157
1,2015,6,6,11,-1,-80.31,-82.381,1515.3,709.5,2015-06-06 11:00:00,2015-06-06 12:00:00,-1,157
1,2015,6,6,10,-2,-80.308,-83.424,1526.1,697.2,2015-06-06 10:00:00,2015-06-06 12:00:00,-1,157
1,2015,6,6,9,-3,-80.299,-84.41,1533.8,685.8,2015-06-06 09:00:00,2015-06-06 12:00:00,-1,157
1,2015,6,6,8,-4,-80.285,-85.324,1539.3,675.3,2015-06-06 08:00:00,2015-06-06 12:00:00,-1,157
1,2015,6,6,7,-5,-80.268,-86.154,1543.8,665.9,2015-06-06 07:00:00,2015-06-06 12:00:00,-1,157
1,2015,6,6,6,-6,-80.249,-86.891,1547.8,657.7,2015-06-06 06:00:00,2015-06-06 12:00:00,-1,157
1,2015,6,6,5,-7,-80.226,-87.629,1550.5,649.9,2015-06-06 05:00:00,2015-06-06 12:00:00,-1,157
1,2015,6,6,4,-8,-80.193,-88.465,1549.5,642.8,2015-06-06 04:00:00,2015-06-06 12:00:00,-1,157
1,2015,6,6,3,-9,-80.148,-89.393,1543.6,635,2015-06-06 03:00:00,2015-06-06 12:00:00,-1,157
1,2015,6,6,2,-10,-80.086,-90.402,1531.8,627.6,2015-06-06 02:00:00,2015-06-06 12:00:00,-1,157
1,2015,6,6,1,-11,-80.006,-91.474,1513,621.4,2015-06-06 01:00:00,2015-06-06 12:00:00,-1,157
1,2015,6,6,0,-12,-79.906,-92.592,1485.7,616.8,2015-06-06,2015-06-06 12:00:00,-1,157
1,2015,6,5,23,-13,-79.78,-93.64,1458.3,616.9,2015-06-05 23:00:00,2015-06-06 12:00:00,-1,157
1,2015,6,5,22,-14,-79.622,-94.51,1435.9,617.8,2015-06-05 22:00:00,2015-06-06 12:00:00,-1,157
1,2015,6,5,21,-15,-79.434,-95.196,1417.9,620.4,2015-06-05 21:00:00,2015-06-06 12:00:00,-1,157
1,2015,6,5,20,-16,-79.216,-95.696,1403.6,625.1,2015-06-05 20:00:00,2015-06-06 12:00:00,-1,157
1,2015,6,5,19,-17,-78.971,-96.014,1391.4,630.8,2015-06-05 19:00:00,2015-06-06 12:00:00,-1,157
1,2015,6,5,18,-18,-78.698,-96.159,1380.5,637.5,2015-06-05 18:00:00,2015-06-06 12:00:00,-1,157
1,2015,6,5,17,-19,-78.408,-96.252,1364.9,644.7,2015-06-05 17:00:00,2015-06-06 12:00:00,-1,157
1,2015,6,5,16,-20,-78.111,-96.403,1338.8,653.7,2015-06-05 16:00:00,2015-06-06 12:00:00,-1,157
1,2015,6,5,15,-21,-77.804,-96.595,1301.9,664.2,2015-06-05 15:00:00,2015-06-06 12:00:00,-1,157
1,2015,6,5,14,-22,-77.483,-96.816,1254.4,676.6,2015-06-05 14:00:00,2015-06-06 12:00:00,-1,157
1,2015,6,5,13,-23,-77.148,-97.054,1199.4,694.1,2015-06-05 13:00:00,2015-06-06 12:00:00,-1,157
1,2015,6,5,12,-24,-76.799,-97.282,1137.1,712.9,2015-06-05 12:00:00,2015-06-06 12:00:00,-1,157
1,2015,6,7,12,0,-80.3,-81.3,1500,717,2015-06-07 12:00:00,2015-06-07 12:00:00,24,158
1,2015,6,7,11,-1,-80.184,-80.349,1482.4,731.2,2015-06-07 11:00:00,2015-06-07 12:00:00,-1,158
1,2015,6,7,10,-2,-80.094,-79.504,1466.9,743.3,2015-06-07 10:00:00,2015-06-07 12:00:00,-1,158
1,2015,6,7,9,-3,-80.023,-78.771,1454.5,753.3,2015-06-07 09:00:00,2015-06-07 12:00:00,-1,158
1,2015,6,7,8,-4,-79.966,-78.148,1445.3,760.8,2015-06-07 08:00:00,2015-06-07 12:00:00,-1,158
1,2015,6,7,7,-5,-79.916,-77.635,1439.9,766.4,2015-06-07 07:00:00,2015-06-07 12:00:00,-1,158
1,2015,6,7,6,-6,-79.867,-77.234,1438,769.8,2015-06-07 06:00:00,2015-06-07 12:00:00,-1,158
1,2015,6,7,5,-7,-79.821,-76.991,1437.5,771.8,2015-06-07 05:00:00,2015-06-07 12:00:00,-1,158
1,2015,6,7,4,-8,-79.783,-76.946,1434.8,772.8,2015-06-07 04:00:00,2015-06-07 12:00:00,-1,158
1,2015,6,7,3,-9,-79.753,-77.089,1430.5,772.4,2015-06-07 03:00:00,2015-06-07 12:00:00,-1,158
1,2015,6,7,2,-10,-79.728,-77.42,1424.4,770.8,2015-06-07 02:00:00,2015-06-07 12:00:00,-1,158
1,2015,6,7,1,-11,-79.704,-77.944,1415.4,766.7,2015-06-07 01:00:00,2015-06-07 12:00:00,-1,158
1,2015,6,7,0,-12,-79.679,-78.674,1403.3,760.5,2015-06-07,2015-06-07 12:00:00,-1,158
1,2015,6,6,23,-13,-79.647,-79.534,1391.8,753.4,2015-06-06 23:00:00,2015-06-07 12:00:00,-1,158
1,2015,6,6,22,-14,-79.605,-80.431,1384,744.9,2015-06-06 22:00:00,2015-06-07 12:00:00,-1,158
1,2015,6,6,21,-15,-79.551,-81.353,1379.6,735.5,2015-06-06 21:00:00,2015-06-07 12:00:00,-1,158
1,2015,6,6,20,-16,-79.482,-82.283,1379.1,725.7,2015-06-06 20:00:00,2015-06-07 12:00:00,-1,158
1,2015,6,6,19,-17,-79.398,-83.203,1382.3,716,2015-06-06 19:00:00,2015-06-07 12:00:00,-1,158
1,2015,6,6,18,-18,-79.3,-84.102,1389.4,706.4,2015-06-06 18:00:00,2015-06-07 12:00:00,-1,158
1,2015,6,6,17,-19,-79.193,-84.977,1398,696.6,2015-06-06 17:00:00,2015-06-07 12:00:00,-1,158
1,2015,6,6,16,-20,-79.081,-85.834,1405.8,687.1,2015-06-06 16:00:00,2015-06-07 12:00:00,-1,158
1,2015,6,6,15,-21,-78.97,-86.67,1414.6,678,2015-06-06 15:00:00,2015-06-07 12:00:00,-1,158
1,2015,6,6,14,-22,-78.86,-87.482,1425.3,669.2,2015-06-06 14:00:00,2015-06-07 12:00:00,-1,158
1,2015,6,6,13,-23,-78.754,-88.268,1439.9,662.8,2015-06-06 13:00:00,2015-06-07 12:00:00,-1,158
1,2015,6,6,12,-24,-78.656,-89.026,1457.8,656.5,2015-06-06 12:00:00,2015-06-07 12:00:00,-1,158
1,2015,6,8,12,0,-80.3,-81.3,1500,720.9,2015-06-08 12:00:00,2015-06-08 12:00:00,24,159
1,2015,6,8,11,-1,-80.41,-79.674,1485.1,738.6,2015-06-08 11:00:00,2015-06-08 12:00:00,-1,159
1,2015,6,8,10,-2,-80.535,-77.962,1467.1,755,2015-06-08 10:00:00,2015-06-08 12:00:00,-1,159
1,2015,6,8,9,-3,-80.674,-76.165,1444.4,769.7,2015-06-08 09:00:00,2015-06-08 12:00:00,-1,159
1,2015,6,8,8,-4,-80.82,-74.285,1416.6,783.2,2015-06-08 08:00:00,2015-06-08 12:00:00,-1,159
1,2015,6,8,7,-5,-80.968,-72.317,1383.6,795,2015-06-08 07:00:00,2015-06-08 12:00:00,-1,159
1,2015,6,8,6,-6,-81.108,-70.251,1345.8,803.4,2015-06-08 06:00:00,2015-06-08 12:00:00,-1,159
1,2015,6,8,5,-7,-81.227,-68.083,1304.5,809.1,2015-06-08 05:00:00,2015-06-08 12:00:00,-1,159
1,2015,6,8,4,-8,-81.312,-65.8,1261.3,813,2015-06-08 04:00:00,2015-06-08 12:00:00,-1,159
1,2015,6,8,3,-9,-81.354,-63.393,1218.1,814.6,2015-06-08 03:00:00,2015-06-08 12:00:00,-1,159
1,2015,6,8,2,-10,-81.344,-60.868,1177.2,814.5,2015-06-08 02:00:00,2015-06-08 12:00:00,-1,159
1,2015,6,8,1,-11,-81.275,-58.262,1140.2,813.3,2015-06-08 01:00:00,2015-06-08 12:00:00,-1,159
1,2015,6,8,0,-12,-81.143,-55.614,1109.5,811,2015-06-08,2015-06-08 12:00:00,-1,159
1,2015,6,7,23,-13,-80.961,-53.054,1090,809.2,2015-06-07 23:00:00,2015-06-08 12:00:00,-1,159
1,2015,6,7,22,-14,-80.748,-50.708,1083.6,809.6,2015-06-07 22:00:00,2015-06-08 12:00:00,-1,159
1,2015,6,7,21,-15,-80.512,-48.591,1090.6,811.7,2015-06-07 21:00:00,2015-06-08 12:00:00,-1,159
1,2015,6,7,20,-16,-80.262,-46.698,1110.6,814.6,2015-06-07 20:00:00,2015-06-08 12:00:00,-1,159
1,2015,6,7,19,-17,-80.003,-45.008,1143,817.8,2015-06-07 19:00:00,2015-06-08 12:00:00,-1,159
1,2015,6,7,18,-18,-79.743,-43.512,1183.3,817.1,2015-06-07 18:00:00,2015-06-08 12:00:00,-1,159
1,2015,6,7,17,-19,-79.488,-42.187,1230.7,815,2015-06-07 17:00:00,2015-06-08 12:00:00,-1,159
1,2015,6,7,16,-20,-79.243,-40.991,1283.1,811.2,2015-06-07 16:00:00,2015-06-08 12:00:00,-1,159
1,2015,6,7,15,-21,-79.012,-39.906,1339.5,806.5,2015-06-07 15:00:00,2015-06-08 12:00:00,-1,159
1,2015,6,7,14,-22,-78.794,-38.913,1397.9,800.6,2015-06-07 14:00:00,2015-06-08 12:00:00,-1,159
1,2015,6,7,13,-23,-78.589,-37.996,1457.4,794.9,2015-06-07 13:00:00,2015-06-08 12:00:00,-1,159
1,2015,6,7,12,-24,-78.396,-37.141,1516.6,788.6,2015-06-07 12:00:00,2015-06-08 12:00:00,-1,159
1,2015,6,9,12,0,-80.3,-81.3,1500,720.1,2015-06-09 12:00:00,2015-06-09 12:00:00,24,160
1,2015,6,9,11,-1,-80.588,-79.817,1487.5,732.9,2015-06-09 11:00:00,2015-06-09 12:00:00,-1,160
1,2015,6,9,10,-2,-80.854,-78.275,1469.3,745,2015-06-09 10:00:00,2015-06-09 12:00:00,-1,160
1,2015,6,9,9,-3,-81.099,-76.683,1446.8,756.4,2015-06-09 09:00:00,2015-06-09 12:00:00,-1,160
1,2015,6,9,8,-4,-81.327,-75.047,1421.6,767.7,2015-06-09 08:00:00,2015-06-09 12:00:00,-1,160
1,2015,6,9,7,-5,-81.536,-73.361,1393,776.4,2015-06-09 07:00:00,2015-06-09 12:00:00,-1,160
1,2015,6,9,6,-6,-81.728,-71.611,1363.3,783.8,2015-06-09 06:00:00,2015-06-09 12:00:00,-1,160
1,2015,6,9,5,-7,-81.909,-69.742,1333.6,790.1,2015-06-09 05:00:00,2015-06-09 12:00:00,-1,160
1,2015,6,9,4,-8,-82.085,-67.676,1304.4,795,2015-06-09 04:00:00,2015-06-09 12:00:00,-1,160
1,2015,6,9,3,-9,-82.247,-65.367,1276.2,796.9,2015-06-09 03:00:00,2015-06-09 12:00:00,-1,160
1,2015,6,9,2,-10,-82.387,-62.779,1251.3,797.6,2015-06-09 02:00:00,2015-06-09 12:00:00,-1,160
1,2015,6,9,1,-11,-82.498,-59.886,1229.6,795.3,2015-06-09 01:00:00,2015-06-09 12:00:00,-1,160
1,2015,6,9,0,-12,-82.564,-56.698,1210.9,788.1,2015-06-09,2015-06-09 12:00:00,-1,160
1,2015,6,8,23,-13,-82.572,-53.294,1197.9,780.7,2015-06-08 23:00:00,2015-06-09 12:00:00,-1,160
1,2015,6,8,22,-14,-82.507,-49.818,1190.4,774.4,2015-06-08 22:00:00,2015-06-09 12:00:00,-1,160
1,2015,6,8,21,-15,-82.372,-46.401,1186.5,766.2,2015-06-08 21:00:00,2015-06-09 12:00:00,-1,160
1,2015,6,8,20,-16,-82.165,-43.137,1187.8,760.9,2015-06-08 20:00:00,2015-06-09 12:00:00,-1,160
1,2015,6,8,19,-17,-81.89,-40.084,1194.1,758.8,2015-06-08 19:00:00,2015-06-09 12:00:00,-1,160
1,2015,6,8,18,-18,-81.552,-37.266,1205.9,759,2015-06-08 18:00:00,2015-06-09 12:00:00,-1,160
1,2015,6,8,17,-19,-81.162,-34.716,1221,760,2015-06-08 17:00:00,2015-06-09 12:00:00,-1,160
1,2015,6,8,16,-20,-80.723,-32.467,1243.6,759.9,2015-06-08 16:00:00,2015-06-09 12:00:00,-1,160
1,2015,6,8,15,-21,-80.244,-30.529,1276.9,756.5,2015-06-08 15:00:00,2015-06-09 12:00:00,-1,160
1,2015,6,8,14,-22,-79.747,-28.911,1316.8,746.1,2015-06-08 14:00:00,2015-06-09 12:00:00,-1,160
1,2015,6,8,13,-23,-79.25,-27.567,1358.6,731.9,2015-06-08 13:00:00,2015-06-09 12:00:00,-1,160
1,2015,6,8,12,-24,-78.765,-26.43,1406,716.8,2015-06-08 12:00:00,2015-06-09 12:00:00,-1,160
1,2015,6,10,12,0,-80.3,-81.3,1500,722.9,2015-06-10 12:00:00,2015-06-10 12:00:00,24,161
1,2015,6,10,11,-1,-80.435,-80.7,1483.2,729.5,2015-06-10 11:00:00,2015-06-10 12:00:00,-1,161
1,2015,6,10,10,-2,-80.577,-80.012,1472.4,736,2015-06-10 10:00:00,2015-06-10 12:00:00,-1,161
1,2015,6,10,9,-3,-80.724,-79.238,1466.1,741.9,2015-06-10 09:00:00,2015-06-10 12:00:00,-1,161
1,2015,6,10,8,-4,-80.877,-78.38,1464.1,747.8,2015-06-10 08:00:00,2015-06-10 12:00:00,-1,161
1,2015,6,10,7,-5,-81.037,-77.437,1465.9,753.8,2015-06-10 07:00:00,2015-06-10 12:00:00,-1,161
1,2015,6,10,6,-6,-81.203,-76.406,1470.2,758.1,2015-06-10 06:00:00,2015-06-10 12:00:00,-1,161
1,2015,6,10,5,-7,-81.369,-75.253,1472.6,762.6,2015-06-10 05:00:00,2015-06-10 12:00:00,-1,161
1,2015,6,10,4,-8,-81.527,-73.936,1468.1,767.7,2015-06-10 04:00:00,2015-06-10 12:00:00,-1,161
1,2015,6,10,3,-9,-81.678,-72.423,1458.5,774.1,2015-06-10 03:00:00,2015-06-10 12:00:00,-1,161
1,2015,6,10,2,-10,-81.82,-70.673,1444.3,779.4,2015-06-10 02:00:00,2015-06-10 12:00:00,-1,161
1,2015,6,10,1,-11,-81.949,-68.64,1427.6,784.5,2015-06-10 01:00:00,2015-06-10 12:00:00,-1,161
1,2015,6,10,0,-12,-82.06,-66.283,1410.1,787.5,2015-06-10,2015-06-10 12:00:00,-1,161
1,2015,6,9,23,-13,-82.148,-63.664,1395.8,788.1,2015-06-09 23:00:00,2015-06-10 12:00:00,-1,161
1,2015,6,9,22,-14,-82.207,-60.898,1386,786,2015-06-09 22:00:00,2015-06-10 12:00:00,-1,161
1,2015,6,9,21,-15,-82.228,-58.023,1380.7,781.3,2015-06-09 21:00:00,2015-06-10 12:00:00,-1,161
1,2015,6,9,20,-16,-82.202,-55.1,1379.4,774.8,2015-06-09 20:00:00,2015-06-10 12:00:00,-1,161
1,2015,6,9,19,-17,-82.126,-52.189,1381.7,768.2,2015-06-09 19:00:00,2015-06-10 12:00:00,-1,161
1,2015,6,9,18,-18,-81.996,-49.368,1387.1,762.3,2015-06-09 18:00:00,2015-06-10 12:00:00,-1,161
1,2015,6,9,17,-19,-81.813,-46.673,1393.8,757.7,2015-06-09 17:00:00,2015-06-10 12:00:00,-1,161
1,2015,6,9,16,-20,-81.58,-44.109,1402.5,756.9,2015-06-09 16:00:00,2015-06-10 12:00:00,-1,161
1,2015,6,9,15,-21,-81.302,-41.691,1412.9,758.7,2015-06-09 15:00:00,2015-06-10 12:00:00,-1,161
1,2015,6,9,14,-22,-80.985,-39.423,1427.1,762.4,2015-06-09 14:00:00,2015-06-10 12:00:00,-1,161
1,2015,6,9,13,-23,-80.636,-37.295,1446.4,766.9,2015-06-09 13:00:00,2015-06-10 12:00:00,-1,161
1,2015,6,9,12,-24,-80.267,-35.295,1470.1,769.5,2015-06-09 12:00:00,2015-06-10 12:00:00,-1,161
1,2015,6,11,12,0,-80.3,-81.3,1500,723.6,2015-06-11 12:00:00,2015-06-11 12:00:00,24,162
1,2015,6,11,11,-1,-80.209,-81.251,1484.8,726.8,2015-06-11 11:00:00,2015-06-11 12:00:00,-1,162
1,2015,6,11,10,-2,-80.132,-81.195,1471.3,729.6,2015-06-11 10:00:00,2015-06-11 12:00:00,-1,162
1,2015,6,11,9,-3,-80.069,-81.135,1459.1,732.2,2015-06-11 09:00:00,2015-06-11 12:00:00,-1,162
1,2015,6,11,8,-4,-80.017,-81.071,1448.2,734.5,2015-06-11 08:00:00,2015-06-11 12:00:00,-1,162
1,2015,6,11,7,-5,-79.977,-81.003,1438.1,736.3,2015-06-11 07:00:00,2015-06-11 12:00:00,-1,162
1,2015,6,11,6,-6,-79.948,-80.93,1428.8,737.9,2015-06-11 06:00:00,2015-06-11 12:00:00,-1,162
1,2015,6,11,5,-7,-79.93,-80.865,1419.1,739.5,2015-06-11 05:00:00,2015-06-11 12:00:00,-1,162
1,2015,6,11,4,-8,-79.927,-80.824,1408.6,741.1,2015-06-11 04:00:00,2015-06-11 12:00:00,-1,162
1,2015,6,11,3,-9,-79.937,-80.807,1396.9,742.6,2015-06-11 03:00:00,2015-06-11 12:00:00,-1,162
1,2015,6,11,2,-10,-79.961,-80.816,1383.8,743.9,2015-06-11 02:00:00,2015-06-11 12:00:00,-1,162
1,2015,6,11,1,-11,-79.997,-80.852,1369.3,745,2015-06-11 01:00:00,2015-06-11 12:00:00,-1,162
1,2015,6,11,0,-12,-80.044,-80.913,1353.2,745.3,2015-06-11,2015-06-11 12:00:00,-1,162
1,2015,6,10,23,-13,-80.1,-80.974,1336.9,745.5,2015-06-10 23:00:00,2015-06-11 12:00:00,-1,162
1,2015,6,10,22,-14,-80.163,-81.014,1321.5,745.7,2015-06-10 22:00:00,2015-06-11 12:00:00,-1,162
1,2015,6,10,21,-15,-80.231,-81.033,1307.2,745.9,2015-06-10 21:00:00,2015-06-11 12:00:00,-1,162
1,2015,6,10,20,-16,-80.304,-81.032,1294,746.2,2015-06-10 20:00:00,2015-06-11 12:00:00,-1,162
1,2015,6,10,19,-17,-80.384,-81.009,1282.1,746.5,2015-06-10 19:00:00,2015-06-11 12:00:00,-1,162
1,2015,6,10,18,-18,-80.469,-80.966,1271.5,746.8,2015-06-10 18:00:00,2015-06-11 12:00:00,-1,162
1,2015,6,10,17,-19,-80.558,-80.869,1260.8,747.8,2015-06-10 17:00:00,2015-06-11 12:00:00,-1,162
1,2015,6,10,16,-20,-80.651,-80.688,1249.6,749.8,2015-06-10 16:00:00,2015-06-11 12:00:00,-1,162
1,2015,6,10,15,-21,-80.748,-80.419,1237.7,752.7,2015-06-10 15:00:00,2015-06-11 12:00:00,-1,162
1,2015,6,10,14,-22,-80.848,-80.06,1225.4,756.6,2015-06-10 14:00:00,2015-06-11 12:00:00,-1,162
1,2015,6,10,13,-23,-80.952,-79.608,1212.4,760.9,2015-06-10 13:00:00,2015-06-11 12:00:00,-1,162
1,2015,6,10,12,-24,-81.059,-79.067,1199,765.8,2015-06-10 12:00:00,2015-06-11 12:00:00,-1,162
1,2015,6,12,12,0,-80.3,-81.3,1500,732.2,2015-06-12 12:00:00,2015-06-12 12:00:00,24,163
1,2015,6,12,11,-1,-80.267,-80.421,1487.3,744.1,2015-06-12 11:00:00,2015-06-12 12:00:00,-1,163
1,2015,6,12,10,-2,-80.268,-79.563,1474.6,754.4,2015-06-12 10:00:00,2015-06-12 12:00:00,-1,163
1,2015,6,12,9,-3,-80.293,-78.723,1461.9,763.2,2015-06-12 09:00:00,2015-06-12 12:00:00,-1,163
1,2015,6,12,8,-4,-80.339,-77.9,1449.6,771.4,2015-06-12 08:00:00,2015-06-12 12:00:00,-1,163
1,2015,6,12,7,-5,-80.401,-77.092,1437.3,778.4,2015-06-12 07:00:00,2015-06-12 12:00:00,-1,163
1,2015,6,12,6,-6,-80.475,-76.293,1425.2,784.4,2015-06-12 06:00:00,2015-06-12 12:00:00,-1,163
1,2015,6,12,5,-7,-80.55,-75.51,1411.8,790.4,2015-06-12 05:00:00,2015-06-12 12:00:00,-1,163
1,2015,6,12,4,-8,-80.618,-74.753,1394.8,796.4,2015-06-12 04:00:00,2015-06-12 12:00:00,-1,163
1,2015,6,12,3,-9,-80.675,-74.021,1373.8,801.7,2015-06-12 03:00:00,2015-06-12 12:00:00,-1,163
1,2015,6,12,2,-10,-80.722,-73.309,1349.8,807.5,2015-06-12 02:00:00,2015-06-12 12:00:00,-1,163
1,2015,6,12,1,-11,-80.757,-72.614,1322.8,813.9,2015-06-12 01:00:00,2015-06-12 12:00:00,-1,163
1,2015,6,12,0,-12,-80.781,-71.931,1292.4,819.3,2015-06-12,2015-06-12 12:00:00,-1,163
1,2015,6,11,23,-13,-80.802,-71.282,1261.2,824.4,2015-06-11 23:00:00,2015-06-12 12:00:00,-1,163
1,2015,6,11,22,-14,-80.831,-70.684,1229.9,828.9,2015-06-11 22:00:00,2015-06-12 12:00:00,-1,163
1,2015,6,11,21,-15,-80.867,-70.134,1199.2,833.1,2015-06-11 21:00:00,2015-06-12 12:00:00,-1,163
1,2015,6,11,20,-16,-80.909,-69.628,1168.7,836.4,2015-06-11 20:00:00,2015-06-12 12:00:00,-1,163
1,2015,6,11,19,-17,-80.954,-69.163,1139,839.3,2015-06-11 19:00:00,2015-06-12 12:00:00,-1,163
1,2015,6,11,18,-18,-81.003,-68.738,1110,842.1,2015-06-11 18:00:00,2015-06-12 12:00:00,-1,163
1,2015,6,11,17,-19,-81.044,-68.333,1081.7,845.2,2015-06-11 17:00:00,2015-06-12 12:00:00,-1,163
1,2015,6,11,16,-20,-81.069,-67.928,1052.9,848.8,2015-06-11 16:00:00,2015-06-12 12:00:00,-1,163
1,2015,6,11,15,-21,-81.076,-67.528,1024.2,852.8,2015-06-11 15:00:00,2015-06-12 12:00:00,-1,163
1,2015,6,11,14,-22,-81.066,-67.139,995.4,856.3,2015-06-11 14:00:00,2015-06-12 12:00:00,-1,163
1,2015,6,11,13,-23,-81.039,-66.769,967.1,860,2015-06-11 13:00:00,2015-06-12 12:00:00,-1,163
1,2015,6,11,12,-24,-80.994,-66.428,939.6,863.9,2015-06-11 12:00:00,2015-06-12 12:00:00,-1,163
1,2015,6,13,12,0,-80.3,-81.3,1500,724.9,2015-06-13 12:00:00,2015-06-13 12:00:00,24,164
1,2015,6,13,11,-1,-80.383,-80.988,1508.6,726.7,2015-06-13 11:00:00,2015-06-13 12:00:00,-1,164
1,2015,6,13,10,-2,-80.471,-80.603,1516.3,729.3,2015-06-13 10:00:00,2015-06-13 12:00:00,-1,164
1,2015,6,13,9,-3,-80.566,-80.147,1523.1,732.6,2015-06-13 09:00:00,2015-06-13 12:00:00,-1,164
1,2015,6,13,8,-4,-80.667,-79.62,1528.5,736.1,2015-06-13 08:00:00,2015-06-13 12:00:00,-1,164
1,2015,6,13,7,-5,-80.773,-79.026,1532.4,739.9,2015-06-13 07:00:00,2015-06-13 12:00:00,-1,164
1,2015,6,13,6,-6,-80.887,-78.368,1534.9,744.3,2015-06-13 06:00:00,2015-06-13 12:00:00,-1,164
1,2015,6,13,5,-7,-81,-77.667,1534.5,748.9,2015-06-13 05:00:00,2015-06-13 12:00:00,-1,164
1,2015,6,13,4,-8,-81.108,-76.954,1528.5,753.4,2015-06-13 04:00:00,2015-06-13 12:00:00,-1,164
1,2015,6,13,3,-9,-81.212,-76.239,1518.3,758.1,2015-06-13 03:00:00,2015-06-13 12:00:00,-1,164
1,2015,6,13,2,-10,-81.316,-75.53,1504.9,763.3,2015-06-13 02:00:00,2015-06-13 12:00:00,-1,164
1,2015,6,13,1,-11,-81.422,-74.832,1488.8,768.2,2015-06-13 01:00:00,2015-06-13 12:00:00,-1,164
1,2015,6,13,0,-12,-81.532,-74.143,1470.4,772.2,2015-06-13,2015-06-13 12:00:00,-1,164
1,2015,6,12,23,-13,-81.643,-73.418,1452.5,776.6,2015-06-12 23:00:00,2015-06-13 12:00:00,-1,164
1,2015,6,12,22,-14,-81.757,-72.61,1435.8,781.2,2015-06-12 22:00:00,2015-06-13 12:00:00,-1,164
1,2015,6,12,21,-15,-81.873,-71.711,1420.2,784.6,2015-06-12 21:00:00,2015-06-13 12:00:00,-1,164
1,2015,6,12,20,-16,-81.989,-70.709,1407,788.1,2015-06-12 20:00:00,2015-06-13 12:00:00,-1,164
1,2015,6,12,19,-17,-82.108,-69.597,1396.5,791.1,2015-06-12 19:00:00,2015-06-13 12:00:00,-1,164
1,2015,6,12,18,-18,-82.227,-68.371,1389.2,793.1,2015-06-12 18:00:00,2015-06-13 12:00:00,-1,164
1,2015,6,12,17,-19,-82.341,-67.045,1384.8,794.5,2015-06-12 17:00:00,2015-06-13 12:00:00,-1,164
1,2015,6,12,16,-20,-82.445,-65.645,1381,794.7,2015-06-12 16:00:00,2015-06-13 12:00:00,-1,164
1,2015,6,12,15,-21,-82.536,-64.179,1378.8,793.9,2015-06-12 15:00:00,2015-06-13 12:00:00,-1,164
1,2015,6,12,14,-22,-82.613,-62.671,1377.9,791.9,2015-06-12 14:00:00,2015-06-13 12:00:00,-1,164
1,2015,6,12,13,-23,-82.676,-61.149,1378.6,788.3,2015-06-12 13:00:00,2015-06-13 12:00:00,-1,164
1,2015,6,12,12,-24,-82.725,-59.638,1382,784.5,2015-06-12 12:00:00,2015-06-13 12:00:00,-1,164
1,2015,6,14,12,0,-80.3,-81.3,1500,736.9,2015-06-14 12:00:00,2015-06-14 12:00:00,24,165
1,2015,6,14,11,-1,-80.25,-80.776,1499.7,742.8,2015-06-14 11:00:00,2015-06-14 12:00:00,-1,165
1,2015,6,14,10,-2,-80.214,-80.244,1495,749.6,2015-06-14 10:00:00,2015-06-14 12:00:00,-1,165
1,2015,6,14,9,-3,-80.193,-79.703,1485.2,756.5,2015-06-14 09:00:00,2015-06-14 12:00:00,-1,165
1,2015,6,14,8,-4,-80.183,-79.149,1470.4,763.4,2015-06-14 08:00:00,2015-06-14 12:00:00,-1,165
1,2015,6,14,7,-5,-80.184,-78.573,1450.8,770.9,2015-06-14 07:00:00,2015-06-14 12:00:00,-1,165
1,2015,6,14,6,-6,-80.194,-77.963,1426.6,778.9,2015-06-14 06:00:00,2015-06-14 12:00:00,-1,165
1,2015,6,14,5,-7,-80.213,-77.377,1400.5,786.7,2015-06-14 05:00:00,2015-06-14 12:00:00,-1,165
1,2015,6,14,4,-8,-80.239,-76.887,1375.4,792.3,2015-06-14 04:00:00,2015-06-14 12:00:00,-1,165
1,2015,6,14,3,-9,-80.269,-76.499,1351.5,796.8,2015-06-14 03:00:00,2015-06-14 12:00:00,-1,165
1,2015,6,14,2,-10,-80.302,-76.213,1329,800.2,2015-06-14 02:00:00,2015-06-14 12:00:00,-1,165
1,2015,6,14,1,-11,-80.339,-76.032,1308.1,802.5,2015-06-14 01:00:00,2015-06-14 12:00:00,-1,165
1,2015,6,14,0,-12,-80.377,-75.953,1289.1,803.6,2015-06-14,2015-06-14 12:00:00,-1,165
1,2015,6,13,23,-13,-80.419,-75.898,1270.7,804.5,2015-06-13 23:00:00,2015-06-14 12:00:00,-1,165
1,2015,6,13,22,-14,-80.466,-75.786,1253,805.8,2015-06-13 22:00:00,2015-06-14 12:00:00,-1,165
1,2015,6,13,21,-15,-80.517,-75.611,1235.1,807.5,2015-06-13 21:00:00,2015-06-14 12:00:00,-1,165
1,2015,6,13,20,-16,-80.572,-75.368,1217,809.8,2015-06-13 20:00:00,2015-06-14 12:00:00,-1,165
1,2015,6,13,19,-17,-80.628,-75.051,1198.3,812.6,2015-06-13 19:00:00,2015-06-14 12:00:00,-1,165
1,2015,6,13,18,-18,-80.686,-74.656,1178.5,815.6,2015-06-13 18:00:00,2015-06-14 12:00:00,-1,165
1,2015,6,13,17,-19,-80.745,-74.22,1159.1,819.5,2015-06-13 17:00:00,2015-06-14 12:00:00,-1,165
1,2015,6,13,16,-20,-80.807,-73.772,1140.2,823,2015-06-13 16:00:00,2015-06-14 12:00:00,-1,165
1,2015,6,13,15,-21,-80.873,-73.309,1122.3,826.4,2015-06-13 15:00:00,2015-06-14 12:00:00,-1,165
1,2015,6,13,14,-22,-80.941,-72.825,1105.3,829.7,2015-06-13 14:00:00,2015-06-14 12:00:00,-1,165
1,2015,6,13,13,-23,-81.01,-72.313,1089.1,832.5,2015-06-13 13:00:00,2015-06-14 12:00:00,-1,165
1,2015,6,13,12,-24,-81.08,-71.763,1073.4,834.5,2015-06-13 12:00:00,2015-06-14 12:00:00,-1,165
1,2015,6,15,12,0,-80.3,-81.3,1500,738.5,2015-06-15 12:00:00,2015-06-15 12:00:00,24,166
1,2015,6,15,11,-1,-80.248,-81.2,1503.4,740.1,2015-06-15 11:00:00,2015-06-15 12:00:00,-1,166
1,2015,6,15,10,-2,-80.211,-80.987,1507.3,742.7,2015-06-15 10:00:00,2015-06-15 12:00:00,-1,166
1,2015,6,15,9,-3,-80.192,-80.667,1511.9,746.3,2015-06-15 09:00:00,2015-06-15 12:00:00,-1,166
1,2015,6,15,8,-4,-80.192,-80.246,1517,750.8,2015-06-15 08:00:00,2015-06-15 12:00:00,-1,166
1,2015,6,15,7,-5,-80.212,-79.731,1522.4,755.7,2015-06-15 07:00:00,2015-06-15 12:00:00,-1,166
1,2015,6,15,6,-6,-80.252,-79.128,1527.7,761,2015-06-15 06:00:00,2015-06-15 12:00:00,-1,166
1,2015,6,15,5,-7,-80.304,-78.515,1531.4,766.4,2015-06-15 05:00:00,2015-06-15 12:00:00,-1,166
1,2015,6,15,4,-8,-80.356,-77.961,1532.5,771.5,2015-06-15 04:00:00,2015-06-15 12:00:00,-1,166
1,2015,6,15,3,-9,-80.407,-77.46,1530.9,776.1,2015-06-15 03:00:00,2015-06-15 12:00:00,-1,166
1,2015,6,15,2,-10,-80.454,-77.007,1526.2,779.6,2015-06-15 02:00:00,2015-06-15 12:00:00,-1,166
1,2015,6,15,1,-11,-80.495,-76.596,1518.7,783.2,2015-06-15 01:00:00,2015-06-15 12:00:00,-1,166
1,2015,6,15,0,-12,-80.53,-76.228,1508.7,786.9,2015-06-15,2015-06-15 12:00:00,-1,166
1,2015,6,14,23,-13,-80.565,-75.87,1497.1,790.2,2015-06-14 23:00:00,2015-06-15 12:00:00,-1,166
1,2015,6,14,22,-14,-80.608,-75.492,1486.1,793.4,2015-06-14 22:00:00,2015-06-15 12:00:00,-1,166
1,2015,6,14,21,-15,-80.658,-75.094,1475.1,796.5,2015-06-14 21:00:00,2015-06-15 12:00:00,-1,166
1,2015,6,14,20,-16,-80.714,-74.676,1463.8,798.9,2015-06-14 20:00:00,2015-06-15 12:00:00,-1,166
1,2015,6,14,19,-17,-80.776,-74.237,1452.7,801.1,2015-06-14 19:00:00,2015-06-15 12:00:00,-1,166
1,2015,6,14,18,-18,-80.843,-73.777,1442.1,803.3,2015-06-14 18:00:00,2015-06-15 12:00:00,-1,166
1,2015,6,14,17,-19,-80.906,-73.323,1431.2,805.5,2015-06-14 17:00:00,2015-06-15 12:00:00,-1,166
1,2015,6,14,16,-20,-80.959,-72.901,1418.7,808,2015-06-14 16:00:00,2015-06-15 12:00:00,-1,166
1,2015,6,14,15,-21,-81.002,-72.512,1404.4,810.7,2015-06-14 15:00:00,2015-06-15 12:00:00,-1,166
1,2015,6,14,14,-22,-81.034,-72.155,1387.8,813,2015-06-14 14:00:00,2015-06-15 12:00:00,-1,166
1,2015,6,14,13,-23,-81.056,-71.832,1369.1,815.6,2015-06-14 13:00:00,2015-06-15 12:00:00,-1,166
1,2015,6,14,12,-24,-81.066,-71.54,1348.5,818.6,2015-06-14 12:00:00,2015-06-15 12:00:00,-1,166
1,2015,6,16,12,0,-80.3,-81.3,1500,742.4,2015-06-16 12:00:00,2015-06-16 12:00:00,24,167
1,2015,6,16,11,-1,-80.132,-81.013,1488.8,749.2,2015-06-16 11:00:00,2015-06-16 12:00:00,-1,167
1,2015,6,16,10,-2,-79.99,-80.637,1475.5,757.1,2015-06-16 10:00:00,2015-06-16 12:00:00,-1,167
1,2015,6,16,9,-3,-79.875,-80.192,1459.4,764,2015-06-16 09:00:00,2015-06-16 12:00:00,-1,167
1,2015,6,16,8,-4,-79.784,-79.69,1441.8,771.2,2015-06-16 08:00:00,2015-06-16 12:00:00,-1,167
1,2015,6,16,7,-5,-79.717,-79.14,1422.8,778.6,2015-06-16 07:00:00,2015-06-16 12:00:00,-1,167
1,2015,6,16,6,-6,-79.673,-78.549,1402.8,786.7,2015-06-16 06:00:00,2015-06-16 12:00:00,-1,167
1,2015,6,16,5,-7,-79.648,-77.989,1383.7,794.6,2015-06-16 05:00:00,2015-06-16 12:00:00,-1,167
1,2015,6,16,4,-8,-79.636,-77.522,1367.8,801,2015-06-16 04:00:00,2015-06-16 12:00:00,-1,167
1,2015,6,16,3,-9,-79.635,-77.136,1354.5,805.6,2015-06-16 03:00:00,2015-06-16 12:00:00,-1,167
1,2015,6,16,2,-10,-79.643,-76.825,1344,809.2,2015-06-16 02:00:00,2015-06-16 12:00:00,-1,167
1,2015,6,16,1,-11,-79.658,-76.585,1336.2,812,2015-06-16 01:00:00,2015-06-16 12:00:00,-1,167
1,2015,6,16,0,-12,-79.681,-76.41,1331.2,813.9,2015-06-16,2015-06-16 12:00:00,-1,167
1,2015,6,15,23,-13,-79.715,-76.276,1327.8,815.4,2015-06-15 23:00:00,2015-06-16 12:00:00,-1,167
1,2015,6,15,22,-14,-79.764,-76.163,1323.9,817,2015-06-15 22:00:00,2015-06-16 12:00:00,-1,167
1,2015,6,15,21,-15,-79.829,-76.072,1320,818.4,2015-06-15 21:00:00,2015-06-16 12:00:00,-1,167
1,2015,6,15,20,-16,-79.909,-76.008,1316.5,819.6,2015-06-15 20:00:00,2015-06-16 12:00:00,-1,167
1,2015,6,15,19,-17,-80.005,-75.976,1313.5,820.5,2015-06-15 19:00:00,2015-06-16 12:00:00,-1,167
1,2015,6,15,18,-18,-80.113,-75.965,1310.4,818.5,2015-06-15 18:00:00,2015-06-16 12:00:00,-1,167
1,2015,6,15,17,-19,-80.221,-75.962,1308.6,816.4,2015-06-15 17:00:00,2015-06-16 12:00:00,-1,167
1,2015,6,15,16,-20,-80.319,-75.967,1308.1,814.3,2015-06-15 16:00:00,2015-06-16 12:00:00,-1,167
1,2015,6,15,15,-21,-80.406,-75.982,1308.5,812.2,2015-06-15 15:00:00,2015-06-16 12:00:00,-1,167
1,2015,6,15,14,-22,-80.485,-76.013,1309.5,810.1,2015-06-15 14:00:00,2015-06-16 12:00:00,-1,167
1,2015,6,15,13,-23,-80.554,-76.061,1311,808,2015-06-15 13:00:00,2015-06-16 12:00:00,-1,167
1,2015,6,15,12,-24,-80.615,-76.129,1312.8,805.9,2015-06-15 12:00:00,2015-06-16 12:00:00,-1,167
1,2015,6,17,12,0,-80.3,-81.3,1500,745.2,2015-06-17 12:00:00,2015-06-17 12:00:00,24,168
1,2015,6,17,11,-1,-80.175,-81.13,1488.4,750.1,2015-06-17 11:00:00,2015-06-17 12:00:00,-1,168
1,2015,6,17,10,-2,-80.067,-80.909,1475.6,755.9,2015-06-17 10:00:00,2015-06-17 12:00:00,-1,168
1,2015,6,17,9,-3,-79.976,-80.648,1461.6,761.7,2015-06-17 09:00:00,2015-06-17 12:00:00,-1,168
1,2015,6,17,8,-4,-79.902,-80.353,1446.7,767,2015-06-17 08:00:00,2015-06-17 12:00:00,-1,168
1,2015,6,17,7,-5,-79.844,-80.029,1431.7,772.7,2015-06-17 07:00:00,2015-06-17 12:00:00,-1,168
1,2015,6,17,6,-6,-79.8,-79.681,1416.2,778.1,2015-06-17 06:00:00,2015-06-17 12:00:00,-1,168
1,2015,6,17,5,-7,-79.767,-79.327,1399.2,783.3,2015-06-17 05:00:00,2015-06-17 12:00:00,-1,168
1,2015,6,17,4,-8,-79.736,-78.987,1381.3,788.7,2015-06-17 04:00:00,2015-06-17 12:00:00,-1,168
1,2015,6,17,3,-9,-79.71,-78.661,1361.8,794.1,2015-06-17 03:00:00,2015-06-17 12:00:00,-1,168
1,2015,6,17,2,-10,-79.688,-78.353,1340.7,799.5,2015-06-17 02:00:00,2015-06-17 12:00:00,-1,168
1,2015,6,17,1,-11,-79.67,-78.065,1318,804.9,2015-06-17 01:00:00,2015-06-17 12:00:00,-1,168
1,2015,6,17,0,-12,-79.656,-77.8,1293.7,810.3,2015-06-17,2015-06-17 12:00:00,-1,168
1,2015,6,16,23,-13,-79.643,-77.549,1268,815.7,2015-06-16 23:00:00,2015-06-17 12:00:00,-1,168
1,2015,6,16,22,-14,-79.63,-77.301,1240.4,820.7,2015-06-16 22:00:00,2015-06-17 12:00:00,-1,168
1,2015,6,16,21,-15,-79.615,-77.056,1211.2,825.8,2015-06-16 21:00:00,2015-06-17 12:00:00,-1,168
1,2015,6,16,20,-16,-79.597,-76.814,1180.6,831.1,2015-06-16 20:00:00,2015-06-17 12:00:00,-1,168
1,2015,6,16,19,-17,-79.575,-76.575,1148.6,836.5,2015-06-16 19:00:00,2015-06-17 12:00:00,-1,168
1,2015,6,16,18,-18,-79.55,-76.339,1115.5,842.1,2015-06-16 18:00:00,2015-06-17 12:00:00,-1,168
1,2015,6,16,17,-19,-79.526,-76.116,1083.8,848,2015-06-16 17:00:00,2015-06-17 12:00:00,-1,168
1,2015,6,16,16,-20,-79.508,-75.915,1054,853.2,2015-06-16 16:00:00,2015-06-17 12:00:00,-1,168
1,2015,6,16,15,-21,-79.495,-75.736,1027,857.9,2015-06-16 15:00:00,2015-06-17 12:00:00,-1,168
1,2015,6,16,14,-22,-79.488,-75.579,1002.6,862.1,2015-06-16 14:00:00,2015-06-17 12:00:00,-1,168
1,2015,6,16,13,-23,-79.486,-75.445,980.9,865.9,2015-06-16 13:00:00,2015-06-17 12:00:00,-1,168
1,2015,6,16,12,-24,-79.49,-75.333,961.8,869.2,2015-06-16 12:00:00,2015-06-17 12:00:00,-1,168
1,2015,6,18,12,0,-80.3,-81.3,1500,743.9,2015-06-18 12:00:00,2015-06-18 12:00:00,24,169
1,2015,6,18,11,-1,-80.162,-80.821,1501.4,751.7,2015-06-18 11:00:00,2015-06-18 12:00:00,-1,169
1,2015,6,18,10,-2,-80.054,-80.266,1504.7,760,2015-06-18 10:00:00,2015-06-18 12:00:00,-1,169
1,2015,6,18,9,-3,-79.973,-79.661,1509.5,767.2,2015-06-18 09:00:00,2015-06-18 12:00:00,-1,169
1,2015,6,18,8,-4,-79.916,-79.033,1515.7,773,2015-06-18 08:00:00,2015-06-18 12:00:00,-1,169
1,2015,6,18,7,-5,-79.88,-78.399,1524.4,778.5,2015-06-18 07:00:00,2015-06-18 12:00:00,-1,169
1,2015,6,18,6,-6,-79.865,-77.768,1535.6,783.8,2015-06-18 06:00:00,2015-06-18 12:00:00,-1,169
1,2015,6,18,5,-7,-79.866,-77.161,1545.8,788.1,2015-06-18 05:00:00,2015-06-18 12:00:00,-1,169
1,2015,6,18,4,-8,-79.872,-76.59,1551.6,792.6,2015-06-18 04:00:00,2015-06-18 12:00:00,-1,169
1,2015,6,18,3,-9,-79.883,-76.049,1553.6,797.1,2015-06-18 03:00:00,2015-06-18 12:00:00,-1,169
1,2015,6,18,2,-10,-79.9,-75.534,1552.2,801.7,2015-06-18 02:00:00,2015-06-18 12:00:00,-1,169
1,2015,6,18,1,-11,-79.92,-75.037,1547.6,806.4,2015-06-18 01:00:00,2015-06-18 12:00:00,-1,169
1,2015,6,18,0,-12,-79.944,-74.558,1539.4,810,2015-06-18,2015-06-18 12:00:00,-1,169
1,2015,6,17,23,-13,-79.976,-74.126,1530.9,814.1,2015-06-17 23:00:00,2015-06-18 12:00:00,-1,169
1,2015,6,17,22,-14,-80.026,-73.776,1522.4,816.8,2015-06-17 22:00:00,2015-06-18 12:00:00,-1,169
1,2015,6,17,21,-15,-80.088,-73.511,1514.6,818.1,2015-06-17 21:00:00,2015-06-18 12:00:00,-1,169
1,2015,6,17,20,-16,-80.163,-73.33,1508.1,818.5,2015-06-17 20:00:00,2015-06-18 12:00:00,-1,169
1,2015,6,17,19,-17,-80.247,-73.228,1503.3,818,2015-06-17 19:00:00,2015-06-18 12:00:00,-1,169
1,2015,6,17,18,-18,-80.339,-73.203,1500.2,816.7,2015-06-17 18:00:00,2015-06-18 12:00:00,-1,169
1,2015,6,17,17,-19,-80.429,-73.227,1497.2,815,2015-06-17 17:00:00,2015-06-18 12:00:00,-1,169
1,2015,6,17,16,-20,-80.507,-73.275,1491.9,813.9,2015-06-17 16:00:00,2015-06-18 12:00:00,-1,169
1,2015,6,17,15,-21,-80.574,-73.347,1484.1,813.2,2015-06-17 15:00:00,2015-06-18 12:00:00,-1,169
1,2015,6,17,14,-22,-80.63,-73.438,1473.9,812.8,2015-06-17 14:00:00,2015-06-18 12:00:00,-1,169
1,2015,6,17,13,-23,-80.676,-73.547,1461,812.9,2015-06-17 13:00:00,2015-06-18 12:00:00,-1,169
1,2015,6,17,12,-24,-80.714,-73.673,1445.3,813.4,2015-06-17 12:00:00,2015-06-18 12:00:00,-1,169
1,2015,6,19,12,0,-80.3,-81.3,1500,742.8,2015-06-19 12:00:00,2015-06-19 12:00:00,24,170
1,2015,6,19,11,-1,-80.361,-80.49,1487.2,752.2,2015-06-19 11:00:00,2015-06-19 12:00:00,-1,170
1,2015,6,19,10,-2,-80.436,-79.669,1472.9,761.2,2015-06-19 10:00:00,2015-06-19 12:00:00,-1,170
1,2015,6,19,9,-3,-80.523,-78.843,1457.3,769.4,2015-06-19 09:00:00,2015-06-19 12:00:00,-1,170
1,2015,6,19,8,-4,-80.624,-78.013,1441.3,777.4,2015-06-19 08:00:00,2015-06-19 12:00:00,-1,170
1,2015,6,19,7,-5,-80.736,-77.178,1425,784.8,2015-06-19 07:00:00,2015-06-19 12:00:00,-1,170
1,2015,6,19,6,-6,-80.858,-76.338,1408.6,791.7,2015-06-19 06:00:00,2015-06-19 12:00:00,-1,170
1,2015,6,19,5,-7,-80.984,-75.486,1391.5,798.6,2015-06-19 05:00:00,2015-06-19 12:00:00,-1,170
1,2015,6,19,4,-8,-81.106,-74.612,1373.5,804.5,2015-06-19 04:00:00,2015-06-19 12:00:00,-1,170
1,2015,6,19,3,-9,-81.224,-73.705,1354.6,809.2,2015-06-19 03:00:00,2015-06-19 12:00:00,-1,170
1,2015,6,19,2,-10,-81.34,-72.755,1335.8,814.4,2015-06-19 02:00:00,2015-06-19 12:00:00,-1,170
1,2015,6,19,1,-11,-81.453,-71.752,1316.5,818.6,2015-06-19 01:00:00,2015-06-19 12:00:00,-1,170
1,2015,6,19,0,-12,-81.564,-70.688,1297.8,822.6,2015-06-19,2015-06-19 12:00:00,-1,170
1,2015,6,18,23,-13,-81.675,-69.634,1280.8,825.7,2015-06-18 23:00:00,2015-06-19 12:00:00,-1,170
1,2015,6,18,22,-14,-81.785,-68.675,1266.4,827.1,2015-06-18 22:00:00,2015-06-19 12:00:00,-1,170
1,2015,6,18,21,-15,-81.895,-67.823,1255.4,828.2,2015-06-18 21:00:00,2015-06-19 12:00:00,-1,170
1,2015,6,18,20,-16,-82.004,-67.081,1247.6,828.1,2015-06-18 20:00:00,2015-06-19 12:00:00,-1,170
1,2015,6,18,19,-17,-82.109,-66.459,1243.2,827.1,2015-06-18 19:00:00,2015-06-19 12:00:00,-1,170
1,2015,6,18,18,-18,-82.212,-65.968,1242.4,825.8,2015-06-18 18:00:00,2015-06-19 12:00:00,-1,170
1,2015,6,18,17,-19,-82.314,-65.557,1245.5,824.3,2015-06-18 17:00:00,2015-06-19 12:00:00,-1,170
1,2015,6,18,16,-20,-82.418,-65.17,1253,822.4,2015-06-18 16:00:00,2015-06-19 12:00:00,-1,170
1,2015,6,18,15,-21,-82.524,-64.811,1263.9,819.5,2015-06-18 15:00:00,2015-06-19 12:00:00,-1,170
1,2015,6,18,14,-22,-82.626,-64.486,1277.2,814.5,2015-06-18 14:00:00,2015-06-19 12:00:00,-1,170
1,2015,6,18,13,-23,-82.724,-64.207,1293.6,809.2,2015-06-18 13:00:00,2015-06-19 12:00:00,-1,170
1,2015,6,18,12,-24,-82.816,-63.985,1313.2,803.6,2015-06-18 12:00:00,2015-06-19 12:00:00,-1,170
1,2015,6,20,12,0,-80.3,-81.3,1500,736.9,2015-06-20 12:00:00,2015-06-20 12:00:00,24,171
1,2015,6,20,11,-1,-80.51,-82,1526.5,724.1,2015-06-20 11:00:00,2015-06-20 12:00:00,-1,171
1,2015,6,20,10,-2,-80.71,-82.618,1551.6,712.4,2015-06-20 10:00:00,2015-06-20 12:00:00,-1,171
1,2015,6,20,9,-3,-80.9,-83.161,1574.8,702.1,2015-06-20 09:00:00,2015-06-20 12:00:00,-1,171
1,2015,6,20,8,-4,-81.079,-83.635,1595.9,693.3,2015-06-20 08:00:00,2015-06-20 12:00:00,-1,171
1,2015,6,20,7,-5,-81.246,-84.041,1615,685.8,2015-06-20 07:00:00,2015-06-20 12:00:00,-1,171
1,2015,6,20,6,-6,-81.402,-84.379,1632.3,679.5,2015-06-20 06:00:00,2015-06-20 12:00:00,-1,171
1,2015,6,20,5,-7,-81.541,-84.682,1647,673.4,2015-06-20 05:00:00,2015-06-20 12:00:00,-1,171
1,2015,6,20,4,-8,-81.654,-84.98,1660.6,668,2015-06-20 04:00:00,2015-06-20 12:00:00,-1,171
1,2015,6,20,3,-9,-81.745,-85.266,1672.3,663.2,2015-06-20 03:00:00,2015-06-20 12:00:00,-1,171
1,2015,6,20,2,-10,-81.814,-85.532,1682.1,659,2015-06-20 02:00:00,2015-06-20 12:00:00,-1,171
1,2015,6,20,1,-11,-81.862,-85.775,1689.7,655.6,2015-06-20 01:00:00,2015-06-20 12:00:00,-1,171
1,2015,6,20,0,-12,-81.892,-85.989,1695.2,652.8,2015-06-20,2015-06-20 12:00:00,-1,171
1,2015,6,19,23,-13,-81.908,-86.173,1697.1,650.8,2015-06-19 23:00:00,2015-06-20 12:00:00,-1,171
1,2015,6,19,22,-14,-81.916,-86.333,1692.4,649.8,2015-06-19 22:00:00,2015-06-20 12:00:00,-1,171
1,2015,6,19,21,-15,-81.916,-86.463,1681.9,649.8,2015-06-19 21:00:00,2015-06-20 12:00:00,-1,171
1,2015,6,19,20,-16,-81.908,-86.561,1665.7,650.6,2015-06-19 20:00:00,2015-06-20 12:00:00,-1,171
1,2015,6,19,19,-17,-81.894,-86.62,1643.9,652.4,2015-06-19 19:00:00,2015-06-20 12:00:00,-1,171
1,2015,6,19,18,-18,-81.875,-86.639,1616.5,655.1,2015-06-19 18:00:00,2015-06-20 12:00:00,-1,171
1,2015,6,19,17,-19,-81.845,-86.612,1588.4,658.8,2015-06-19 17:00:00,2015-06-20 12:00:00,-1,171
1,2015,6,19,16,-20,-81.799,-86.533,1563.8,662.3,2015-06-19 16:00:00,2015-06-20 12:00:00,-1,171
1,2015,6,19,15,-21,-81.738,-86.397,1543.3,666.2,2015-06-19 15:00:00,2015-06-20 12:00:00,-1,171
1,2015,6,19,14,-22,-81.663,-86.199,1526.8,670.5,2015-06-19 14:00:00,2015-06-20 12:00:00,-1,171
1,2015,6,19,13,-23,-81.576,-85.936,1514.6,675.2,2015-06-19 13:00:00,2015-06-20 12:00:00,-1,171
1,2015,6,19,12,-24,-81.479,-85.606,1506.7,680.2,2015-06-19 12:00:00,2015-06-20 12:00:00,-1,171
1,2015,6,21,12,0,-80.3,-81.3,1500,727.3,2015-06-21 12:00:00,2015-06-21 12:00:00,24,172
1,2015,6,21,11,-1,-80.555,-82.859,1524.6,704.9,2015-06-21 11:00:00,2015-06-21 12:00:00,-1,172
1,2015,6,21,10,-2,-80.821,-84.396,1547.3,682.9,2015-06-21 10:00:00,2015-06-21 12:00:00,-1,172
1,2015,6,21,9,-3,-81.094,-85.919,1569.9,662.3,2015-06-21 09:00:00,2015-06-21 12:00:00,-1,172
1,2015,6,21,8,-4,-81.365,-87.462,1594.2,642.8,2015-06-21 08:00:00,2015-06-21 12:00:00,-1,172
1,2015,6,21,7,-5,-81.632,-89.055,1623.4,625.8,2015-06-21 07:00:00,2015-06-21 12:00:00,-1,172
1,2015,6,21,6,-6,-81.893,-90.722,1658.2,610.2,2015-06-21 06:00:00,2015-06-21 12:00:00,-1,172
1,2015,6,21,5,-7,-82.143,-92.476,1697,595.6,2015-06-21 05:00:00,2015-06-21 12:00:00,-1,172
1,2015,6,21,4,-8,-82.376,-94.307,1738.6,584.1,2015-06-21 04:00:00,2015-06-21 12:00:00,-1,172
1,2015,6,21,3,-9,-82.593,-96.193,1780.9,575.2,2015-06-21 03:00:00,2015-06-21 12:00:00,-1,172
1,2015,6,21,2,-10,-82.791,-98.091,1823.4,569.8,2015-06-21 02:00:00,2015-06-21 12:00:00,-1,172
1,2015,6,21,1,-11,-82.97,-99.986,1864.4,567,2015-06-21 01:00:00,2015-06-21 12:00:00,-1,172
1,2015,6,21,0,-12,-83.13,-101.867,1900.7,565.4,2015-06-21,2015-06-21 12:00:00,-1,172
1,2015,6,20,23,-13,-83.267,-103.72,1936.6,566.1,2015-06-20 23:00:00,2015-06-21 12:00:00,-1,172
1,2015,6,20,22,-14,-83.382,-105.533,1975.8,567.3,2015-06-20 22:00:00,2015-06-21 12:00:00,-1,172
1,2015,6,20,21,-15,-83.472,-107.299,2018.4,568.7,2015-06-20 21:00:00,2015-06-21 12:00:00,-1,172
1,2015,6,20,20,-16,-83.537,-109.003,2064.1,570.5,2015-06-20 20:00:00,2015-06-21 12:00:00,-1,172
1,2015,6,20,19,-17,-83.58,-110.625,2113.1,572.1,2015-06-20 19:00:00,2015-06-21 12:00:00,-1,172
1,2015,6,20,18,-18,-83.6,-112.158,2166,573.8,2015-06-20 18:00:00,2015-06-21 12:00:00,-1,172
1,2015,6,20,17,-19,-83.601,-113.632,2220.1,575.9,2015-06-20 17:00:00,2015-06-21 12:00:00,-1,172
1,2015,6,20,16,-20,-83.589,-115.078,2269.8,578.7,2015-06-20 16:00:00,2015-06-21 12:00:00,-1,172
1,2015,6,20,15,-21,-83.564,-116.481,2315.3,582.2,2015-06-20 15:00:00,2015-06-21 12:00:00,-1,172
1,2015,6,20,14,-22,-83.527,-117.824,2356.6,585.9,2015-06-20 14:00:00,2015-06-21 12:00:00,-1,172
1,2015,6,20,13,-23,-83.476,-119.093,2393.9,590.3,2015-06-20 13:00:00,2015-06-21 12:00:00,-1,172
1,2015,6,20,12,-24,-83.414,-120.276,2426.6,594.9,2015-06-20 12:00:00,2015-06-21 12:00:00,-1,172
1,2015,6,22,12,0,-80.3,-81.3,1500,727.8,2015-06-22 12:00:00,2015-06-22 12:00:00,24,173
1,2015,6,22,11,-1,-80.562,-82.603,1534.9,706.1,2015-06-22 11:00:00,2015-06-22 12:00:00,-1,173
1,2015,6,22,10,-2,-80.833,-83.962,1563.3,685.5,2015-06-22 10:00:00,2015-06-22 12:00:00,-1,173
1,2015,6,22,9,-3,-81.107,-85.358,1587.1,665.9,2015-06-22 09:00:00,2015-06-22 12:00:00,-1,173
1,2015,6,22,8,-4,-81.381,-86.756,1609.2,647.7,2015-06-22 08:00:00,2015-06-22 12:00:00,-1,173
1,2015,6,22,7,-5,-81.652,-88.121,1632.3,631.8,2015-06-22 07:00:00,2015-06-22 12:00:00,-1,173
1,2015,6,22,6,-6,-81.918,-89.412,1657.8,617.9,2015-06-22 06:00:00,2015-06-22 12:00:00,-1,173
1,2015,6,22,5,-7,-82.18,-90.653,1685.9,605.9,2015-06-22 05:00:00,2015-06-22 12:00:00,-1,173
1,2015,6,22,4,-8,-82.437,-91.899,1715.4,595.3,2015-06-22 04:00:00,2015-06-22 12:00:00,-1,173
1,2015,6,22,3,-9,-82.692,-93.161,1748.3,587.6,2015-06-22 03:00:00,2015-06-22 12:00:00,-1,173
1,2015,6,22,2,-10,-82.946,-94.438,1784.3,581.8,2015-06-22 02:00:00,2015-06-22 12:00:00,-1,173
1,2015,6,22,1,-11,-83.197,-95.742,1823.1,576.7,2015-06-22 01:00:00,2015-06-22 12:00:00,-1,173
1,2015,6,22,0,-12,-83.446,-97.098,1865.6,571.7,2015-06-22,2015-06-22 12:00:00,-1,173
1,2015,6,21,23,-13,-83.696,-98.535,1913.6,568.6,2015-06-21 23:00:00,2015-06-22 12:00:00,-1,173
1,2015,6,21,22,-14,-83.951,-100.079,1964.4,565.7,2015-06-21 22:00:00,2015-06-22 12:00:00,-1,173
1,2015,6,21,21,-15,-84.211,-101.747,2020.3,563.5,2015-06-21 21:00:00,2015-06-22 12:00:00,-1,173
1,2015,6,21,20,-16,-84.477,-103.568,2079,561.5,2015-06-21 20:00:00,2015-06-22 12:00:00,-1,173
1,2015,6,21,19,-17,-84.749,-105.589,2140.8,559.3,2015-06-21 19:00:00,2015-06-22 12:00:00,-1,173
1,2015,6,21,18,-18,-85.028,-107.842,2205.2,556.6,2015-06-21 18:00:00,2015-06-22 12:00:00,-1,173
1,2015,6,21,17,-19,-85.3,-110.565,2268.2,550.9,2015-06-21 17:00:00,2015-06-22 12:00:00,-1,173
1,2015,6,21,16,-20,-85.549,-113.974,2332.9,547.2,2015-06-21 16:00:00,2015-06-22 12:00:00,-1,173
1,2015,6,21,15,-21,-85.77,-118.123,2398.3,544.7,2015-06-21 15:00:00,2015-06-22 12:00:00,-1,173
1,2015,6,21,14,-22,-85.956,-123.011,2465,544,2015-06-21 14:00:00,2015-06-22 12:00:00,-1,173
1,2015,6,21,13,-23,-86.101,-128.613,2530.1,544,2015-06-21 13:00:00,2015-06-22 12:00:00,-1,173
1,2015,6,21,12,-24,-86.199,-134.906,2594.4,544.2,2015-06-21 12:00:00,2015-06-22 12:00:00,-1,173
1,2015,6,23,12,0,-80.3,-81.3,1500,728.6,2015-06-23 12:00:00,2015-06-23 12:00:00,24,174
1,2015,6,23,11,-1,-80.596,-82.106,1500.1,716.2,2015-06-23 11:00:00,2015-06-23 12:00:00,-1,174
1,2015,6,23,10,-2,-80.871,-82.995,1502.7,703.1,2015-06-23 10:00:00,2015-06-23 12:00:00,-1,174
1,2015,6,23,9,-3,-81.127,-83.965,1507.7,689.6,2015-06-23 09:00:00,2015-06-23 12:00:00,-1,174
1,2015,6,23,8,-4,-81.364,-85.018,1515.1,675.9,2015-06-23 08:00:00,2015-06-23 12:00:00,-1,174
1,2015,6,23,7,-5,-81.584,-86.169,1524.2,662.2,2015-06-23 07:00:00,2015-06-23 12:00:00,-1,174
1,2015,6,23,6,-6,-81.789,-87.443,1535.1,648,2015-06-23 06:00:00,2015-06-23 12:00:00,-1,174
1,2015,6,23,5,-7,-81.989,-88.891,1547.4,634.2,2015-06-23 05:00:00,2015-06-23 12:00:00,-1,174
1,2015,6,23,4,-8,-82.191,-90.566,1561.2,620.2,2015-06-23 04:00:00,2015-06-23 12:00:00,-1,174
1,2015,6,23,3,-9,-82.389,-92.478,1576.8,607.1,2015-06-23 03:00:00,2015-06-23 12:00:00,-1,174
1,2015,6,23,2,-10,-82.577,-94.606,1595.7,596.4,2015-06-23 02:00:00,2015-06-23 12:00:00,-1,174
1,2015,6,23,1,-11,-82.749,-96.818,1619.6,589.3,2015-06-23 01:00:00,2015-06-23 12:00:00,-1,174
1,2015,6,23,0,-12,-82.904,-99.063,1647.2,584.8,2015-06-23,2015-06-23 12:00:00,-1,174
1,2015,6,22,23,-13,-83.04,-101.267,1678,582.8,2015-06-22 23:00:00,2015-06-23 12:00:00,-1,174
1,2015,6,22,22,-14,-83.164,-103.342,1711.6,582.6,2015-06-22 22:00:00,2015-06-23 12:00:00,-1,174
1,2015,6,22,21,-15,-83.28,-105.264,1747.5,583.2,2015-06-22 21:00:00,2015-06-23 12:00:00,-1,174
1,2015,6,22,20,-16,-83.393,-107.02,1786.2,585,2015-06-22 20:00:00,2015-06-23 12:00:00,-1,174
1,2015,6,22,19,-17,-83.504,-108.609,1826.7,586.6,2015-06-22 19:00:00,2015-06-23 12:00:00,-1,174
1,2015,6,22,18,-18,-83.619,-110.035,1868.5,587.6,2015-06-22 18:00:00,2015-06-23 12:00:00,-1,174
1,2015,6,22,17,-19,-83.736,-111.431,1912.3,588.9,2015-06-22 17:00:00,2015-06-23 12:00:00,-1,174
1,2015,6,22,16,-20,-83.853,-112.929,1956.9,590.5,2015-06-22 16:00:00,2015-06-23 12:00:00,-1,174
1,2015,6,22,15,-21,-83.969,-114.556,2002.7,592.8,2015-06-22 15:00:00,2015-06-23 12:00:00,-1,174
1,2015,6,22,14,-22,-84.085,-116.324,2050.9,595.2,2015-06-22 14:00:00,2015-06-23 12:00:00,-1,174
1,2015,6,22,13,-23,-84.2,-118.243,2101.8,597.7,2015-06-22 13:00:00,2015-06-23 12:00:00,-1,174
1,2015,6,22,12,-24,-84.312,-120.319,2155.8,599.8,2015-06-22 12:00:00,2015-06-23 12:00:00,-1,174
1,2015,6,24,12,0,-80.3,-81.3,1500,722.8,2015-06-24 12:00:00,2015-06-24 12:00:00,24,175
1,2015,6,24,11,-1,-80.458,-82.307,1485.4,711.3,2015-06-24 11:00:00,2015-06-24 12:00:00,-1,175
1,2015,6,24,10,-2,-80.601,-83.28,1469.9,700.6,2015-06-24 10:00:00,2015-06-24 12:00:00,-1,175
1,2015,6,24,9,-3,-80.732,-84.227,1453.3,690.8,2015-06-24 09:00:00,2015-06-24 12:00:00,-1,175
1,2015,6,24,8,-4,-80.852,-85.146,1435.1,681.7,2015-06-24 08:00:00,2015-06-24 12:00:00,-1,175
1,2015,6,24,7,-5,-80.961,-86.03,1414.9,673.6,2015-06-24 07:00:00,2015-06-24 12:00:00,-1,175
1,2015,6,24,6,-6,-81.057,-86.868,1392.7,666.5,2015-06-24 06:00:00,2015-06-24 12:00:00,-1,175
1,2015,6,24,5,-7,-81.153,-87.746,1371.6,659.5,2015-06-24 05:00:00,2015-06-24 12:00:00,-1,175
1,2015,6,24,4,-8,-81.257,-88.775,1356.2,651.4,2015-06-24 04:00:00,2015-06-24 12:00:00,-1,175
1,2015,6,24,3,-9,-81.367,-89.984,1346,641.5,2015-06-24 03:00:00,2015-06-24 12:00:00,-1,175
1,2015,6,24,2,-10,-81.479,-91.391,1343,632.4,2015-06-24 02:00:00,2015-06-24 12:00:00,-1,175
1,2015,6,24,1,-11,-81.588,-93.009,1346.4,622.5,2015-06-24 01:00:00,2015-06-24 12:00:00,-1,175
1,2015,6,24,0,-12,-81.688,-94.844,1356.6,612.8,2015-06-24,2015-06-24 12:00:00,-1,175
1,2015,6,23,23,-13,-81.771,-96.806,1370.2,605.6,2015-06-23 23:00:00,2015-06-24 12:00:00,-1,175
1,2015,6,23,22,-14,-81.834,-98.779,1381.4,601.8,2015-06-23 22:00:00,2015-06-24 12:00:00,-1,175
1,2015,6,23,21,-15,-81.879,-100.723,1390.5,600.6,2015-06-23 21:00:00,2015-06-24 12:00:00,-1,175
1,2015,6,23,20,-16,-81.907,-102.615,1396.7,601.5,2015-06-23 20:00:00,2015-06-24 12:00:00,-1,175
1,2015,6,23,19,-17,-81.918,-104.429,1400.1,605.3,2015-06-23 19:00:00,2015-06-24 12:00:00,-1,175
1,2015,6,23,18,-18,-81.914,-106.148,1400.4,610.4,2015-06-23 18:00:00,2015-06-24 12:00:00,-1,175
1,2015,6,23,17,-19,-81.9,-107.844,1401.9,616.8,2015-06-23 17:00:00,2015-06-24 12:00:00,-1,175
1,2015,6,23,16,-20,-81.877,-109.574,1409.4,623.8,2015-06-23 16:00:00,2015-06-24 12:00:00,-1,175
1,2015,6,23,15,-21,-81.843,-111.332,1422.2,631.9,2015-06-23 15:00:00,2015-06-24 12:00:00,-1,175
1,2015,6,23,14,-22,-81.797,-113.121,1438.3,640.6,2015-06-23 14:00:00,2015-06-24 12:00:00,-1,175
1,2015,6,23,13,-23,-81.735,-114.937,1455.9,649.8,2015-06-23 13:00:00,2015-06-24 12:00:00,-1,175
1,2015,6,23,12,-24,-81.656,-116.761,1472.4,658.9,2015-06-23 12:00:00,2015-06-24 12:00:00,-1,175
1,2015,6,25,12,0,-80.3,-81.3,1500,726.6,2015-06-25 12:00:00,2015-06-25 12:00:00,24,176
1,2015,6,25,11,-1,-80.262,-82.017,1506.4,718.1,2015-06-25 11:00:00,2015-06-25 12:00:00,-1,176
1,2015,6,25,10,-2,-80.218,-82.662,1511.9,710.5,2015-06-25 10:00:00,2015-06-25 12:00:00,-1,176
1,2015,6,25,9,-3,-80.174,-83.225,1516.5,703.8,2015-06-25 09:00:00,2015-06-25 12:00:00,-1,176
1,2015,6,25,8,-4,-80.13,-83.702,1520.8,698,2015-06-25 08:00:00,2015-06-25 12:00:00,-1,176
1,2015,6,25,7,-5,-80.088,-84.086,1525.1,693.2,2015-06-25 07:00:00,2015-06-25 12:00:00,-1,176
1,2015,6,25,6,-6,-80.048,-84.374,1529.8,689.3,2015-06-25 06:00:00,2015-06-25 12:00:00,-1,176
1,2015,6,25,5,-7,-80.012,-84.659,1533.6,685.8,2015-06-25 05:00:00,2015-06-25 12:00:00,-1,176
1,2015,6,25,4,-8,-79.977,-85.035,1534.2,681.4,2015-06-25 04:00:00,2015-06-25 12:00:00,-1,176
1,2015,6,25,3,-9,-79.944,-85.51,1531.2,676.2,2015-06-25 03:00:00,2015-06-25 12:00:00,-1,176
1,2015,6,25,2,-10,-79.913,-86.089,1524.3,670.1,2015-06-25 02:00:00,2015-06-25 12:00:00,-1,176
1,2015,6,25,1,-11,-79.882,-86.78,1512.7,663.2,2015-06-25 01:00:00,2015-06-25 12:00:00,-1,176
1,2015,6,25,0,-12,-79.853,-87.592,1495.8,655.6,2015-06-25,2015-06-25 12:00:00,-1,176
1,2015,6,24,23,-13,-79.831,-88.462,1476.9,649.2,2015-06-24 23:00:00,2015-06-25 12:00:00,-1,176
1,2015,6,24,22,-14,-79.824,-89.325,1459.2,642.4,2015-06-24 22:00:00,2015-06-25 12:00:00,-1,176
1,2015,6,24,21,-15,-79.831,-90.189,1443.3,635.8,2015-06-24 21:00:00,2015-06-25 12:00:00,-1,176
1,2015,6,24,20,-16,-79.851,-91.062,1430.2,630.2,2015-06-24 20:00:00,2015-06-25 12:00:00,-1,176
1,2015,6,24,19,-17,-79.883,-91.95,1419.5,624.1,2015-06-24 19:00:00,2015-06-25 12:00:00,-1,176
1,2015,6,24,18,-18,-79.927,-92.859,1412.4,618.2,2015-06-24 18:00:00,2015-06-25 12:00:00,-1,176
1,2015,6,24,17,-19,-79.973,-93.828,1407.5,613.1,2015-06-24 17:00:00,2015-06-25 12:00:00,-1,176
1,2015,6,24,16,-20,-80.015,-94.885,1401,608,2015-06-24 16:00:00,2015-06-25 12:00:00,-1,176
1,2015,6,24,15,-21,-80.049,-96.024,1394.5,604.9,2015-06-24 15:00:00,2015-06-25 12:00:00,-1,176
1,2015,6,24,14,-22,-80.072,-97.238,1386.5,601.9,2015-06-24 14:00:00,2015-06-25 12:00:00,-1,176
1,2015,6,24,13,-23,-80.082,-98.522,1378.6,601.3,2015-06-24 13:00:00,2015-06-25 12:00:00,-1,176
1,2015,6,24,12,-24,-80.075,-99.872,1369.3,601.4,2015-06-24 12:00:00,2015-06-25 12:00:00,-1,176
1,2015,6,26,12,0,-80.3,-81.3,1500,729.1,2015-06-26 12:00:00,2015-06-26 12:00:00,24,177
1,2015,6,26,11,-1,-80.224,-81.075,1483,734.3,2015-06-26 11:00:00,2015-06-26 12:00:00,-1,177
1,2015,6,26,10,-2,-80.156,-80.811,1468.8,739.7,2015-06-26 10:00:00,2015-06-26 12:00:00,-1,177
1,2015,6,26,9,-3,-80.097,-80.515,1457.8,745,2015-06-26 09:00:00,2015-06-26 12:00:00,-1,177
1,2015,6,26,8,-4,-80.046,-80.197,1450.2,750.2,2015-06-26 08:00:00,2015-06-26 12:00:00,-1,177
1,2015,6,26,7,-5,-80.004,-79.865,1446.3,754.8,2015-06-26 07:00:00,2015-06-26 12:00:00,-1,177
1,2015,6,26,6,-6,-79.967,-79.522,1445.8,758.2,2015-06-26 06:00:00,2015-06-26 12:00:00,-1,177
1,2015,6,26,5,-7,-79.931,-79.227,1447.4,760.6,2015-06-26 05:00:00,2015-06-26 12:00:00,-1,177
1,2015,6,26,4,-8,-79.894,-79.034,1448.8,762.1,2015-06-26 04:00:00,2015-06-26 12:00:00,-1,177
1,2015,6,26,3,-9,-79.854,-78.939,1450.3,762.7,2015-06-26 03:00:00,2015-06-26 12:00:00,-1,177
1,2015,6,26,2,-10,-79.809,-78.937,1451.8,762.2,2015-06-26 02:00:00,2015-06-26 12:00:00,-1,177
1,2015,6,26,1,-11,-79.758,-79.027,1453.4,760.8,2015-06-26 01:00:00,2015-06-26 12:00:00,-1,177
1,2015,6,26,0,-12,-79.699,-79.208,1455.3,758.5,2015-06-26,2015-06-26 12:00:00,-1,177
1,2015,6,25,23,-13,-79.635,-79.438,1457.9,755.9,2015-06-25 23:00:00,2015-06-26 12:00:00,-1,177
1,2015,6,25,22,-14,-79.569,-79.676,1461.4,753.2,2015-06-25 22:00:00,2015-06-26 12:00:00,-1,177
1,2015,6,25,21,-15,-79.5,-79.916,1466,750.4,2015-06-25 21:00:00,2015-06-26 12:00:00,-1,177
1,2015,6,25,20,-16,-79.429,-80.15,1471.3,747.4,2015-06-25 20:00:00,2015-06-26 12:00:00,-1,177
1,2015,6,25,19,-17,-79.355,-80.371,1477.4,744.4,2015-06-25 19:00:00,2015-06-26 12:00:00,-1,177
1,2015,6,25,18,-18,-79.277,-80.571,1484.3,741.6,2015-06-25 18:00:00,2015-06-26 12:00:00,-1,177
1,2015,6,25,17,-19,-79.196,-80.757,1491.6,738.9,2015-06-25 17:00:00,2015-06-26 12:00:00,-1,177
1,2015,6,25,16,-20,-79.112,-80.942,1498.4,736.2,2015-06-25 16:00:00,2015-06-26 12:00:00,-1,177
1,2015,6,25,15,-21,-79.027,-81.124,1504.7,733.8,2015-06-25 15:00:00,2015-06-26 12:00:00,-1,177
1,2015,6,25,14,-22,-78.94,-81.303,1510.4,731.4,2015-06-25 14:00:00,2015-06-26 12:00:00,-1,177
1,2015,6,25,13,-23,-78.852,-81.477,1515.5,729.2,2015-06-25 13:00:00,2015-06-26 12:00:00,-1,177
1,2015,6,25,12,-24,-78.763,-81.645,1519.8,727.2,2015-06-25 12:00:00,2015-06-26 12:00:00,-1,177
1,2015,6,27,12,0,-80.3,-81.3,1500,726.2,2015-06-27 12:00:00,2015-06-27 12:00:00,24,178
1,2015,6,27,11,-1,-80.309,-81.496,1525.6,721.4,2015-06-27 11:00:00,2015-06-27 12:00:00,-1,178
1,2015,6,27,10,-2,-80.303,-81.586,1548.4,718.4,2015-06-27 10:00:00,2015-06-27 12:00:00,-1,178
1,2015,6,27,9,-3,-80.285,-81.566,1568.4,717.2,2015-06-27 09:00:00,2015-06-27 12:00:00,-1,178
1,2015,6,27,8,-4,-80.259,-81.434,1585.7,717.6,2015-06-27 08:00:00,2015-06-27 12:00:00,-1,178
1,2015,6,27,7,-5,-80.228,-81.192,1600.2,719.7,2015-06-27 07:00:00,2015-06-27 12:00:00,-1,178
1,2015,6,27,6,-6,-80.199,-80.847,1611.7,723.2,2015-06-27 06:00:00,2015-06-27 12:00:00,-1,178
1,2015,6,27,5,-7,-80.176,-80.452,1620.6,727.4,2015-06-27 05:00:00,2015-06-27 12:00:00,-1,178
1,2015,6,27,4,-8,-80.164,-80.054,1625.9,732,2015-06-27 04:00:00,2015-06-27 12:00:00,-1,178
1,2015,6,27,3,-9,-80.162,-79.654,1627.2,736.1,2015-06-27 03:00:00,2015-06-27 12:00:00,-1,178
1,2015,6,27,2,-10,-80.17,-79.254,1625.1,740.3,2015-06-27 02:00:00,2015-06-27 12:00:00,-1,178
1,2015,6,27,1,-11,-80.19,-78.852,1619.7,744.5,2015-06-27 01:00:00,2015-06-27 12:00:00,-1,178
1,2015,6,27,0,-12,-80.222,-78.45,1611.4,748.8,2015-06-27,2015-06-27 12:00:00,-1,178
1,2015,6,26,23,-13,-80.264,-78.056,1601.2,753,2015-06-26 23:00:00,2015-06-27 12:00:00,-1,178
1,2015,6,26,22,-14,-80.311,-77.679,1589.3,757.1,2015-06-26 22:00:00,2015-06-27 12:00:00,-1,178
1,2015,6,26,21,-15,-80.361,-77.321,1575.7,760.7,2015-06-26 21:00:00,2015-06-27 12:00:00,-1,178
1,2015,6,26,20,-16,-80.413,-76.98,1560.3,764,2015-06-26 20:00:00,2015-06-27 12:00:00,-1,178
1,2015,6,26,19,-17,-80.466,-76.655,1543.5,767.4,2015-06-26 19:00:00,2015-06-27 12:00:00,-1,178
1,2015,6,26,18,-18,-80.519,-76.344,1524.9,770.8,2015-06-26 18:00:00,2015-06-27 12:00:00,-1,178
1,2015,6,26,17,-19,-80.573,-76.061,1505.2,774.3,2015-06-26 17:00:00,2015-06-27 12:00:00,-1,178
1,2015,6,26,16,-20,-80.629,-75.815,1484.9,777.4,2015-06-26 16:00:00,2015-06-27 12:00:00,-1,178
1,2015,6,26,15,-21,-80.687,-75.6,1464.1,780.3,2015-06-26 15:00:00,2015-06-27 12:00:00,-1,178
1,2015,6,26,14,-22,-80.746,-75.411,1442.9,783.1,2015-06-26 14:00:00,2015-06-27 12:00:00,-1,178
1,2015,6,26,13,-23,-80.804,-75.241,1421.5,785.7,2015-06-26 13:00:00,2015-06-27 12:00:00,-1,178
1,2015,6,26,12,-24,-80.863,-75.087,1399.8,788.3,2015-06-26 12:00:00,2015-06-27 12:00:00,-1,178
1,2015,6,28,12,0,-80.3,-81.3,1500,722.8,2015-06-28 12:00:00,2015-06-28 12:00:00,24,179
1,2015,6,28,11,-1,-80.293,-82.495,1520.9,707.3,2015-06-28 11:00:00,2015-06-28 12:00:00,-1,179
1,2015,6,28,10,-2,-80.276,-83.596,1537.8,693.7,2015-06-28 10:00:00,2015-06-28 12:00:00,-1,179
1,2015,6,28,9,-3,-80.254,-84.592,1551.3,681.7,2015-06-28 09:00:00,2015-06-28 12:00:00,-1,179
1,2015,6,28,8,-4,-80.227,-85.476,1562.2,671,2015-06-28 08:00:00,2015-06-28 12:00:00,-1,179
1,2015,6,28,7,-5,-80.194,-86.246,1571.5,661.8,2015-06-28 07:00:00,2015-06-28 12:00:00,-1,179
1,2015,6,28,6,-6,-80.156,-86.904,1580,654,2015-06-28 06:00:00,2015-06-28 12:00:00,-1,179
1,2015,6,28,5,-7,-80.107,-87.509,1586.8,646.7,2015-06-28 05:00:00,2015-06-28 12:00:00,-1,179
1,2015,6,28,4,-8,-80.043,-88.109,1591.7,640.6,2015-06-28 04:00:00,2015-06-28 12:00:00,-1,179
1,2015,6,28,3,-9,-79.963,-88.693,1593.7,635.2,2015-06-28 03:00:00,2015-06-28 12:00:00,-1,179
1,2015,6,28,2,-10,-79.867,-89.249,1592.9,630.6,2015-06-28 02:00:00,2015-06-28 12:00:00,-1,179
1,2015,6,28,1,-11,-79.755,-89.772,1589.1,626.9,2015-06-28 01:00:00,2015-06-28 12:00:00,-1,179
1,2015,6,28,0,-12,-79.627,-90.251,1582.9,624.8,2015-06-28,2015-06-28 12:00:00,-1,179
1,2015,6,27,23,-13,-79.488,-90.622,1577.7,624.5,2015-06-27 23:00:00,2015-06-28 12:00:00,-1,179
1,2015,6,27,22,-14,-79.343,-90.833,1576.8,624.9,2015-06-27 22:00:00,2015-06-28 12:00:00,-1,179
1,2015,6,27,21,-15,-79.194,-90.892,1579.5,626.1,2015-06-27 21:00:00,2015-06-28 12:00:00,-1,179
1,2015,6,27,20,-16,-79.041,-90.808,1585.6,628,2015-06-27 20:00:00,2015-06-28 12:00:00,-1,179
1,2015,6,27,19,-17,-78.884,-90.586,1594.8,630.5,2015-06-27 19:00:00,2015-06-28 12:00:00,-1,179
1,2015,6,27,18,-18,-78.725,-90.233,1606.9,633.5,2015-06-27 18:00:00,2015-06-28 12:00:00,-1,179
1,2015,6,27,17,-19,-78.565,-89.801,1619.7,637.1,2015-06-27 17:00:00,2015-06-28 12:00:00,-1,179
1,2015,6,27,16,-20,-78.406,-89.339,1630.7,641.6,2015-06-27 16:00:00,2015-06-28 12:00:00,-1,179
1,2015,6,27,15,-21,-78.249,-88.844,1639.3,646.5,2015-06-27 15:00:00,2015-06-28 12:00:00,-1,179
1,2015,6,27,14,-22,-78.092,-88.312,1644.8,651.7,2015-06-27 14:00:00,2015-06-28 12:00:00,-1,179
1,2015,6,27,13,-23,-77.934,-87.739,1647.1,657.3,2015-06-27 13:00:00,2015-06-28 12:00:00,-1,179
1,2015,6,27,12,-24,-77.776,-87.118,1645.9,664.1,2015-06-27 12:00:00,2015-06-28 12:00:00,-1,179
1,2015,6,29,12,0,-80.3,-81.3,1500,727.7,2015-06-29 12:00:00,2015-06-29 12:00:00,24,180
1,2015,6,29,11,-1,-80.416,-81.532,1514.1,721.4,2015-06-29 11:00:00,2015-06-29 12:00:00,-1,180
1,2015,6,29,10,-2,-80.52,-81.777,1526,715.5,2015-06-29 10:00:00,2015-06-29 12:00:00,-1,180
1,2015,6,29,9,-3,-80.613,-82.033,1535.8,709.8,2015-06-29 09:00:00,2015-06-29 12:00:00,-1,180
1,2015,6,29,8,-4,-80.694,-82.299,1543.4,704.6,2015-06-29 08:00:00,2015-06-29 12:00:00,-1,180
1,2015,6,29,7,-5,-80.764,-82.574,1548.9,699.7,2015-06-29 07:00:00,2015-06-29 12:00:00,-1,180
1,2015,6,29,6,-6,-80.822,-82.857,1552.2,695.1,2015-06-29 06:00:00,2015-06-29 12:00:00,-1,180
1,2015,6,29,5,-7,-80.875,-83.204,1554,690.4,2015-06-29 05:00:00,2015-06-29 12:00:00,-1,180
1,2015,6,29,4,-8,-80.929,-83.67,1554.4,684.5,2015-06-29 04:00:00,2015-06-29 12:00:00,-1,180
1,2015,6,29,3,-9,-80.984,-84.255,1554.5,677.2,2015-06-29 03:00:00,2015-06-29 12:00:00,-1,180
1,2015,6,29,2,-10,-81.044,-84.959,1554.9,668.7,2015-06-29 02:00:00,2015-06-29 12:00:00,-1,180
1,2015,6,29,1,-11,-81.11,-85.785,1556.7,659.1,2015-06-29 01:00:00,2015-06-29 12:00:00,-1,180
1,2015,6,29,0,-12,-81.186,-86.736,1560.9,648.2,2015-06-29,2015-06-29 12:00:00,-1,180
1,2015,6,28,23,-13,-81.262,-87.762,1567.8,637.2,2015-06-28 23:00:00,2015-06-29 12:00:00,-1,180
1,2015,6,28,22,-14,-81.326,-88.808,1577.3,627.3,2015-06-28 22:00:00,2015-06-29 12:00:00,-1,180
1,2015,6,28,21,-15,-81.378,-89.869,1588.5,617.3,2015-06-28 21:00:00,2015-06-29 12:00:00,-1,180
1,2015,6,28,20,-16,-81.415,-90.933,1602.4,609,2015-06-28 20:00:00,2015-06-29 12:00:00,-1,180
1,2015,6,28,19,-17,-81.436,-91.988,1617.8,601.2,2015-06-28 19:00:00,2015-06-29 12:00:00,-1,180
1,2015,6,28,18,-18,-81.439,-93.021,1634.9,594.3,2015-06-28 18:00:00,2015-06-29 12:00:00,-1,180
1,2015,6,28,17,-19,-81.437,-94.09,1652.5,587.7,2015-06-28 17:00:00,2015-06-29 12:00:00,-1,180
1,2015,6,28,16,-20,-81.441,-95.262,1669.7,581.2,2015-06-28 16:00:00,2015-06-29 12:00:00,-1,180
1,2015,6,28,15,-21,-81.452,-96.537,1685.5,575.9,2015-06-28 15:00:00,2015-06-29 12:00:00,-1,180
1,2015,6,28,14,-22,-81.467,-97.918,1699,571.5,2015-06-28 14:00:00,2015-06-29 12:00:00,-1,180
1,2015,6,28,13,-23,-81.487,-99.396,1710.2,569.6,2015-06-28 13:00:00,2015-06-29 12:00:00,-1,180
1,2015,6,28,12,-24,-81.511,-100.973,1717.1,569,2015-06-28 12:00:00,2015-06-29 12:00:00,-1,180
1,2015,6,30,12,0,-80.3,-81.3,1500,731.1,2015-06-30 12:00:00,2015-06-30 12:00:00,24,181
1,2015,6,30,11,-1,-80.512,-81.417,1522.8,724.4,2015-06-30 11:00:00,2015-06-30 12:00:00,-1,181
1,2015,6,30,10,-2,-80.713,-81.549,1542.8,718,2015-06-30 10:00:00,2015-06-30 12:00:00,-1,181
1,2015,6,30,9,-3,-80.903,-81.698,1559.5,712,2015-06-30 09:00:00,2015-06-30 12:00:00,-1,181
1,2015,6,30,8,-4,-81.081,-81.864,1572.7,706.5,2015-06-30 08:00:00,2015-06-30 12:00:00,-1,181
1,2015,6,30,7,-5,-81.246,-82.049,1582.2,701.4,2015-06-30 07:00:00,2015-06-30 12:00:00,-1,181
1,2015,6,30,6,-6,-81.397,-82.25,1587.8,696.8,2015-06-30 06:00:00,2015-06-30 12:00:00,-1,181
1,2015,6,30,5,-7,-81.541,-82.453,1591.1,692.7,2015-06-30 05:00:00,2015-06-30 12:00:00,-1,181
1,2015,6,30,4,-8,-81.684,-82.638,1595,688.6,2015-06-30 04:00:00,2015-06-30 12:00:00,-1,181
1,2015,6,30,3,-9,-81.826,-82.801,1599.3,684.8,2015-06-30 03:00:00,2015-06-30 12:00:00,-1,181
1,2015,6,30,2,-10,-81.969,-82.938,1604.3,681.1,2015-06-30 02:00:00,2015-06-30 12:00:00,-1,181
1,2015,6,30,1,-11,-82.111,-83.04,1610.3,677.8,2015-06-30 01:00:00,2015-06-30 12:00:00,-1,181
1,2015,6,30,0,-12,-82.252,-83.103,1617.5,674.8,2015-06-30,2015-06-30 12:00:00,-1,181
1,2015,6,29,23,-13,-82.386,-83.16,1625.4,671.7,2015-06-29 23:00:00,2015-06-30 12:00:00,-1,181
1,2015,6,29,22,-14,-82.507,-83.255,1633.7,668.6,2015-06-29 22:00:00,2015-06-30 12:00:00,-1,181
1,2015,6,29,21,-15,-82.615,-83.393,1642.9,665.4,2015-06-29 21:00:00,2015-06-30 12:00:00,-1,181
1,2015,6,29,20,-16,-82.711,-83.58,1653,661.8,2015-06-29 20:00:00,2015-06-30 12:00:00,-1,181
1,2015,6,29,19,-17,-82.793,-83.827,1664.1,658,2015-06-29 19:00:00,2015-06-30 12:00:00,-1,181
1,2015,6,29,18,-18,-82.863,-84.142,1676,653.8,2015-06-29 18:00:00,2015-06-30 12:00:00,-1,181
1,2015,6,29,17,-19,-82.928,-84.527,1687.2,648.7,2015-06-29 17:00:00,2015-06-30 12:00:00,-1,181
1,2015,6,29,16,-20,-82.996,-84.987,1697.6,643.3,2015-06-29 16:00:00,2015-06-30 12:00:00,-1,181
1,2015,6,29,15,-21,-83.067,-85.529,1707.1,637.6,2015-06-29 15:00:00,2015-06-30 12:00:00,-1,181
1,2015,6,29,14,-22,-83.141,-86.16,1716,631.7,2015-06-29 14:00:00,2015-06-30 12:00:00,-1,181
1,2015,6,29,13,-23,-83.218,-86.885,1724.3,625.4,2015-06-29 13:00:00,2015-06-30 12:00:00,-1,181
1,2015,6,29,12,-24,-83.298,-87.712,1732.5,619,2015-06-29 12:00:00,2015-06-30 12:00:00,-1,181
1,2015,7,1,12,0,-80.3,-81.3,1500,727.5,2015-07-01 12:00:00,2015-07-01 12:00:00,24,182
1,2015,7,1,11,-1,-80.758,-82.306,1555.9,704.7,2015-07-01 11:00:00,2015-07-01 12:00:00,-1,182
1,2015,7,1,10,-2,-81.22,-83.365,1609,683,2015-07-01 10:00:00,2015-07-01 12:00:00,-1,182
1,2015,7,1,9,-3,-81.682,-84.487,1660,662.2,2015-07-01 09:00:00,2015-07-01 12:00:00,-1,182
1,2015,7,1,8,-4,-82.142,-85.689,1709.4,642.3,2015-07-01 08:00:00,2015-07-01 12:00:00,-1,182
1,2015,7,1,7,-5,-82.6,-86.963,1758.8,624.5,2015-07-01 07:00:00,2015-07-01 12:00:00,-1,182
1,2015,7,1,6,-6,-83.051,-88.205,1812.4,611.2,2015-07-01 06:00:00,2015-07-01 12:00:00,-1,182
1,2015,7,1,5,-7,-83.501,-89.355,1867.6,600.4,2015-07-01 05:00:00,2015-07-01 12:00:00,-1,182
1,2015,7,1,4,-8,-83.959,-90.468,1921.7,591.8,2015-07-01 04:00:00,2015-07-01 12:00:00,-1,182
1,2015,7,1,3,-9,-84.425,-91.601,1974.8,585,2015-07-01 03:00:00,2015-07-01 12:00:00,-1,182
1,2015,7,1,2,-10,-84.898,-92.809,2026.6,579.8,2015-07-01 02:00:00,2015-07-01 12:00:00,-1,182
1,2015,7,1,1,-11,-85.371,-94.06,2068.4,569.3,2015-07-01 01:00:00,2015-07-01 12:00:00,-1,182
1,2015,7,1,0,-12,-85.836,-95.265,2104.8,558.3,2015-07-01,2015-07-01 12:00:00,-1,182
1,2015,6,30,23,-13,-86.289,-96.389,2140.2,548.4,2015-06-30 23:00:00,2015-07-01 12:00:00,-1,182
1,2015,6,30,22,-14,-86.732,-97.434,2178,538.7,2015-06-30 22:00:00,2015-07-01 12:00:00,-1,182
1,2015,6,30,21,-15,-87.17,-98.437,2215.3,529.5,2015-06-30 21:00:00,2015-07-01 12:00:00,-1,182
1,2015,6,30,20,-16,-87.608,-99.537,2249,520.1,2015-06-30 20:00:00,2015-07-01 12:00:00,-1,182
1,2015,6,30,19,-17,-88.044,-101.231,2274.2,510.2,2015-06-30 19:00:00,2015-07-01 12:00:00,-1,182
1,2015,6,30,18,-18,-88.477,-104.322,2289,501.2,2015-06-30 18:00:00,2015-07-01 12:00:00,-1,182
1,2015,6,30,17,-19,-88.895,-110.118,2295.7,493.2,2015-06-30 17:00:00,2015-07-01 12:00:00,-1,182
1,2015,6,30,16,-20,-89.272,-120.62,2298.7,486.4,2015-06-30 16:00:00,2015-07-01 12:00:00,-1,182
1,2015,6,30,15,-21,-89.575,-138.349,2302.6,480.9,2015-06-30 15:00:00,2015-07-01 12:00:00,-1,182
1,2015,6,30,14,-22,-89.747,-164.102,2309.7,476.5,2015-06-30 14:00:00,2015-07-01 12:00:00,-1,182
1,2015,6,30,13,-23,-89.739,167.018,2321.3,472.6,2015-06-30 13:00:00,2015-07-01 12:00:00,-1,182
1,2015,6,30,12,-24,-89.571,143.356,2336.7,469.5,2015-06-30 12:00:00,2015-07-01 12:00:00,-1,182
1,2015,7,2,12,0,-80.3,-81.3,1500,728.8,2015-07-02 12:00:00,2015-07-02 12:00:00,24,183
1,2015,7,2,11,-1,-80.803,-81.674,1555,711.8,2015-07-02 11:00:00,2015-07-02 12:00:00,-1,183
1,2015,7,2,10,-2,-81.314,-82.166,1607.4,694.3,2015-07-02 10:00:00,2015-07-02 12:00:00,-1,183
1,2015,7,2,9,-3,-81.838,-82.807,1656.6,676.4,2015-07-02 09:00:00,2015-07-02 12:00:00,-1,183
1,2015,7,2,8,-4,-82.376,-83.649,1702.4,657.3,2015-07-02 08:00:00,2015-07-02 12:00:00,-1,183
1,2015,7,2,7,-5,-82.925,-84.7,1747.5,639.2,2015-07-02 07:00:00,2015-07-02 12:00:00,-1,183
1,2015,7,2,6,-6,-83.476,-85.924,1795.4,622.8,2015-07-02 06:00:00,2015-07-02 12:00:00,-1,183
1,2015,7,2,5,-7,-84.031,-87.331,1845.8,608.8,2015-07-02 05:00:00,2015-07-02 12:00:00,-1,183
1,2015,7,2,4,-8,-84.598,-88.979,1897.3,597.6,2015-07-02 04:00:00,2015-07-02 12:00:00,-1,183
1,2015,7,2,3,-9,-85.179,-90.982,1945,585.4,2015-07-02 03:00:00,2015-07-02 12:00:00,-1,183
1,2015,7,2,2,-10,-85.769,-93.553,1982.3,568.1,2015-07-02 02:00:00,2015-07-02 12:00:00,-1,183
1,2015,7,2,1,-11,-86.357,-96.937,2017.8,553,2015-07-02 01:00:00,2015-07-02 12:00:00,-1,183
1,2015,7,2,0,-12,-86.934,-101.547,2053.4,540.6,2015-07-02,2015-07-02 12:00:00,-1,183
1,2015,7,1,23,-13,-87.475,-108.264,2086.6,529.3,2015-07-01 23:00:00,2015-07-02 12:00:00,-1,183
1,2015,7,1,22,-14,-87.927,-118.782,2110.7,518.6,2015-07-01 22:00:00,2015-07-02 12:00:00,-1,183
1,2015,7,1,21,-15,-88.221,-134.326,2129.3,510.8,2015-07-01 21:00:00,2015-07-02 12:00:00,-1,183
1,2015,7,1,20,-16,-88.29,-153.425,2137.8,504,2015-07-01 20:00:00,2015-07-02 12:00:00,-1,183
1,2015,7,1,19,-17,-88.118,-171.882,2130.9,495,2015-07-01 19:00:00,2015-07-02 12:00:00,-1,183
1,2015,7,1,18,-18,-87.753,174.293,2110.7,485.1,2015-07-01 18:00:00,2015-07-02 12:00:00,-1,183
1,2015,7,1,17,-19,-87.274,166.064,2095.9,485.1,2015-07-01 17:00:00,2015-07-02 12:00:00,-1,183
1,2015,7,1,16,-20,-86.751,160.788,2086.1,492,2015-07-01 16:00:00,2015-07-02 12:00:00,-1,183
1,2015,7,1,15,-21,-86.201,157.193,2069.9,498.4,2015-07-01 15:00:00,2015-07-02 12:00:00,-1,183
1,2015,7,1,14,-22,-85.629,154.817,2045,505.5,2015-07-01 14:00:00,2015-07-02 12:00:00,-1,183
1,2015,7,1,13,-23,-85.034,153.403,2010.8,513.8,2015-07-01 13:00:00,2015-07-02 12:00:00,-1,183
1,2015,7,1,12,-24,-84.43,152.512,1981.7,530.7,2015-07-01 12:00:00,2015-07-02 12:00:00,-1,183
1,2015,7,3,12,0,-80.3,-81.3,1500,734.7,2015-07-03 12:00:00,2015-07-03 12:00:00,24,184
1,2015,7,3,11,-1,-80.689,-82.692,1548,709.7,2015-07-03 11:00:00,2015-07-03 12:00:00,-1,184
1,2015,7,3,10,-2,-81.084,-84.264,1596.1,683.2,2015-07-03 10:00:00,2015-07-03 12:00:00,-1,184
1,2015,7,3,9,-3,-81.477,-86.035,1644.2,657,2015-07-03 09:00:00,2015-07-03 12:00:00,-1,184
1,2015,7,3,8,-4,-81.863,-88.032,1692.5,631.6,2015-07-03 08:00:00,2015-07-03 12:00:00,-1,184
1,2015,7,3,7,-5,-82.236,-90.267,1740.9,608.6,2015-07-03 07:00:00,2015-07-03 12:00:00,-1,184
1,2015,7,3,6,-6,-82.593,-92.742,1791.4,591.1,2015-07-03 06:00:00,2015-07-03 12:00:00,-1,184
1,2015,7,3,5,-7,-82.937,-95.505,1840.9,578.5,2015-07-03 05:00:00,2015-07-03 12:00:00,-1,184
1,2015,7,3,4,-8,-83.266,-98.624,1890.8,571.1,2015-07-03 04:00:00,2015-07-03 12:00:00,-1,184
1,2015,7,3,3,-9,-83.568,-102.126,1942.2,568.4,2015-07-03 03:00:00,2015-07-03 12:00:00,-1,184
1,2015,7,3,2,-10,-83.831,-106.007,1997,570.5,2015-07-03 02:00:00,2015-07-03 12:00:00,-1,184
1,2015,7,3,1,-11,-84.044,-110.253,2055.7,576.6,2015-07-03 01:00:00,2015-07-03 12:00:00,-1,184
1,2015,7,3,0,-12,-84.205,-114.828,2119.1,586.3,2015-07-03,2015-07-03 12:00:00,-1,184
1,2015,7,2,23,-13,-84.318,-119.637,2182.6,598.7,2015-07-02 23:00:00,2015-07-03 12:00:00,-1,184
1,2015,7,2,22,-14,-84.389,-124.511,2240,611.5,2015-07-02 22:00:00,2015-07-03 12:00:00,-1,184
1,2015,7,2,21,-15,-84.414,-129.286,2286.3,625.3,2015-07-02 21:00:00,2015-07-03 12:00:00,-1,184
1,2015,7,2,20,-16,-84.396,-133.86,2319.9,637.7,2015-07-02 20:00:00,2015-07-03 12:00:00,-1,184
1,2015,7,2,19,-17,-84.334,-138.138,2339.6,648.5,2015-07-02 19:00:00,2015-07-03 12:00:00,-1,184
1,2015,7,2,18,-18,-84.231,-142.032,2349.9,659.3,2015-07-02 18:00:00,2015-07-03 12:00:00,-1,184
1,2015,7,2,17,-19,-84.089,-145.538,2348.5,668.9,2015-07-02 17:00:00,2015-07-03 12:00:00,-1,184
1,2015,7,2,16,-20,-83.911,-148.647,2336.7,678.8,2015-07-02 16:00:00,2015-07-03 12:00:00,-1,184
1,2015,7,2,15,-21,-83.703,-151.313,2315.9,689.5,2015-07-02 15:00:00,2015-07-03 12:00:00,-1,184
1,2015,7,2,14,-22,-83.477,-153.522,2288.9,700.8,2015-07-02 14:00:00,2015-07-03 12:00:00,-1,184
1,2015,7,2,13,-23,-83.242,-155.28,2257.6,712.9,2015-07-02 13:00:00,2015-07-03 12:00:00,-1,184
1,2015,7,2,12,-24,-83.003,-156.598,2223.8,725.5,2015-07-02 12:00:00,2015-07-03 12:00:00,-1,184
1,2015,7,4,12,0,-80.3,-81.3,1500,738.5,2015-07-04 12:00:00,2015-07-04 12:00:00,24,185
1,2015,7,4,11,-1,-80.573,-83.823,1521.7,704.9,2015-07-04 11:00:00,2015-07-04 12:00:00,-1,185
1,2015,7,4,10,-2,-80.856,-86.614,1539.5,670.1,2015-07-04 10:00:00,2015-07-04 12:00:00,-1,185
1,2015,7,4,9,-3,-81.133,-89.652,1555.4,639,2015-07-04 09:00:00,2015-07-04 12:00:00,-1,185
1,2015,7,4,8,-4,-81.392,-92.937,1571.6,614.8,2015-07-04 08:00:00,2015-07-04 12:00:00,-1,185
1,2015,7,4,7,-5,-81.623,-96.454,1591.5,599.6,2015-07-04 07:00:00,2015-07-04 12:00:00,-1,185
1,2015,7,4,6,-6,-81.81,-100.167,1616,592.7,2015-07-04 06:00:00,2015-07-04 12:00:00,-1,185
1,2015,7,4,5,-7,-81.948,-104.059,1646.9,593.6,2015-07-04 05:00:00,2015-07-04 12:00:00,-1,185
1,2015,7,4,4,-8,-82.036,-108.066,1684.3,603.3,2015-07-04 04:00:00,2015-07-04 12:00:00,-1,185
1,2015,7,4,3,-9,-82.073,-112.054,1724.2,618.9,2015-07-04 03:00:00,2015-07-04 12:00:00,-1,185
1,2015,7,4,2,-10,-82.065,-115.889,1760.9,639,2015-07-04 02:00:00,2015-07-04 12:00:00,-1,185
1,2015,7,4,1,-11,-82.02,-119.458,1787.5,659.6,2015-07-04 01:00:00,2015-07-04 12:00:00,-1,185
1,2015,7,4,0,-12,-81.945,-122.702,1799.4,677.7,2015-07-04,2015-07-04 12:00:00,-1,185
1,2015,7,3,23,-13,-81.841,-125.569,1796.2,691.9,2015-07-03 23:00:00,2015-07-04 12:00:00,-1,185
1,2015,7,3,22,-14,-81.708,-128.051,1783,703.1,2015-07-03 22:00:00,2015-07-04 12:00:00,-1,185
1,2015,7,3,21,-15,-81.548,-130.198,1760.2,711.4,2015-07-03 21:00:00,2015-07-04 12:00:00,-1,185
1,2015,7,3,20,-16,-81.366,-132.054,1728.4,717.6,2015-07-03 20:00:00,2015-07-04 12:00:00,-1,185
1,2015,7,3,19,-17,-81.164,-133.663,1689.6,722.5,2015-07-03 19:00:00,2015-07-04 12:00:00,-1,185
1,2015,7,3,18,-18,-80.942,-135.067,1644.4,726.3,2015-07-03 18:00:00,2015-07-04 12:00:00,-1,185
1,2015,7,3,17,-19,-80.703,-136.315,1595.5,729.4,2015-07-03 17:00:00,2015-07-04 12:00:00,-1,185
1,2015,7,3,16,-20,-80.452,-137.451,1546.3,731.7,2015-07-03 16:00:00,2015-07-04 12:00:00,-1,185
1,2015,7,3,15,-21,-80.189,-138.495,1496.3,733.6,2015-07-03 15:00:00,2015-07-04 12:00:00,-1,185
1,2015,7,3,14,-22,-79.917,-139.456,1447.3,736.2,2015-07-03 14:00:00,2015-07-04 12:00:00,-1,185
1,2015,7,3,13,-23,-79.64,-140.307,1402.2,741.5,2015-07-03 13:00:00,2015-07-04 12:00:00,-1,185
1,2015,7,3,12,-24,-79.36,-141.035,1359.9,747,2015-07-03 12:00:00,2015-07-04 12:00:00,-1,185
1,2015,7,5,12,0,-80.3,-81.3,1500,735.4,2015-07-05 12:00:00,2015-07-05 12:00:00,24,186
1,2015,7,5,11,-1,-80.664,-84.811,1547.9,687.8,2015-07-05 11:00:00,2015-07-05 12:00:00,-1,186
1,2015,7,5,10,-2,-80.993,-88.688,1587.9,642.7,2015-07-05 10:00:00,2015-07-05 12:00:00,-1,186
1,2015,7,5,9,-3,-81.262,-92.842,1625,608.9,2015-07-05 09:00:00,2015-07-05 12:00:00,-1,186
1,2015,7,5,8,-4,-81.463,-97.16,1663.2,588.9,2015-07-05 08:00:00,2015-07-05 12:00:00,-1,186
1,2015,7,5,7,-5,-81.595,-101.527,1703.4,582.9,2015-07-05 07:00:00,2015-07-05 12:00:00,-1,186
1,2015,7,5,6,-6,-81.662,-105.812,1741.4,588.8,2015-07-05 06:00:00,2015-07-05 12:00:00,-1,186
1,2015,7,5,5,-7,-81.668,-109.931,1770.6,603,2015-07-05 05:00:00,2015-07-05 12:00:00,-1,186
1,2015,7,5,4,-8,-81.624,-113.794,1789.6,621.7,2015-07-05 04:00:00,2015-07-05 12:00:00,-1,186
1,2015,7,5,3,-9,-81.54,-117.33,1795.1,641,2015-07-05 03:00:00,2015-07-05 12:00:00,-1,186
1,2015,7,5,2,-10,-81.428,-120.507,1788.4,658.5,2015-07-05 02:00:00,2015-07-05 12:00:00,-1,186
1,2015,7,5,1,-11,-81.298,-123.353,1771.6,672.9,2015-07-05 01:00:00,2015-07-05 12:00:00,-1,186
1,2015,7,5,0,-12,-81.157,-125.891,1748.7,684.6,2015-07-05,2015-07-05 12:00:00,-1,186
1,2015,7,4,23,-13,-81.002,-128.173,1724.8,693,2015-07-04 23:00:00,2015-07-05 12:00:00,-1,186
1,2015,7,4,22,-14,-80.831,-130.25,1701.5,699,2015-07-04 22:00:00,2015-07-05 12:00:00,-1,186
1,2015,7,4,21,-15,-80.644,-132.165,1678.9,702.8,2015-07-04 21:00:00,2015-07-05 12:00:00,-1,186
1,2015,7,4,20,-16,-80.445,-133.95,1656.6,706,2015-07-04 20:00:00,2015-07-05 12:00:00,-1,186
1,2015,7,4,19,-17,-80.232,-135.628,1634,708.5,2015-07-04 19:00:00,2015-07-05 12:00:00,-1,186
1,2015,7,4,18,-18,-80.004,-137.207,1610.7,710.2,2015-07-04 18:00:00,2015-07-05 12:00:00,-1,186
1,2015,7,4,17,-19,-79.759,-138.638,1587.8,714.4,2015-07-04 17:00:00,2015-07-05 12:00:00,-1,186
1,2015,7,4,16,-20,-79.496,-139.874,1564,719.4,2015-07-04 16:00:00,2015-07-05 12:00:00,-1,186
1,2015,7,4,15,-21,-79.217,-140.933,1540,724.2,2015-07-04 15:00:00,2015-07-05 12:00:00,-1,186
1,2015,7,4,14,-22,-78.922,-141.829,1516.4,729.1,2015-07-04 14:00:00,2015-07-05 12:00:00,-1,186
1,2015,7,4,13,-23,-78.611,-142.575,1493.6,734.1,2015-07-04 13:00:00,2015-07-05 12:00:00,-1,186
1,2015,7,4,12,-24,-78.283,-143.186,1471.7,738.7,2015-07-04 12:00:00,2015-07-05 12:00:00,-1,186
1,2015,7,6,12,0,-80.3,-81.3,1500,725.2,2015-07-06 12:00:00,2015-07-06 12:00:00,24,187
1,2015,7,6,11,-1,-80.46,-83.737,1497.8,696.7,2015-07-06 11:00:00,2015-07-06 12:00:00,-1,187
1,2015,7,6,10,-2,-80.607,-86.262,1500.2,667,2015-07-06 10:00:00,2015-07-06 12:00:00,-1,187
1,2015,7,6,9,-3,-80.736,-88.901,1505.7,639.8,2015-07-06 09:00:00,2015-07-06 12:00:00,-1,187
1,2015,7,6,8,-4,-80.845,-91.637,1512,617.9,2015-07-06 08:00:00,2015-07-06 12:00:00,-1,187
1,2015,7,6,7,-5,-80.931,-94.426,1517.1,602.5,2015-07-06 07:00:00,2015-07-06 12:00:00,-1,187
1,2015,7,6,6,-6,-80.989,-97.213,1519.9,592.8,2015-07-06 06:00:00,2015-07-06 12:00:00,-1,187
1,2015,7,6,5,-7,-81.018,-100.017,1524.7,590.4,2015-07-06 05:00:00,2015-07-06 12:00:00,-1,187
1,2015,7,6,4,-8,-81.018,-102.859,1531.2,593.4,2015-07-06 04:00:00,2015-07-06 12:00:00,-1,187
1,2015,7,6,3,-9,-80.988,-105.69,1539.6,600.9,2015-07-06 03:00:00,2015-07-06 12:00:00,-1,187
1,2015,7,6,2,-10,-80.93,-108.444,1545.9,611.1,2015-07-06 02:00:00,2015-07-06 12:00:00,-1,187
1,2015,7,6,1,-11,-80.844,-111.062,1548.4,623.2,2015-07-06 01:00:00,2015-07-06 12:00:00,-1,187
1,2015,7,6,0,-12,-80.735,-113.506,1544.3,636.1,2015-07-06,2015-07-06 12:00:00,-1,187
1,2015,7,5,23,-13,-80.606,-115.748,1532.1,648,2015-07-05 23:00:00,2015-07-06 12:00:00,-1,187
1,2015,7,5,22,-14,-80.452,-117.775,1512.8,658.6,2015-07-05 22:00:00,2015-07-06 12:00:00,-1,187
1,2015,7,5,21,-15,-80.276,-119.588,1487.6,666.9,2015-07-05 21:00:00,2015-07-06 12:00:00,-1,187
1,2015,7,5,20,-16,-80.075,-121.189,1457.7,673.7,2015-07-05 20:00:00,2015-07-06 12:00:00,-1,187
1,2015,7,5,19,-17,-79.853,-122.585,1423.6,678.3,2015-07-05 19:00:00,2015-07-06 12:00:00,-1,187
1,2015,7,5,18,-18,-79.615,-123.791,1387.1,680.3,2015-07-05 18:00:00,2015-07-06 12:00:00,-1,187
1,2015,7,5,17,-19,-79.373,-124.8,1353.2,680.8,2015-07-05 17:00:00,2015-07-06 12:00:00,-1,187
1,2015,7,5,16,-20,-79.135,-125.623,1324.4,680.4,2015-07-05 16:00:00,2015-07-06 12:00:00,-1,187
1,2015,7,5,15,-21,-78.9,-126.278,1300.3,679.1,2015-07-05 15:00:00,2015-07-06 12:00:00,-1,187
1,2015,7,5,14,-22,-78.668,-126.781,1280.4,676.8,2015-07-05 14:00:00,2015-07-06 12:00:00,-1,187
1,2015,7,5,13,-23,-78.438,-127.143,1263.9,673.8,2015-07-05 13:00:00,2015-07-06 12:00:00,-1,187
1,2015,7,5,12,-24,-78.209,-127.372,1250,670.2,2015-07-05 12:00:00,2015-07-06 12:00:00,-1,187
1,2015,7,7,12,0,-80.3,-81.3,1500,719.6,2015-07-07 12:00:00,2015-07-07 12:00:00,24,188
1,2015,7,7,11,-1,-80.566,-84.71,1556.2,673,2015-07-07 11:00:00,2015-07-07 12:00:00,-1,188
1,2015,7,7,10,-2,-80.809,-88.289,1598.4,630.5,2015-07-07 10:00:00,2015-07-07 12:00:00,-1,188
1,2015,7,7,9,-3,-81.022,-91.99,1631.4,598.6,2015-07-07 09:00:00,2015-07-07 12:00:00,-1,188
1,2015,7,7,8,-4,-81.202,-95.776,1657.2,579.6,2015-07-07 08:00:00,2015-07-07 12:00:00,-1,188
1,2015,7,7,7,-5,-81.349,-99.61,1678.3,571.3,2015-07-07 07:00:00,2015-07-07 12:00:00,-1,188
1,2015,7,7,6,-6,-81.458,-103.434,1695,573.4,2015-07-07 06:00:00,2015-07-07 12:00:00,-1,188
1,2015,7,7,5,-7,-81.527,-107.196,1707.8,582.1,2015-07-07 05:00:00,2015-07-07 12:00:00,-1,188
1,2015,7,7,4,-8,-81.558,-110.827,1716.7,596.9,2015-07-07 04:00:00,2015-07-07 12:00:00,-1,188
1,2015,7,7,3,-9,-81.552,-114.247,1720.7,614,2015-07-07 03:00:00,2015-07-07 12:00:00,-1,188
1,2015,7,7,2,-10,-81.516,-117.384,1719.4,630.7,2015-07-07 02:00:00,2015-07-07 12:00:00,-1,188
1,2015,7,7,1,-11,-81.46,-120.196,1714.2,646.8,2015-07-07 01:00:00,2015-07-07 12:00:00,-1,188
1,2015,7,7,0,-12,-81.393,-122.693,1704.8,659.5,2015-07-07,2015-07-07 12:00:00,-1,188
1,2015,7,6,23,-13,-81.31,-124.931,1691.1,669.6,2015-07-06 23:00:00,2015-07-07 12:00:00,-1,188
1,2015,7,6,22,-14,-81.206,-126.939,1674.1,678.7,2015-07-06 22:00:00,2015-07-07 12:00:00,-1,188
1,2015,7,6,21,-15,-81.083,-128.727,1653.8,685.4,2015-07-06 21:00:00,2015-07-07 12:00:00,-1,188
1,2015,7,6,20,-16,-80.944,-130.312,1631.1,690.3,2015-07-06 20:00:00,2015-07-07 12:00:00,-1,188
1,2015,7,6,19,-17,-80.791,-131.719,1605.8,694.3,2015-07-06 19:00:00,2015-07-07 12:00:00,-1,188
1,2015,7,6,18,-18,-80.627,-132.978,1577.4,697.4,2015-07-06 18:00:00,2015-07-07 12:00:00,-1,188
1,2015,7,6,17,-19,-80.461,-134.126,1547.3,700.4,2015-07-06 17:00:00,2015-07-07 12:00:00,-1,188
1,2015,7,6,16,-20,-80.304,-135.198,1516.9,703.1,2015-07-06 16:00:00,2015-07-07 12:00:00,-1,188
1,2015,7,6,15,-21,-80.154,-136.212,1485.9,705.7,2015-07-06 15:00:00,2015-07-07 12:00:00,-1,188
1,2015,7,6,14,-22,-80.009,-137.186,1454.6,708.4,2015-07-06 14:00:00,2015-07-07 12:00:00,-1,188
1,2015,7,6,13,-23,-79.869,-138.097,1425.1,712.7,2015-07-06 13:00:00,2015-07-07 12:00:00,-1,188
1,2015,7,6,12,-24,-79.736,-138.917,1398.2,717,2015-07-06 12:00:00,2015-07-07 12:00:00,-1,188
1,2015,7,8,12,0,-80.3,-81.3,1500,715.3,2015-07-08 12:00:00,2015-07-08 12:00:00,24,189
1,2015,7,8,11,-1,-80.368,-84.065,1487.2,684.1,2015-07-08 11:00:00,2015-07-08 12:00:00,-1,189
1,2015,7,8,10,-2,-80.423,-87.067,1473,650.4,2015-07-08 10:00:00,2015-07-08 12:00:00,-1,189
1,2015,7,8,9,-3,-80.462,-90.261,1458.9,622.1,2015-07-08 09:00:00,2015-07-08 12:00:00,-1,189
1,2015,7,8,8,-4,-80.483,-93.603,1442.7,601.4,2015-07-08 08:00:00,2015-07-08 12:00:00,-1,189
1,2015,7,8,7,-5,-80.481,-97.044,1424.8,590.8,2015-07-08 07:00:00,2015-07-08 12:00:00,-1,189
1,2015,7,8,6,-6,-80.451,-100.533,1404.5,590.2,2015-07-08 06:00:00,2015-07-08 12:00:00,-1,189
1,2015,7,8,5,-7,-80.397,-103.975,1383.6,598.2,2015-07-08 05:00:00,2015-07-08 12:00:00,-1,189
1,2015,7,8,4,-8,-80.33,-107.279,1365,611.6,2015-07-08 04:00:00,2015-07-08 12:00:00,-1,189
1,2015,7,8,3,-9,-80.249,-110.403,1344.4,626.6,2015-07-08 03:00:00,2015-07-08 12:00:00,-1,189
1,2015,7,8,2,-10,-80.154,-113.324,1319.7,641.6,2015-07-08 02:00:00,2015-07-08 12:00:00,-1,189
1,2015,7,8,1,-11,-80.041,-116.035,1289.1,656.3,2015-07-08 01:00:00,2015-07-08 12:00:00,-1,189
1,2015,7,8,0,-12,-79.911,-118.517,1251.1,668.8,2015-07-08,2015-07-08 12:00:00,-1,189
1,2015,7,7,23,-13,-79.767,-120.759,1207.1,677.3,2015-07-07 23:00:00,2015-07-08 12:00:00,-1,189
1,2015,7,7,22,-14,-79.609,-122.757,1162.3,683.2,2015-07-07 22:00:00,2015-07-08 12:00:00,-1,189
1,2015,7,7,21,-15,-79.435,-124.514,1118.7,687.1,2015-07-07 21:00:00,2015-07-08 12:00:00,-1,189
1,2015,7,7,20,-16,-79.244,-126.035,1076.1,689.9,2015-07-07 20:00:00,2015-07-08 12:00:00,-1,189
1,2015,7,7,19,-17,-79.038,-127.331,1034.9,691.3,2015-07-07 19:00:00,2015-07-08 12:00:00,-1,189
1,2015,7,7,18,-18,-78.817,-128.409,995.7,692.6,2015-07-07 18:00:00,2015-07-08 12:00:00,-1,189
1,2015,7,7,17,-19,-78.586,-129.301,956.8,693.2,2015-07-07 17:00:00,2015-07-08 12:00:00,-1,189
1,2015,7,7,16,-20,-78.349,-130.042,915.9,693.5,2015-07-07 16:00:00,2015-07-08 12:00:00,-1,189
1,2015,7,7,15,-21,-78.106,-130.638,872.9,694.5,2015-07-07 15:00:00,2015-07-08 12:00:00,-1,189
1,2015,7,7,14,-22,-77.858,-131.094,826.4,694.9,2015-07-07 14:00:00,2015-07-08 12:00:00,-1,189
1,2015,7,7,13,-23,-77.603,-131.408,776.1,695.1,2015-07-07 13:00:00,2015-07-08 12:00:00,-1,189
1,2015,7,7,12,-24,-77.341,-131.588,726.6,705.2,2015-07-07 12:00:00,2015-07-08 12:00:00,-1,189
1,2015,7,9,12,0,-80.3,-81.3,1500,717.9,2015-07-09 12:00:00,2015-07-09 12:00:00,24,190
1,2015,7,9,11,-1,-80.477,-82.04,1542,703.1,2015-07-09 11:00:00,2015-07-09 12:00:00,-1,190
1,2015,7,9,10,-2,-80.663,-82.809,1583.5,687.9,2015-07-09 10:00:00,2015-07-09 12:00:00,-1,190
1,2015,7,9,9,-3,-80.865,-83.633,1623.3,672.6,2015-07-09 09:00:00,2015-07-09 12:00:00,-1,190
1,2015,7,9,8,-4,-81.089,-84.549,1660.1,656.8,2015-07-09 08:00:00,2015-07-09 12:00:00,-1,190
1,2015,7,9,7,-5,-81.34,-85.603,1692.9,640.6,2015-07-09 07:00:00,2015-07-09 12:00:00,-1,190
1,2015,7,9,6,-6,-81.619,-86.851,1720.8,623.8,2015-07-09 06:00:00,2015-07-09 12:00:00,-1,190
1,2015,7,9,5,-7,-81.922,-88.246,1746.5,607.9,2015-07-09 05:00:00,2015-07-09 12:00:00,-1,190
1,2015,7,9,4,-8,-82.245,-89.685,1773.7,593.2,2015-07-09 04:00:00,2015-07-09 12:00:00,-1,190
1,2015,7,9,3,-9,-82.586,-91.125,1805.4,581.2,2015-07-09 03:00:00,2015-07-09 12:00:00,-1,190
1,2015,7,9,2,-10,-82.941,-92.527,1842.7,572.4,2015-07-09 02:00:00,2015-07-09 12:00:00,-1,190
1,2015,7,9,1,-11,-83.31,-93.863,1884.8,566.3,2015-07-09 01:00:00,2015-07-09 12:00:00,-1,190
1,2015,7,9,0,-12,-83.695,-95.112,1930,560.9,2015-07-09,2015-07-09 12:00:00,-1,190
1,2015,7,8,23,-13,-84.088,-96.451,1978.6,557.3,2015-07-08 23:00:00,2015-07-09 12:00:00,-1,190
1,2015,7,8,22,-14,-84.477,-98.103,2027.8,554.1,2015-07-08 22:00:00,2015-07-09 12:00:00,-1,190
1,2015,7,8,21,-15,-84.86,-100.125,2078.3,550.9,2015-07-08 21:00:00,2015-07-09 12:00:00,-1,190
1,2015,7,8,20,-16,-85.234,-102.644,2125.5,544.2,2015-07-08 20:00:00,2015-07-09 12:00:00,-1,190
1,2015,7,8,19,-17,-85.59,-105.924,2165.3,536.6,2015-07-08 19:00:00,2015-07-09 12:00:00,-1,190
1,2015,7,8,18,-18,-85.92,-110.167,2202.1,531.8,2015-07-08 18:00:00,2015-07-09 12:00:00,-1,190
1,2015,7,8,17,-19,-86.223,-115.259,2234.9,528.5,2015-07-08 17:00:00,2015-07-09 12:00:00,-1,190
1,2015,7,8,16,-20,-86.506,-120.931,2265,525.6,2015-07-08 16:00:00,2015-07-09 12:00:00,-1,190
1,2015,7,8,15,-21,-86.772,-127.163,2292,520.9,2015-07-08 15:00:00,2015-07-09 12:00:00,-1,190
1,2015,7,8,14,-22,-87.026,-133.996,2315.1,512.3,2015-07-08 14:00:00,2015-07-09 12:00:00,-1,190
1,2015,7,8,13,-23,-87.271,-141.545,2336,499,2015-07-08 13:00:00,2015-07-09 12:00:00,-1,190
1,2015,7,8,12,-24,-87.507,-150.116,2358.4,481.9,2015-07-08 12:00:00,2015-07-09 12:00:00,-1,190
1,2015,7,10,12,0,-80.3,-81.3,1500,720.3,2015-07-10 12:00:00,2015-07-10 12:00:00,24,191
1,2015,7,10,11,-1,-80.366,-81.159,1513.1,719.5,2015-07-10 11:00:00,2015-07-10 12:00:00,-1,191
1,2015,7,10,10,-2,-80.438,-80.972,1528.4,718.7,2015-07-10 10:00:00,2015-07-10 12:00:00,-1,191
1,2015,7,10,9,-3,-80.516,-80.738,1545.9,718.1,2015-07-10 09:00:00,2015-07-10 12:00:00,-1,191
1,2015,7,10,8,-4,-80.601,-80.457,1565.6,717.6,2015-07-10 08:00:00,2015-07-10 12:00:00,-1,191
1,2015,7,10,7,-5,-80.691,-80.129,1587.9,717.2,2015-07-10 07:00:00,2015-07-10 12:00:00,-1,191
1,2015,7,10,6,-6,-80.788,-79.755,1612.5,716.7,2015-07-10 06:00:00,2015-07-10 12:00:00,-1,191
1,2015,7,10,5,-7,-80.888,-79.374,1635.7,716,2015-07-10 05:00:00,2015-07-10 12:00:00,-1,191
1,2015,7,10,4,-8,-80.99,-79.022,1653.6,715.8,2015-07-10 04:00:00,2015-07-10 12:00:00,-1,191
1,2015,7,10,3,-9,-81.092,-78.695,1666.9,715.7,2015-07-10 03:00:00,2015-07-10 12:00:00,-1,191
1,2015,7,10,2,-10,-81.194,-78.391,1676.1,715.7,2015-07-10 02:00:00,2015-07-10 12:00:00,-1,191
1,2015,7,10,1,-11,-81.295,-78.104,1681.5,715.8,2015-07-10 01:00:00,2015-07-10 12:00:00,-1,191
1,2015,7,10,0,-12,-81.396,-77.833,1683.7,716,2015-07-10,2015-07-10 12:00:00,-1,191
1,2015,7,9,23,-13,-81.5,-77.58,1687,716.2,2015-07-09 23:00:00,2015-07-10 12:00:00,-1,191
1,2015,7,9,22,-14,-81.616,-77.348,1695,714.8,2015-07-09 22:00:00,2015-07-10 12:00:00,-1,191
1,2015,7,9,21,-15,-81.743,-77.137,1708,712.3,2015-07-09 21:00:00,2015-07-10 12:00:00,-1,191
1,2015,7,9,20,-16,-81.883,-76.945,1725.8,709,2015-07-09 20:00:00,2015-07-10 12:00:00,-1,191
1,2015,7,9,19,-17,-82.035,-76.771,1748.2,704.8,2015-07-09 19:00:00,2015-07-10 12:00:00,-1,191
1,2015,7,9,18,-18,-82.201,-76.613,1774.9,699.8,2015-07-09 18:00:00,2015-07-10 12:00:00,-1,191
1,2015,7,9,17,-19,-82.374,-76.507,1805.3,694.2,2015-07-09 17:00:00,2015-07-10 12:00:00,-1,191
1,2015,7,9,16,-20,-82.547,-76.487,1837.5,687.7,2015-07-09 16:00:00,2015-07-10 12:00:00,-1,191
1,2015,7,9,15,-21,-82.723,-76.526,1872.1,680.1,2015-07-09 15:00:00,2015-07-10 12:00:00,-1,191
1,2015,7,9,14,-22,-82.906,-76.6,1909.7,671.8,2015-07-09 14:00:00,2015-07-10 12:00:00,-1,191
1,2015,7,9,13,-23,-83.097,-76.699,1950,663,2015-07-09 13:00:00,2015-07-10 12:00:00,-1,191
1,2015,7,9,12,-24,-83.3,-76.811,1992.6,653.9,2015-07-09 12:00:00,2015-07-10 12:00:00,-1,191
1,2015,7,11,12,0,-80.3,-81.3,1500,718.6,2015-07-11 12:00:00,2015-07-11 12:00:00,24,192
1,2015,7,11,11,-1,-80.302,-81.041,1506.1,720.8,2015-07-11 11:00:00,2015-07-11 12:00:00,-1,192
1,2015,7,11,10,-2,-80.309,-80.746,1511.1,723.5,2015-07-11 10:00:00,2015-07-11 12:00:00,-1,192
1,2015,7,11,9,-3,-80.32,-80.414,1514.9,726.7,2015-07-11 09:00:00,2015-07-11 12:00:00,-1,192
1,2015,7,11,8,-4,-80.335,-80.049,1517.6,730.3,2015-07-11 08:00:00,2015-07-11 12:00:00,-1,192
1,2015,7,11,7,-5,-80.355,-79.651,1518.7,733.9,2015-07-11 07:00:00,2015-07-11 12:00:00,-1,192
1,2015,7,11,6,-6,-80.38,-79.221,1518.6,737.7,2015-07-11 06:00:00,2015-07-11 12:00:00,-1,192
1,2015,7,11,5,-7,-80.414,-78.807,1516.6,741.5,2015-07-11 05:00:00,2015-07-11 12:00:00,-1,192
1,2015,7,11,4,-8,-80.464,-78.448,1512,744.8,2015-07-11 04:00:00,2015-07-11 12:00:00,-1,192
1,2015,7,11,3,-9,-80.528,-78.138,1505,747.5,2015-07-11 03:00:00,2015-07-11 12:00:00,-1,192
1,2015,7,11,2,-10,-80.606,-77.871,1495.5,749.8,2015-07-11 02:00:00,2015-07-11 12:00:00,-1,192
1,2015,7,11,1,-11,-80.698,-77.645,1484,751.5,2015-07-11 01:00:00,2015-07-11 12:00:00,-1,192
1,2015,7,11,0,-12,-80.803,-77.458,1470.6,752.8,2015-07-11,2015-07-11 12:00:00,-1,192
1,2015,7,10,23,-13,-80.916,-77.236,1458.3,753.9,2015-07-10 23:00:00,2015-07-11 12:00:00,-1,192
1,2015,7,10,22,-14,-81.03,-76.905,1450.2,755.2,2015-07-10 22:00:00,2015-07-11 12:00:00,-1,192
1,2015,7,10,21,-15,-81.146,-76.468,1445.6,756.9,2015-07-10 21:00:00,2015-07-11 12:00:00,-1,192
1,2015,7,10,20,-16,-81.264,-75.928,1444.2,759,2015-07-10 20:00:00,2015-07-11 12:00:00,-1,192
1,2015,7,10,19,-17,-81.386,-75.286,1445.5,761.4,2015-07-10 19:00:00,2015-07-11 12:00:00,-1,192
1,2015,7,10,18,-18,-81.51,-74.541,1448.9,763.6,2015-07-10 18:00:00,2015-07-11 12:00:00,-1,192
1,2015,7,10,17,-19,-81.634,-73.773,1452.8,765.3,2015-07-10 17:00:00,2015-07-11 12:00:00,-1,192
1,2015,7,10,16,-20,-81.752,-73.071,1454.3,767.2,2015-07-10 16:00:00,2015-07-11 12:00:00,-1,192
1,2015,7,10,15,-21,-81.864,-72.434,1453.9,769,2015-07-10 15:00:00,2015-07-11 12:00:00,-1,192
1,2015,7,10,14,-22,-81.97,-71.866,1451.2,769.5,2015-07-10 14:00:00,2015-07-11 12:00:00,-1,192
1,2015,7,10,13,-23,-82.067,-71.369,1447.3,770.1,2015-07-10 13:00:00,2015-07-11 12:00:00,-1,192
1,2015,7,10,12,-24,-82.157,-70.948,1442.2,770.7,2015-07-10 12:00:00,2015-07-11 12:00:00,-1,192
1,2015,7,12,12,0,-80.3,-81.3,1500,721.5,2015-07-12 12:00:00,2015-07-12 12:00:00,24,193
1,2015,7,12,11,-1,-80.299,-80.304,1485.5,733.9,2015-07-12 11:00:00,2015-07-12 12:00:00,-1,193
1,2015,7,12,10,-2,-80.305,-79.25,1464.4,746.9,2015-07-12 10:00:00,2015-07-12 12:00:00,-1,193
1,2015,7,12,9,-3,-80.317,-78.145,1436.8,760.6,2015-07-12 09:00:00,2015-07-12 12:00:00,-1,193
1,2015,7,12,8,-4,-80.335,-76.994,1402.7,774.6,2015-07-12 08:00:00,2015-07-12 12:00:00,-1,193
1,2015,7,12,7,-5,-80.353,-75.796,1362.5,788.5,2015-07-12 07:00:00,2015-07-12 12:00:00,-1,193
1,2015,7,12,6,-6,-80.369,-74.552,1316.7,802.6,2015-07-12 06:00:00,2015-07-12 12:00:00,-1,193
1,2015,7,12,5,-7,-80.391,-73.343,1269.3,814.9,2015-07-12 05:00:00,2015-07-12 12:00:00,-1,193
1,2015,7,12,4,-8,-80.423,-72.242,1223.7,824.9,2015-07-12 04:00:00,2015-07-12 12:00:00,-1,193
1,2015,7,12,3,-9,-80.458,-71.234,1181.5,831.8,2015-07-12 03:00:00,2015-07-12 12:00:00,-1,193
1,2015,7,12,2,-10,-80.491,-70.304,1144.4,837.9,2015-07-12 02:00:00,2015-07-12 12:00:00,-1,193
1,2015,7,12,1,-11,-80.522,-69.447,1112.3,842.1,2015-07-12 01:00:00,2015-07-12 12:00:00,-1,193
1,2015,7,12,0,-12,-80.548,-68.655,1085.6,845,2015-07-12,2015-07-12 12:00:00,-1,193
1,2015,7,11,23,-13,-80.571,-67.887,1061.3,847.5,2015-07-11 23:00:00,2015-07-12 12:00:00,-1,193
1,2015,7,11,22,-14,-80.59,-67.099,1035.2,849.9,2015-07-11 22:00:00,2015-07-12 12:00:00,-1,193
1,2015,7,11,21,-15,-80.603,-66.294,1006.9,852.1,2015-07-11 21:00:00,2015-07-12 12:00:00,-1,193
1,2015,7,11,20,-16,-80.611,-65.475,976.5,854.6,2015-07-11 20:00:00,2015-07-12 12:00:00,-1,193
1,2015,7,11,19,-17,-80.613,-64.648,943.3,857.2,2015-07-11 19:00:00,2015-07-12 12:00:00,-1,193
1,2015,7,11,18,-18,-80.609,-63.819,907.5,859.5,2015-07-11 18:00:00,2015-07-12 12:00:00,-1,193
1,2015,7,11,17,-19,-80.603,-63.02,873.6,862.1,2015-07-11 17:00:00,2015-07-12 12:00:00,-1,193
1,2015,7,11,16,-20,-80.6,-62.272,845.3,863.5,2015-07-11 16:00:00,2015-07-12 12:00:00,-1,193
1,2015,7,11,15,-21,-80.597,-61.578,822.2,863.9,2015-07-11 15:00:00,2015-07-12 12:00:00,-1,193
1,2015,7,11,14,-22,-80.593,-60.944,804,863.9,2015-07-11 14:00:00,2015-07-12 12:00:00,-1,193
1,2015,7,11,13,-23,-80.589,-60.371,790.4,863.5,2015-07-11 13:00:00,2015-07-12 12:00:00,-1,193
1,2015,7,11,12,-24,-80.586,-59.862,781.1,862.9,2015-07-11 12:00:00,2015-07-12 12:00:00,-1,193
1,2015,7,13,12,0,-80.3,-81.3,1500,715.3,2015-07-13 12:00:00,2015-07-13 12:00:00,24,194
1,2015,7,13,11,-1,-80.33,-80.274,1457,731,2015-07-13 11:00:00,2015-07-13 12:00:00,-1,194
1,2015,7,13,10,-2,-80.389,-79.229,1414.1,745.8,2015-07-13 10:00:00,2015-07-13 12:00:00,-1,194
1,2015,7,13,9,-3,-80.471,-78.168,1371.4,760,2015-07-13 09:00:00,2015-07-13 12:00:00,-1,194
1,2015,7,13,8,-4,-80.573,-77.092,1328.6,773.2,2015-07-13 08:00:00,2015-07-13 12:00:00,-1,194
1,2015,7,13,7,-5,-80.687,-75.993,1285.9,785.1,2015-07-13 07:00:00,2015-07-13 12:00:00,-1,194
1,2015,7,13,6,-6,-80.809,-74.87,1243.6,796.3,2015-07-13 06:00:00,2015-07-13 12:00:00,-1,194
1,2015,7,13,5,-7,-80.94,-73.736,1201.8,805.2,2015-07-13 05:00:00,2015-07-13 12:00:00,-1,194
1,2015,7,13,4,-8,-81.082,-72.598,1162.5,813.6,2015-07-13 04:00:00,2015-07-13 12:00:00,-1,194
1,2015,7,13,3,-9,-81.23,-71.424,1125.6,819.5,2015-07-13 03:00:00,2015-07-13 12:00:00,-1,194
1,2015,7,13,2,-10,-81.379,-70.188,1092.4,825.4,2015-07-13 02:00:00,2015-07-13 12:00:00,-1,194
1,2015,7,13,1,-11,-81.526,-68.851,1062.4,829.2,2015-07-13 01:00:00,2015-07-13 12:00:00,-1,194
1,2015,7,13,0,-12,-81.666,-67.369,1036.8,832.6,2015-07-13,2015-07-13 12:00:00,-1,194
1,2015,7,12,23,-13,-81.787,-65.749,1013,833.7,2015-07-12 23:00:00,2015-07-13 12:00:00,-1,194
1,2015,7,12,22,-14,-81.876,-64.028,990,834.8,2015-07-12 22:00:00,2015-07-13 12:00:00,-1,194
1,2015,7,12,21,-15,-81.933,-62.217,968.4,835,2015-07-12 21:00:00,2015-07-13 12:00:00,-1,194
1,2015,7,12,20,-16,-81.954,-60.344,949,833.7,2015-07-12 20:00:00,2015-07-13 12:00:00,-1,194
1,2015,7,12,19,-17,-81.934,-58.454,932.8,831.5,2015-07-12 19:00:00,2015-07-13 12:00:00,-1,194
1,2015,7,12,18,-18,-81.876,-56.598,920.9,828.8,2015-07-12 18:00:00,2015-07-13 12:00:00,-1,194
1,2015,7,12,17,-19,-81.791,-54.765,914.8,825.9,2015-07-12 17:00:00,2015-07-13 12:00:00,-1,194
1,2015,7,12,16,-20,-81.691,-52.947,915.4,822.7,2015-07-12 16:00:00,2015-07-13 12:00:00,-1,194
1,2015,7,12,15,-21,-81.573,-51.167,922.4,819.6,2015-07-12 15:00:00,2015-07-13 12:00:00,-1,194
1,2015,7,12,14,-22,-81.434,-49.443,935.3,816.5,2015-07-12 14:00:00,2015-07-13 12:00:00,-1,194
1,2015,7,12,13,-23,-81.272,-47.793,953.2,814.7,2015-07-12 13:00:00,2015-07-13 12:00:00,-1,194
1,2015,7,12,12,-24,-81.084,-46.23,975.5,814.6,2015-07-12 12:00:00,2015-07-13 12:00:00,-1,194
1,2015,7,14,12,0,-80.3,-81.3,1500,720,2015-07-14 12:00:00,2015-07-14 12:00:00,24,195
1,2015,7,14,11,-1,-80.148,-79.754,1449.5,744.3,2015-07-14 11:00:00,2015-07-14 12:00:00,-1,195
1,2015,7,14,10,-2,-80.04,-78.36,1390.6,766.2,2015-07-14 10:00:00,2015-07-14 12:00:00,-1,195
1,2015,7,14,9,-3,-79.965,-77.085,1324.6,786.4,2015-07-14 09:00:00,2015-07-14 12:00:00,-1,195
1,2015,7,14,8,-4,-79.913,-75.888,1251.9,804.5,2015-07-14 08:00:00,2015-07-14 12:00:00,-1,195
1,2015,7,14,7,-5,-79.875,-74.728,1174,822,2015-07-14 07:00:00,2015-07-14 12:00:00,-1,195
1,2015,7,14,6,-6,-79.843,-73.58,1090.9,837.5,2015-07-14 06:00:00,2015-07-14 12:00:00,-1,195
1,2015,7,14,5,-7,-79.818,-72.481,1010.7,853.2,2015-07-14 05:00:00,2015-07-14 12:00:00,-1,195
1,2015,7,14,4,-8,-79.804,-71.464,937.6,864.4,2015-07-14 04:00:00,2015-07-14 12:00:00,-1,195
1,2015,7,14,3,-9,-79.796,-70.515,872.7,873.8,2015-07-14 03:00:00,2015-07-14 12:00:00,-1,195
1,2015,7,14,2,-10,-79.794,-69.623,815.3,881.4,2015-07-14 02:00:00,2015-07-14 12:00:00,-1,195
1,2015,7,14,1,-11,-79.796,-68.763,764.5,887,2015-07-14 01:00:00,2015-07-14 12:00:00,-1,195
1,2015,7,14,0,-12,-79.801,-67.916,719.9,891.8,2015-07-14,2015-07-14 12:00:00,-1,195
1,2015,7,13,23,-13,-79.817,-67.079,676.8,895.7,2015-07-13 23:00:00,2015-07-14 12:00:00,-1,195
1,2015,7,13,22,-14,-79.85,-66.249,632.1,899.7,2015-07-13 22:00:00,2015-07-14 12:00:00,-1,195
1,2015,7,13,21,-15,-79.901,-65.406,585.9,903,2015-07-13 21:00:00,2015-07-14 12:00:00,-1,195
1,2015,7,13,20,-16,-79.965,-64.532,537.9,905.5,2015-07-13 20:00:00,2015-07-14 12:00:00,-1,195
1,2015,7,13,19,-17,-80.043,-63.613,488.2,906.8,2015-07-13 19:00:00,2015-07-14 12:00:00,-1,195
1,2015,7,13,18,-18,-80.132,-62.633,437.8,907.7,2015-07-13 18:00:00,2015-07-14 12:00:00,-1,195
1,2015,7,13,17,-19,-80.232,-61.57,391.1,909.6,2015-07-13 17:00:00,2015-07-14 12:00:00,-1,195
1,2015,7,13,16,-20,-80.337,-60.384,352.3,908.7,2015-07-13 16:00:00,2015-07-14 12:00:00,-1,195
1,2015,7,13,15,-21,-80.444,-59.046,321.9,906.5,2015-07-13 15:00:00,2015-07-14 12:00:00,-1,195
1,2015,7,13,14,-22,-80.548,-57.531,300.9,902.9,2015-07-13 14:00:00,2015-07-14 12:00:00,-1,195
1,2015,7,13,13,-23,-80.642,-55.808,289.6,898.6,2015-07-13 13:00:00,2015-07-14 12:00:00,-1,195
1,2015,7,13,12,-24,-80.717,-53.851,288.4,894.1,2015-07-13 12:00:00,2015-07-14 12:00:00,-1,195
1,2015,7,15,12,0,-80.3,-81.3,1500,724.8,2015-07-15 12:00:00,2015-07-15 12:00:00,24,196
1,2015,7,15,11,-1,-80.341,-79.938,1507.6,737.7,2015-07-15 11:00:00,2015-07-15 12:00:00,-1,196
1,2015,7,15,10,-2,-80.403,-78.668,1506.9,749.5,2015-07-15 10:00:00,2015-07-15 12:00:00,-1,196
1,2015,7,15,9,-3,-80.478,-77.47,1499,761,2015-07-15 09:00:00,2015-07-15 12:00:00,-1,196
1,2015,7,15,8,-4,-80.56,-76.327,1483.5,770.6,2015-07-15 08:00:00,2015-07-15 12:00:00,-1,196
1,2015,7,15,7,-5,-80.644,-75.226,1462.5,780.4,2015-07-15 07:00:00,2015-07-15 12:00:00,-1,196
1,2015,7,15,6,-6,-80.726,-74.159,1435.7,788.5,2015-07-15 06:00:00,2015-07-15 12:00:00,-1,196
1,2015,7,15,5,-7,-80.801,-73.074,1405.9,796.4,2015-07-15 05:00:00,2015-07-15 12:00:00,-1,196
1,2015,7,15,4,-8,-80.863,-71.917,1373.6,804,2015-07-15 04:00:00,2015-07-15 12:00:00,-1,196
1,2015,7,15,3,-9,-80.91,-70.684,1339.3,811,2015-07-15 03:00:00,2015-07-15 12:00:00,-1,196
1,2015,7,15,2,-10,-80.942,-69.376,1304.1,817.4,2015-07-15 02:00:00,2015-07-15 12:00:00,-1,196
1,2015,7,15,1,-11,-80.956,-67.993,1268.4,822.7,2015-07-15 01:00:00,2015-07-15 12:00:00,-1,196
1,2015,7,15,0,-12,-80.951,-66.534,1232.6,826.5,2015-07-15,2015-07-15 12:00:00,-1,196
1,2015,7,14,23,-13,-80.935,-65.066,1197.1,829.2,2015-07-14 23:00:00,2015-07-15 12:00:00,-1,196
1,2015,7,14,22,-14,-80.911,-63.654,1162.2,830.2,2015-07-14 22:00:00,2015-07-15 12:00:00,-1,196
1,2015,7,14,21,-15,-80.875,-62.299,1129.4,830.9,2015-07-14 21:00:00,2015-07-15 12:00:00,-1,196
1,2015,7,14,20,-16,-80.825,-61.001,1099,831,2015-07-14 20:00:00,2015-07-15 12:00:00,-1,196
1,2015,7,14,19,-17,-80.76,-59.764,1071.9,830.8,2015-07-14 19:00:00,2015-07-15 12:00:00,-1,196
1,2015,7,14,18,-18,-80.679,-58.598,1048.8,830.3,2015-07-14 18:00:00,2015-07-15 12:00:00,-1,196
1,2015,7,14,17,-19,-80.585,-57.477,1027.9,829.7,2015-07-14 17:00:00,2015-07-15 12:00:00,-1,196
1,2015,7,14,16,-20,-80.481,-56.37,1006.8,830.3,2015-07-14 16:00:00,2015-07-15 12:00:00,-1,196
1,2015,7,14,15,-21,-80.366,-55.275,985.7,830.8,2015-07-14 15:00:00,2015-07-15 12:00:00,-1,196
1,2015,7,14,14,-22,-80.239,-54.194,965,832.3,2015-07-14 14:00:00,2015-07-15 12:00:00,-1,196
1,2015,7,14,13,-23,-80.098,-53.126,944.9,834.5,2015-07-14 13:00:00,2015-07-15 12:00:00,-1,196
1,2015,7,14,12,-24,-79.945,-52.068,925.3,837.3,2015-07-14 12:00:00,2015-07-15 12:00:00,-1,196
1,2015,7,16,12,0,-80.3,-81.3,1500,716.3,2015-07-16 12:00:00,2015-07-16 12:00:00,24,197
1,2015,7,16,11,-1,-80.421,-79.902,1484,732,2015-07-16 11:00:00,2015-07-16 12:00:00,-1,197
1,2015,7,16,10,-2,-80.564,-78.587,1462.6,745.7,2015-07-16 10:00:00,2015-07-16 12:00:00,-1,197
1,2015,7,16,9,-3,-80.728,-77.335,1436.4,758.2,2015-07-16 09:00:00,2015-07-16 12:00:00,-1,197
1,2015,7,16,8,-4,-80.906,-76.113,1405.3,768.1,2015-07-16 08:00:00,2015-07-16 12:00:00,-1,197
1,2015,7,16,7,-5,-81.096,-74.903,1371.5,777.8,2015-07-16 07:00:00,2015-07-16 12:00:00,-1,197
1,2015,7,16,6,-6,-81.294,-73.686,1335.2,785.8,2015-07-16 06:00:00,2015-07-16 12:00:00,-1,197
1,2015,7,16,5,-7,-81.485,-72.377,1299,794,2015-07-16 05:00:00,2015-07-16 12:00:00,-1,197
1,2015,7,16,4,-8,-81.654,-70.899,1264.6,800.2,2015-07-16 04:00:00,2015-07-16 12:00:00,-1,197
1,2015,7,16,3,-9,-81.798,-69.242,1233.4,806,2015-07-16 03:00:00,2015-07-16 12:00:00,-1,197
1,2015,7,16,2,-10,-81.92,-67.389,1206.2,811,2015-07-16 02:00:00,2015-07-16 12:00:00,-1,197
1,2015,7,16,1,-11,-82.015,-65.323,1183.6,813.5,2015-07-16 01:00:00,2015-07-16 12:00:00,-1,197
1,2015,7,16,0,-12,-82.079,-63.024,1166.3,813.4,2015-07-16,2015-07-16 12:00:00,-1,197
1,2015,7,15,23,-13,-82.118,-60.567,1156.3,810.4,2015-07-15 23:00:00,2015-07-16 12:00:00,-1,197
1,2015,7,15,22,-14,-82.136,-58.054,1156.6,805.2,2015-07-15 22:00:00,2015-07-16 12:00:00,-1,197
1,2015,7,15,21,-15,-82.131,-55.517,1168.7,798.2,2015-07-15 21:00:00,2015-07-16 12:00:00,-1,197
1,2015,7,15,20,-16,-82.101,-52.975,1194.1,788.9,2015-07-15 20:00:00,2015-07-16 12:00:00,-1,197
1,2015,7,15,19,-17,-82.046,-50.45,1233.4,779.2,2015-07-15 19:00:00,2015-07-16 12:00:00,-1,197
1,2015,7,15,18,-18,-81.964,-47.984,1287,768.4,2015-07-15 18:00:00,2015-07-16 12:00:00,-1,197
1,2015,7,15,17,-19,-81.849,-45.55,1347,758.2,2015-07-15 17:00:00,2015-07-16 12:00:00,-1,197
1,2015,7,15,16,-20,-81.69,-43.138,1407.6,750.3,2015-07-15 16:00:00,2015-07-16 12:00:00,-1,197
1,2015,7,15,15,-21,-81.493,-40.811,1468.9,744.4,2015-07-15 15:00:00,2015-07-16 12:00:00,-1,197
1,2015,7,15,14,-22,-81.262,-38.593,1532.3,739.2,2015-07-15 14:00:00,2015-07-16 12:00:00,-1,197
1,2015,7,15,13,-23,-81.006,-36.498,1600.7,733.4,2015-07-15 13:00:00,2015-07-16 12:00:00,-1,197
1,2015,7,15,12,-24,-80.731,-34.549,1676.3,726.5,2015-07-15 12:00:00,2015-07-16 12:00:00,-1,197
1,2015,7,17,12,0,-80.3,-81.3,1500,716.6,2015-07-17 12:00:00,2015-07-17 12:00:00,24,198
1,2015,7,17,11,-1,-80.292,-80.447,1493.3,727.2,2015-07-17 11:00:00,2015-07-17 12:00:00,-1,198
1,2015,7,17,10,-2,-80.307,-79.585,1483.3,737.4,2015-07-17 10:00:00,2015-07-17 12:00:00,-1,198
1,2015,7,17,9,-3,-80.341,-78.715,1469.5,747,2015-07-17 09:00:00,2015-07-17 12:00:00,-1,198
1,2015,7,17,8,-4,-80.394,-77.84,1451.8,757,2015-07-17 08:00:00,2015-07-17 12:00:00,-1,198
1,2015,7,17,7,-5,-80.463,-76.956,1429.2,766.2,2015-07-17 07:00:00,2015-07-17 12:00:00,-1,198
1,2015,7,17,6,-6,-80.543,-76.061,1402.1,774.9,2015-07-17 06:00:00,2015-07-17 12:00:00,-1,198
1,2015,7,17,5,-7,-80.63,-75.155,1370.1,783.9,2015-07-17 05:00:00,2015-07-17 12:00:00,-1,198
1,2015,7,17,4,-8,-80.718,-74.236,1330.7,792.7,2015-07-17 04:00:00,2015-07-17 12:00:00,-1,198
1,2015,7,17,3,-9,-80.804,-73.303,1285.3,801.9,2015-07-17 03:00:00,2015-07-17 12:00:00,-1,198
1,2015,7,17,2,-10,-80.887,-72.361,1234.6,811,2015-07-17 02:00:00,2015-07-17 12:00:00,-1,198
1,2015,7,17,1,-11,-80.962,-71.414,1178.9,819.1,2015-07-17 01:00:00,2015-07-17 12:00:00,-1,198
1,2015,7,17,0,-12,-81.029,-70.466,1119.6,828.2,2015-07-17,2015-07-17 12:00:00,-1,198
1,2015,7,16,23,-13,-81.094,-69.514,1060,836.6,2015-07-16 23:00:00,2015-07-17 12:00:00,-1,198
1,2015,7,16,22,-14,-81.158,-68.538,1005.2,843.2,2015-07-16 22:00:00,2015-07-17 12:00:00,-1,198
1,2015,7,16,21,-15,-81.22,-67.527,955.1,849.5,2015-07-16 21:00:00,2015-07-17 12:00:00,-1,198
1,2015,7,16,20,-16,-81.278,-66.462,909.5,853.4,2015-07-16 20:00:00,2015-07-17 12:00:00,-1,198
1,2015,7,16,19,-17,-81.326,-65.327,869.1,856.5,2015-07-16 19:00:00,2015-07-17 12:00:00,-1,198
1,2015,7,16,18,-18,-81.362,-64.104,834.1,858.2,2015-07-16 18:00:00,2015-07-17 12:00:00,-1,198
1,2015,7,16,17,-19,-81.382,-62.753,804.8,859.5,2015-07-16 17:00:00,2015-07-17 12:00:00,-1,198
1,2015,7,16,16,-20,-81.383,-61.244,780.6,859.1,2015-07-16 16:00:00,2015-07-17 12:00:00,-1,198
1,2015,7,16,15,-21,-81.359,-59.579,762.4,857.4,2015-07-16 15:00:00,2015-07-17 12:00:00,-1,198
1,2015,7,16,14,-22,-81.304,-57.765,751.7,854.4,2015-07-16 14:00:00,2015-07-17 12:00:00,-1,198
1,2015,7,16,13,-23,-81.213,-55.825,750,849.9,2015-07-16 13:00:00,2015-07-17 12:00:00,-1,198
1,2015,7,16,12,-24,-81.083,-53.799,759,845.7,2015-07-16 12:00:00,2015-07-17 12:00:00,-1,198
1,2015,7,18,12,0,-80.3,-81.3,1500,714.7,2015-07-18 12:00:00,2015-07-18 12:00:00,24,199
1,2015,7,18,11,-1,-80.418,-79.63,1461,735.6,2015-07-18 11:00:00,2015-07-18 12:00:00,-1,199
1,2015,7,18,10,-2,-80.54,-77.997,1420.8,754.4,2015-07-18 10:00:00,2015-07-18 12:00:00,-1,199
1,2015,7,18,9,-3,-80.662,-76.39,1379.5,770.7,2015-07-18 09:00:00,2015-07-18 12:00:00,-1,199
1,2015,7,18,8,-4,-80.778,-74.787,1337.3,785.8,2015-07-18 08:00:00,2015-07-18 12:00:00,-1,199
1,2015,7,18,7,-5,-80.883,-73.172,1293.4,798.4,2015-07-18 07:00:00,2015-07-18 12:00:00,-1,199
1,2015,7,18,6,-6,-80.973,-71.537,1249.1,808.8,2015-07-18 06:00:00,2015-07-18 12:00:00,-1,199
1,2015,7,18,5,-7,-81.053,-69.902,1205.4,817.8,2015-07-18 05:00:00,2015-07-18 12:00:00,-1,199
1,2015,7,18,4,-8,-81.13,-68.286,1162.6,823,2015-07-18 04:00:00,2015-07-18 12:00:00,-1,199
1,2015,7,18,3,-9,-81.2,-66.674,1122.3,827,2015-07-18 03:00:00,2015-07-18 12:00:00,-1,199
1,2015,7,18,2,-10,-81.264,-65.052,1084.8,829.6,2015-07-18 02:00:00,2015-07-18 12:00:00,-1,199
1,2015,7,18,1,-11,-81.317,-63.411,1050.3,830.5,2015-07-18 01:00:00,2015-07-18 12:00:00,-1,199
1,2015,7,18,0,-12,-81.358,-61.747,1019.5,830.4,2015-07-18,2015-07-18 12:00:00,-1,199
1,2015,7,17,23,-13,-81.381,-60.049,991.4,829.3,2015-07-17 23:00:00,2015-07-18 12:00:00,-1,199
1,2015,7,17,22,-14,-81.38,-58.317,964.8,828.7,2015-07-17 22:00:00,2015-07-18 12:00:00,-1,199
1,2015,7,17,21,-15,-81.349,-56.578,940.3,827.7,2015-07-17 21:00:00,2015-07-18 12:00:00,-1,199
1,2015,7,17,20,-16,-81.287,-54.861,918.2,826.7,2015-07-17 20:00:00,2015-07-18 12:00:00,-1,199
1,2015,7,17,19,-17,-81.191,-53.194,899,826.5,2015-07-17 19:00:00,2015-07-18 12:00:00,-1,199
1,2015,7,17,18,-18,-81.058,-51.598,883,827.5,2015-07-17 18:00:00,2015-07-18 12:00:00,-1,199
1,2015,7,17,17,-19,-80.894,-50.083,871.4,829.6,2015-07-17 17:00:00,2015-07-18 12:00:00,-1,199
1,2015,7,17,16,-20,-80.706,-48.664,866.9,832.5,2015-07-17 16:00:00,2015-07-18 12:00:00,-1,199
1,2015,7,17,15,-21,-80.493,-47.362,869.4,836.4,2015-07-17 15:00:00,2015-07-18 12:00:00,-1,199
1,2015,7,17,14,-22,-80.258,-46.192,879.2,841.3,2015-07-17 14:00:00,2015-07-18 12:00:00,-1,199
1,2015,7,17,13,-23,-80.002,-45.166,896.4,846.8,2015-07-17 13:00:00,2015-07-18 12:00:00,-1,199
1,2015,7,17,12,-24,-79.731,-44.283,918.1,847.3,2015-07-17 12:00:00,2015-07-18 12:00:00,-1,199
1,2015,7,19,12,0,-80.3,-81.3,1500,710,2015-07-19 12:00:00,2015-07-19 12:00:00,24,200
1,2015,7,19,11,-1,-80.526,-80.371,1507.7,715.7,2015-07-19 11:00:00,2015-07-19 12:00:00,-1,200
1,2015,7,19,10,-2,-80.743,-79.343,1507.3,722.9,2015-07-19 10:00:00,2015-07-19 12:00:00,-1,200
1,2015,7,19,9,-3,-80.95,-78.221,1499.2,730.9,2015-07-19 09:00:00,2015-07-19 12:00:00,-1,200
1,2015,7,19,8,-4,-81.15,-77.007,1484.1,739.4,2015-07-19 08:00:00,2015-07-19 12:00:00,-1,200
1,2015,7,19,7,-5,-81.341,-75.698,1462.9,748.4,2015-07-19 07:00:00,2015-07-19 12:00:00,-1,200
1,2015,7,19,6,-6,-81.525,-74.285,1436.3,757.3,2015-07-19 06:00:00,2015-07-19 12:00:00,-1,200
1,2015,7,19,5,-7,-81.7,-72.77,1409.7,765.9,2015-07-19 05:00:00,2015-07-19 12:00:00,-1,200
1,2015,7,19,4,-8,-81.863,-71.146,1387,772.2,2015-07-19 04:00:00,2015-07-19 12:00:00,-1,200
1,2015,7,19,3,-9,-82.012,-69.387,1369.1,777.4,2015-07-19 03:00:00,2015-07-19 12:00:00,-1,200
1,2015,7,19,2,-10,-82.145,-67.465,1356.1,781.1,2015-07-19 02:00:00,2015-07-19 12:00:00,-1,200
1,2015,7,19,1,-11,-82.255,-65.352,1346.8,781.7,2015-07-19 01:00:00,2015-07-19 12:00:00,-1,200
1,2015,7,19,0,-12,-82.336,-63.033,1342.1,781.2,2015-07-19,2015-07-19 12:00:00,-1,200
1,2015,7,18,23,-13,-82.38,-60.52,1337.3,778.6,2015-07-18 23:00:00,2015-07-19 12:00:00,-1,200
1,2015,7,18,22,-14,-82.382,-57.849,1331,774.5,2015-07-18 22:00:00,2015-07-19 12:00:00,-1,200
1,2015,7,18,21,-15,-82.336,-55.058,1322.8,769.7,2015-07-18 21:00:00,2015-07-19 12:00:00,-1,200
1,2015,7,18,20,-16,-82.235,-52.199,1309.8,763.6,2015-07-18 20:00:00,2015-07-19 12:00:00,-1,200
1,2015,7,18,19,-17,-82.076,-49.335,1294.2,759.9,2015-07-18 19:00:00,2015-07-19 12:00:00,-1,200
1,2015,7,18,18,-18,-81.858,-46.534,1274.7,758.6,2015-07-18 18:00:00,2015-07-19 12:00:00,-1,200
1,2015,7,18,17,-19,-81.582,-43.884,1257.9,762,2015-07-18 17:00:00,2015-07-19 12:00:00,-1,200
1,2015,7,18,16,-20,-81.253,-41.44,1252.2,768.1,2015-07-18 16:00:00,2015-07-19 12:00:00,-1,200
1,2015,7,18,15,-21,-80.879,-39.201,1261,775.4,2015-07-18 15:00:00,2015-07-19 12:00:00,-1,200
1,2015,7,18,14,-22,-80.465,-37.135,1286.8,782.2,2015-07-18 14:00:00,2015-07-19 12:00:00,-1,200
1,2015,7,18,13,-23,-80.012,-35.215,1331.7,786.8,2015-07-18 13:00:00,2015-07-19 12:00:00,-1,200
1,2015,7,18,12,-24,-79.527,-33.521,1382.4,776.6,2015-07-18 12:00:00,2015-07-19 12:00:00,-1,200
1,2015,7,20,12,0,-80.3,-81.3,1500,709.2,2015-07-20 12:00:00,2015-07-20 12:00:00,24,201
1,2015,7,20,11,-1,-80.325,-79.632,1470.8,730.4,2015-07-20 11:00:00,2015-07-20 12:00:00,-1,201
1,2015,7,20,10,-2,-80.35,-78.136,1445.8,748.5,2015-07-20 10:00:00,2015-07-20 12:00:00,-1,201
1,2015,7,20,9,-3,-80.378,-76.806,1424.4,762.9,2015-07-20 09:00:00,2015-07-20 12:00:00,-1,201
1,2015,7,20,8,-4,-80.408,-75.62,1406.3,774.5,2015-07-20 08:00:00,2015-07-20 12:00:00,-1,201
1,2015,7,20,7,-5,-80.441,-74.558,1391.1,783.7,2015-07-20 07:00:00,2015-07-20 12:00:00,-1,201
1,2015,7,20,6,-6,-80.475,-73.603,1378.5,790.2,2015-07-20 06:00:00,2015-07-20 12:00:00,-1,201
1,2015,7,20,5,-7,-80.513,-72.679,1364.2,795.8,2015-07-20 05:00:00,2015-07-20 12:00:00,-1,201
1,2015,7,20,4,-8,-80.556,-71.714,1341.6,801.2,2015-07-20 04:00:00,2015-07-20 12:00:00,-1,201
1,2015,7,20,3,-9,-80.6,-70.696,1311.8,807.2,2015-07-20 03:00:00,2015-07-20 12:00:00,-1,201
1,2015,7,20,2,-10,-80.647,-69.616,1275,813.3,2015-07-20 02:00:00,2015-07-20 12:00:00,-1,201
1,2015,7,20,1,-11,-80.693,-68.457,1231.6,818.4,2015-07-20 01:00:00,2015-07-20 12:00:00,-1,201
1,2015,7,20,0,-12,-80.737,-67.206,1182.8,823.8,2015-07-20,2015-07-20 12:00:00,-1,201
1,2015,7,19,23,-13,-80.778,-65.891,1134.2,828,2015-07-19 23:00:00,2015-07-20 12:00:00,-1,201
1,2015,7,19,22,-14,-80.81,-64.542,1091.6,830.6,2015-07-19 22:00:00,2015-07-20 12:00:00,-1,201
1,2015,7,19,21,-15,-80.829,-63.157,1054.8,831.4,2015-07-19 21:00:00,2015-07-20 12:00:00,-1,201
1,2015,7,19,20,-16,-80.831,-61.743,1024.1,831.4,2015-07-19 20:00:00,2015-07-20 12:00:00,-1,201
1,2015,7,19,19,-17,-80.814,-60.322,999.7,830.7,2015-07-19 19:00:00,2015-07-20 12:00:00,-1,201
1,2015,7,19,18,-18,-80.778,-58.918,981.5,828.8,2015-07-19 18:00:00,2015-07-20 12:00:00,-1,201
1,2015,7,19,17,-19,-80.716,-57.53,965.8,826.2,2015-07-19 17:00:00,2015-07-20 12:00:00,-1,201
1,2015,7,19,16,-20,-80.628,-56.15,949.1,825.4,2015-07-19 16:00:00,2015-07-20 12:00:00,-1,201
1,2015,7,19,15,-21,-80.514,-54.793,931.6,825.1,2015-07-19 15:00:00,2015-07-20 12:00:00,-1,201
1,2015,7,19,14,-22,-80.374,-53.479,914.4,826.3,2015-07-19 14:00:00,2015-07-20 12:00:00,-1,201
1,2015,7,19,13,-23,-80.209,-52.229,897.6,828,2015-07-19 13:00:00,2015-07-20 12:00:00,-1,201
1,2015,7,19,12,-24,-80.021,-51.058,882.1,831.6,2015-07-19 12:00:00,2015-07-20 12:00:00,-1,201
1,2015,7,21,12,0,-80.3,-81.3,1500,710,2015-07-21 12:00:00,2015-07-21 12:00:00,24,202
1,2015,7,21,11,-1,-80.334,-79.699,1469.9,730.3,2015-07-21 11:00:00,2015-07-21 12:00:00,-1,202
1,2015,7,21,10,-2,-80.379,-78.147,1438.9,748.2,2015-07-21 10:00:00,2015-07-21 12:00:00,-1,202
1,2015,7,21,9,-3,-80.432,-76.651,1406.8,764.4,2015-07-21 09:00:00,2015-07-21 12:00:00,-1,202
1,2015,7,21,8,-4,-80.489,-75.202,1373.7,779.3,2015-07-21 08:00:00,2015-07-21 12:00:00,-1,202
1,2015,7,21,7,-5,-80.545,-73.793,1338,790.8,2015-07-21 07:00:00,2015-07-21 12:00:00,-1,202
1,2015,7,21,6,-6,-80.596,-72.421,1301.3,801.5,2015-07-21 06:00:00,2015-07-21 12:00:00,-1,202
1,2015,7,21,5,-7,-80.641,-71.053,1262.9,809.4,2015-07-21 05:00:00,2015-07-21 12:00:00,-1,202
1,2015,7,21,4,-8,-80.679,-69.651,1223.3,816.9,2015-07-21 04:00:00,2015-07-21 12:00:00,-1,202
1,2015,7,21,3,-9,-80.706,-68.198,1182.8,822.5,2015-07-21 03:00:00,2015-07-21 12:00:00,-1,202
1,2015,7,21,2,-10,-80.72,-66.677,1142.2,826.8,2015-07-21 02:00:00,2015-07-21 12:00:00,-1,202
1,2015,7,21,1,-11,-80.715,-65.076,1101.8,829.7,2015-07-21 01:00:00,2015-07-21 12:00:00,-1,202
1,2015,7,21,0,-12,-80.688,-63.376,1061.1,830.4,2015-07-21,2015-07-21 12:00:00,-1,202
1,2015,7,20,23,-13,-80.634,-61.623,1022.2,830.9,2015-07-20 23:00:00,2015-07-21 12:00:00,-1,202
1,2015,7,20,22,-14,-80.553,-59.895,986.8,830.5,2015-07-20 22:00:00,2015-07-21 12:00:00,-1,202
1,2015,7,20,21,-15,-80.444,-58.22,955.4,830.4,2015-07-20 21:00:00,2015-07-21 12:00:00,-1,202
1,2015,7,20,20,-16,-80.306,-56.624,928.5,830.4,2015-07-20 20:00:00,2015-07-21 12:00:00,-1,202
1,2015,7,20,19,-17,-80.141,-55.144,905.8,830.7,2015-07-20 19:00:00,2015-07-21 12:00:00,-1,202
1,2015,7,20,18,-18,-79.951,-53.806,887.2,832,2015-07-20 18:00:00,2015-07-21 12:00:00,-1,202
1,2015,7,20,17,-19,-79.734,-52.539,869.8,832.9,2015-07-20 17:00:00,2015-07-21 12:00:00,-1,202
1,2015,7,20,16,-20,-79.487,-51.283,851.7,836.4,2015-07-20 16:00:00,2015-07-21 12:00:00,-1,202
1,2015,7,20,15,-21,-79.211,-50.044,833.1,839.8,2015-07-20 15:00:00,2015-07-21 12:00:00,-1,202
1,2015,7,20,14,-22,-78.907,-48.826,815.1,844.6,2015-07-20 14:00:00,2015-07-21 12:00:00,-1,202
1,2015,7,20,13,-23,-78.576,-47.627,798.1,849.3,2015-07-20 13:00:00,2015-07-21 12:00:00,-1,202
1,2015,7,20,12,-24,-78.218,-46.436,783.3,854.2,2015-07-20 12:00:00,2015-07-21 12:00:00,-1,202
1,2015,7,22,12,0,-80.3,-81.3,1500,714.8,2015-07-22 12:00:00,2015-07-22 12:00:00,24,203
1,2015,7,22,11,-1,-80.437,-80.683,1536.8,715.8,2015-07-22 11:00:00,2015-07-22 12:00:00,-1,203
1,2015,7,22,10,-2,-80.576,-80.046,1568.9,717.3,2015-07-22 10:00:00,2015-07-22 12:00:00,-1,203
1,2015,7,22,9,-3,-80.718,-79.391,1595.3,718.5,2015-07-22 09:00:00,2015-07-22 12:00:00,-1,203
1,2015,7,22,8,-4,-80.863,-78.723,1615.8,720.2,2015-07-22 08:00:00,2015-07-22 12:00:00,-1,203
1,2015,7,22,7,-5,-81.011,-78.054,1630.1,722.4,2015-07-22 07:00:00,2015-07-22 12:00:00,-1,203
1,2015,7,22,6,-6,-81.164,-77.391,1637.7,724.8,2015-07-22 06:00:00,2015-07-22 12:00:00,-1,203
1,2015,7,22,5,-7,-81.309,-76.718,1637.6,726.7,2015-07-22 05:00:00,2015-07-22 12:00:00,-1,203
1,2015,7,22,4,-8,-81.438,-76.018,1631.1,729.8,2015-07-22 04:00:00,2015-07-22 12:00:00,-1,203
1,2015,7,22,3,-9,-81.553,-75.294,1618.9,733.9,2015-07-22 03:00:00,2015-07-22 12:00:00,-1,203
1,2015,7,22,2,-10,-81.653,-74.542,1601.4,738.3,2015-07-22 02:00:00,2015-07-22 12:00:00,-1,203
1,2015,7,22,1,-11,-81.74,-73.756,1579.6,743,2015-07-22 01:00:00,2015-07-22 12:00:00,-1,203
1,2015,7,22,0,-12,-81.816,-72.935,1554.7,748.5,2015-07-22,2015-07-22 12:00:00,-1,203
1,2015,7,21,23,-13,-81.885,-72.048,1529.5,754.1,2015-07-21 23:00:00,2015-07-22 12:00:00,-1,203
1,2015,7,21,22,-14,-81.949,-71.054,1507.9,758.9,2015-07-21 22:00:00,2015-07-22 12:00:00,-1,203
1,2015,7,21,21,-15,-82.006,-69.953,1490.1,763.9,2015-07-21 21:00:00,2015-07-22 12:00:00,-1,203
1,2015,7,21,20,-16,-82.055,-68.737,1475.1,767.4,2015-07-21 20:00:00,2015-07-22 12:00:00,-1,203
1,2015,7,21,19,-17,-82.095,-67.4,1464.4,770.9,2015-07-21 19:00:00,2015-07-22 12:00:00,-1,203
1,2015,7,21,18,-18,-82.123,-65.945,1457.4,772.7,2015-07-21 18:00:00,2015-07-22 12:00:00,-1,203
1,2015,7,21,17,-19,-82.133,-64.392,1452.8,773.4,2015-07-21 17:00:00,2015-07-22 12:00:00,-1,203
1,2015,7,21,16,-20,-82.115,-62.767,1448.5,772.8,2015-07-21 16:00:00,2015-07-22 12:00:00,-1,203
1,2015,7,21,15,-21,-82.068,-61.071,1445.3,771.3,2015-07-21 15:00:00,2015-07-22 12:00:00,-1,203
1,2015,7,21,14,-22,-81.988,-59.318,1444.2,769,2015-07-21 14:00:00,2015-07-22 12:00:00,-1,203
1,2015,7,21,13,-23,-81.874,-57.529,1445.4,766.1,2015-07-21 13:00:00,2015-07-22 12:00:00,-1,203
1,2015,7,21,12,-24,-81.724,-55.731,1450.2,763,2015-07-21 12:00:00,2015-07-22 12:00:00,-1,203
1,2015,7,23,12,0,-80.3,-81.3,1500,719.9,2015-07-23 12:00:00,2015-07-23 12:00:00,24,204
1,2015,7,23,11,-1,-80.304,-81.887,1523.1,711.1,2015-07-23 11:00:00,2015-07-23 12:00:00,-1,204
1,2015,7,23,10,-2,-80.311,-82.329,1549.9,703.3,2015-07-23 10:00:00,2015-07-23 12:00:00,-1,204
1,2015,7,23,9,-3,-80.321,-82.623,1580.6,696.9,2015-07-23 09:00:00,2015-07-23 12:00:00,-1,204
1,2015,7,23,8,-4,-80.335,-82.765,1615.4,691.8,2015-07-23 08:00:00,2015-07-23 12:00:00,-1,204
1,2015,7,23,7,-5,-80.352,-82.758,1654.5,688,2015-07-23 07:00:00,2015-07-23 12:00:00,-1,204
1,2015,7,23,6,-6,-80.373,-82.601,1697.8,685.2,2015-07-23 06:00:00,2015-07-23 12:00:00,-1,204
1,2015,7,23,5,-7,-80.397,-82.375,1739.9,682.2,2015-07-23 05:00:00,2015-07-23 12:00:00,-1,204
1,2015,7,23,4,-8,-80.422,-82.158,1776.9,680,2015-07-23 04:00:00,2015-07-23 12:00:00,-1,204
1,2015,7,23,3,-9,-80.45,-81.953,1808.3,678.2,2015-07-23 03:00:00,2015-07-23 12:00:00,-1,204
1,2015,7,23,2,-10,-80.479,-81.757,1834.4,676.9,2015-07-23 02:00:00,2015-07-23 12:00:00,-1,204
1,2015,7,23,1,-11,-80.511,-81.573,1855.1,676,2015-07-23 01:00:00,2015-07-23 12:00:00,-1,204
1,2015,7,23,0,-12,-80.545,-81.4,1870.5,675.5,2015-07-23,2015-07-23 12:00:00,-1,204
1,2015,7,22,23,-13,-80.582,-81.168,1883.7,676.4,2015-07-22 23:00:00,2015-07-23 12:00:00,-1,204
1,2015,7,22,22,-14,-80.622,-80.811,1898.4,678.2,2015-07-22 22:00:00,2015-07-23 12:00:00,-1,204
1,2015,7,22,21,-15,-80.667,-80.334,1914.1,681.1,2015-07-22 21:00:00,2015-07-23 12:00:00,-1,204
1,2015,7,22,20,-16,-80.718,-79.742,1930.4,684.5,2015-07-22 20:00:00,2015-07-23 12:00:00,-1,204
1,2015,7,22,19,-17,-80.776,-79.038,1947,688.4,2015-07-22 19:00:00,2015-07-23 12:00:00,-1,204
1,2015,7,22,18,-18,-80.843,-78.225,1964.1,693,2015-07-22 18:00:00,2015-07-23 12:00:00,-1,204
1,2015,7,22,17,-19,-80.92,-77.382,1981.6,697.2,2015-07-22 17:00:00,2015-07-23 12:00:00,-1,204
1,2015,7,22,16,-20,-81.004,-76.577,1999.9,699.7,2015-07-22 16:00:00,2015-07-23 12:00:00,-1,204
1,2015,7,22,15,-21,-81.094,-75.803,2019.8,701.6,2015-07-22 15:00:00,2015-07-23 12:00:00,-1,204
1,2015,7,22,14,-22,-81.189,-75.05,2041.2,703.1,2015-07-22 14:00:00,2015-07-23 12:00:00,-1,204
1,2015,7,22,13,-23,-81.288,-74.309,2062.7,702.9,2015-07-22 13:00:00,2015-07-23 12:00:00,-1,204
1,2015,7,22,12,-24,-81.388,-73.57,2084.9,702.5,2015-07-22 12:00:00,2015-07-23 12:00:00,-1,204
1,2015,7,24,12,0,-80.3,-81.3,1500,716.8,2015-07-24 12:00:00,2015-07-24 12:00:00,24,205
1,2015,7,24,11,-1,-80.43,-82.534,1522.9,699.1,2015-07-24 11:00:00,2015-07-24 12:00:00,-1,205
1,2015,7,24,10,-2,-80.527,-83.651,1544,683.7,2015-07-24 10:00:00,2015-07-24 12:00:00,-1,205
1,2015,7,24,9,-3,-80.595,-84.652,1564.4,670.4,2015-07-24 09:00:00,2015-07-24 12:00:00,-1,205
1,2015,7,24,8,-4,-80.634,-85.542,1584.5,658.8,2015-07-24 08:00:00,2015-07-24 12:00:00,-1,205
1,2015,7,24,7,-5,-80.648,-86.332,1604.7,648.6,2015-07-24 07:00:00,2015-07-24 12:00:00,-1,205
1,2015,7,24,6,-6,-80.637,-87.032,1625,639.6,2015-07-24 06:00:00,2015-07-24 12:00:00,-1,205
1,2015,7,24,5,-7,-80.612,-87.695,1644.2,631.1,2015-07-24 05:00:00,2015-07-24 12:00:00,-1,205
1,2015,7,24,4,-8,-80.578,-88.364,1662.1,623.6,2015-07-24 04:00:00,2015-07-24 12:00:00,-1,205
1,2015,7,24,3,-9,-80.537,-89.036,1677.1,616.2,2015-07-24 03:00:00,2015-07-24 12:00:00,-1,205
1,2015,7,24,2,-10,-80.488,-89.712,1688.6,609.1,2015-07-24 02:00:00,2015-07-24 12:00:00,-1,205
1,2015,7,24,1,-11,-80.432,-90.39,1696.7,603.1,2015-07-24 01:00:00,2015-07-24 12:00:00,-1,205
1,2015,7,24,0,-12,-80.372,-91.073,1700.7,598,2015-07-24,2015-07-24 12:00:00,-1,205
1,2015,7,23,23,-13,-80.305,-91.744,1705.8,593.5,2015-07-23 23:00:00,2015-07-24 12:00:00,-1,205
1,2015,7,23,22,-14,-80.226,-92.386,1716.5,588.3,2015-07-23 22:00:00,2015-07-24 12:00:00,-1,205
1,2015,7,23,21,-15,-80.136,-92.997,1734.2,584,2015-07-23 21:00:00,2015-07-24 12:00:00,-1,205
1,2015,7,23,20,-16,-80.037,-93.581,1758.5,579.4,2015-07-23 20:00:00,2015-07-24 12:00:00,-1,205
1,2015,7,23,19,-17,-79.929,-94.133,1790.2,575.6,2015-07-23 19:00:00,2015-07-24 12:00:00,-1,205
1,2015,7,23,18,-18,-79.815,-94.652,1829,572.1,2015-07-23 18:00:00,2015-07-24 12:00:00,-1,205
1,2015,7,23,17,-19,-79.705,-95.126,1869.9,568.3,2015-07-23 17:00:00,2015-07-24 12:00:00,-1,205
1,2015,7,23,16,-20,-79.611,-95.549,1911.1,565.6,2015-07-23 16:00:00,2015-07-24 12:00:00,-1,205
1,2015,7,23,15,-21,-79.531,-95.925,1951.6,562.9,2015-07-23 15:00:00,2015-07-24 12:00:00,-1,205
1,2015,7,23,14,-22,-79.466,-96.258,1991.7,560.2,2015-07-23 14:00:00,2015-07-24 12:00:00,-1,205
1,2015,7,23,13,-23,-79.415,-96.551,2031.7,557.5,2015-07-23 13:00:00,2015-07-24 12:00:00,-1,205
1,2015,7,23,12,-24,-79.377,-96.805,2071.8,554.4,2015-07-23 12:00:00,2015-07-24 12:00:00,-1,205
1,2015,7,25,12,0,-80.3,-81.3,1500,721.7,2015-07-25 12:00:00,2015-07-25 12:00:00,24,206
1,2015,7,25,11,-1,-80.345,-82.902,1530.4,700.1,2015-07-25 11:00:00,2015-07-25 12:00:00,-1,206
1,2015,7,25,10,-2,-80.365,-84.516,1560.4,678.4,2015-07-25 10:00:00,2015-07-25 12:00:00,-1,206
1,2015,7,25,9,-3,-80.366,-86.145,1592.4,656.9,2015-07-25 09:00:00,2015-07-25 12:00:00,-1,206
1,2015,7,25,8,-4,-80.349,-87.803,1626.7,635.7,2015-07-25 08:00:00,2015-07-25 12:00:00,-1,206
1,2015,7,25,7,-5,-80.317,-89.503,1663.9,616.8,2015-07-25 07:00:00,2015-07-25 12:00:00,-1,206
1,2015,7,25,6,-6,-80.268,-91.242,1702.6,599.7,2015-07-25 06:00:00,2015-07-25 12:00:00,-1,206
1,2015,7,25,5,-7,-80.2,-92.981,1739.4,584.4,2015-07-25 05:00:00,2015-07-25 12:00:00,-1,206
1,2015,7,25,4,-8,-80.11,-94.677,1773.3,572.9,2015-07-25 04:00:00,2015-07-25 12:00:00,-1,206
1,2015,7,25,3,-9,-79.997,-96.313,1803.8,565,2015-07-25 03:00:00,2015-07-25 12:00:00,-1,206
1,2015,7,25,2,-10,-79.861,-97.867,1830.3,561.8,2015-07-25 02:00:00,2015-07-25 12:00:00,-1,206
1,2015,7,25,1,-11,-79.699,-99.317,1849.8,562.3,2015-07-25 01:00:00,2015-07-25 12:00:00,-1,206
1,2015,7,25,0,-12,-79.515,-100.66,1861.5,565.8,2015-07-25,2015-07-25 12:00:00,-1,206
1,2015,7,24,23,-13,-79.309,-101.905,1866.2,572.6,2015-07-24 23:00:00,2015-07-25 12:00:00,-1,206
1,2015,7,24,22,-14,-79.081,-103.05,1862.1,580.8,2015-07-24 22:00:00,2015-07-25 12:00:00,-1,206
1,2015,7,24,21,-15,-78.834,-104.09,1849.5,590.4,2015-07-24 21:00:00,2015-07-25 12:00:00,-1,206
1,2015,7,24,20,-16,-78.572,-105.028,1827.3,601,2015-07-24 20:00:00,2015-07-25 12:00:00,-1,206
1,2015,7,24,19,-17,-78.297,-105.867,1793.8,612,2015-07-24 19:00:00,2015-07-25 12:00:00,-1,206
1,2015,7,24,18,-18,-78.012,-106.605,1748.5,624,2015-07-24 18:00:00,2015-07-25 12:00:00,-1,206
1,2015,7,24,17,-19,-77.712,-107.224,1696,637,2015-07-24 17:00:00,2015-07-25 12:00:00,-1,206
1,2015,7,24,16,-20,-77.397,-107.702,1642.2,651.1,2015-07-24 16:00:00,2015-07-25 12:00:00,-1,206
1,2015,7,24,15,-21,-77.078,-108.025,1592.2,667.9,2015-07-24 15:00:00,2015-07-25 12:00:00,-1,206
1,2015,7,24,14,-22,-76.764,-108.19,1546,684.2,2015-07-24 14:00:00,2015-07-25 12:00:00,-1,206
1,2015,7,24,13,-23,-76.458,-108.204,1503.7,700.3,2015-07-24 13:00:00,2015-07-25 12:00:00,-1,206
1,2015,7,24,12,-24,-76.166,-108.072,1465.5,715.9,2015-07-24 12:00:00,2015-07-25 12:00:00,-1,206
1,2015,7,26,12,0,-80.3,-81.3,1500,727.7,2015-07-26 12:00:00,2015-07-26 12:00:00,24,207
1,2015,7,26,11,-1,-80.154,-82.573,1517.6,713.7,2015-07-26 11:00:00,2015-07-26 12:00:00,-1,207
1,2015,7,26,10,-2,-79.979,-83.786,1529.9,700.4,2015-07-26 10:00:00,2015-07-26 12:00:00,-1,207
1,2015,7,26,9,-3,-79.778,-84.91,1535.1,688.1,2015-07-26 09:00:00,2015-07-26 12:00:00,-1,207
1,2015,7,26,8,-4,-79.555,-85.932,1533,677.8,2015-07-26 08:00:00,2015-07-26 12:00:00,-1,207
1,2015,7,26,7,-5,-79.315,-86.856,1525.1,670,2015-07-26 07:00:00,2015-07-26 12:00:00,-1,207
1,2015,7,26,6,-6,-79.063,-87.689,1511.6,664.7,2015-07-26 06:00:00,2015-07-26 12:00:00,-1,207
1,2015,7,26,5,-7,-78.799,-88.447,1491.6,662,2015-07-26 05:00:00,2015-07-26 12:00:00,-1,207
1,2015,7,26,4,-8,-78.521,-89.137,1463.9,661.4,2015-07-26 04:00:00,2015-07-26 12:00:00,-1,207
1,2015,7,26,3,-9,-78.234,-89.754,1429.7,662.4,2015-07-26 03:00:00,2015-07-26 12:00:00,-1,207
1,2015,7,26,2,-10,-77.94,-90.297,1391.1,665.6,2015-07-26 02:00:00,2015-07-26 12:00:00,-1,207
1,2015,7,26,1,-11,-77.647,-90.764,1349.4,670.6,2015-07-26 01:00:00,2015-07-26 12:00:00,-1,207
1,2015,7,26,0,-12,-77.358,-91.169,1306.7,677.7,2015-07-26,2015-07-26 12:00:00,-1,207
1,2015,7,25,23,-13,-77.063,-91.563,1264.4,687.1,2015-07-25 23:00:00,2015-07-26 12:00:00,-1,207
1,2015,7,25,22,-14,-76.749,-91.977,1221,697.5,2015-07-25 22:00:00,2015-07-26 12:00:00,-1,207
1,2015,7,25,21,-15,-76.423,-92.398,1176.3,708.6,2015-07-25 21:00:00,2015-07-26 12:00:00,-1,207
1,2015,7,25,20,-16,-76.088,-92.814,1130.2,721.6,2015-07-25 20:00:00,2015-07-26 12:00:00,-1,207
1,2015,7,25,19,-17,-75.749,-93.215,1081.8,735.9,2015-07-25 19:00:00,2015-07-26 12:00:00,-1,207
1,2015,7,25,18,-18,-75.411,-93.592,1030.7,751.2,2015-07-25 18:00:00,2015-07-26 12:00:00,-1,207
1,2015,7,25,17,-19,-75.076,-93.913,973.7,767.4,2015-07-25 17:00:00,2015-07-26 12:00:00,-1,207
1,2015,7,25,16,-20,-74.74,-94.165,907.7,784.7,2015-07-25 16:00:00,2015-07-26 12:00:00,-1,207
1,2015,7,25,15,-21,-74.398,-94.378,836.3,801.5,2015-07-25 15:00:00,2015-07-26 12:00:00,-1,207
1,2015,7,25,14,-22,-74.052,-94.563,761.5,818.9,2015-07-25 14:00:00,2015-07-26 12:00:00,-1,207
1,2015,7,25,13,-23,-73.705,-94.722,684.6,837,2015-07-25 13:00:00,2015-07-26 12:00:00,-1,207
1,2015,7,25,12,-24,-73.361,-94.852,607.1,855.4,2015-07-25 12:00:00,2015-07-26 12:00:00,-1,207
1,2015,7,27,12,0,-80.3,-81.3,1500,727.4,2015-07-27 12:00:00,2015-07-27 12:00:00,24,208
1,2015,7,27,11,-1,-79.943,-82.045,1446.1,728.7,2015-07-27 11:00:00,2015-07-27 12:00:00,-1,208
1,2015,7,27,10,-2,-79.574,-82.779,1396.6,725.3,2015-07-27 10:00:00,2015-07-27 12:00:00,-1,208
1,2015,7,27,9,-3,-79.188,-83.499,1352.9,721.9,2015-07-27 09:00:00,2015-07-27 12:00:00,-1,208
1,2015,7,27,8,-4,-78.785,-84.193,1313.6,719.2,2015-07-27 08:00:00,2015-07-27 12:00:00,-1,208
1,2015,7,27,7,-5,-78.363,-84.843,1276.7,717.5,2015-07-27 07:00:00,2015-07-27 12:00:00,-1,208
1,2015,7,27,6,-6,-77.922,-85.427,1240.4,717.3,2015-07-27 06:00:00,2015-07-27 12:00:00,-1,208
1,2015,7,27,5,-7,-77.46,-85.993,1198.5,718.6,2015-07-27 05:00:00,2015-07-27 12:00:00,-1,208
1,2015,7,27,4,-8,-76.983,-86.596,1147.5,724.2,2015-07-27 04:00:00,2015-07-27 12:00:00,-1,208
1,2015,7,27,3,-9,-76.499,-87.228,1089,731.9,2015-07-27 03:00:00,2015-07-27 12:00:00,-1,208
1,2015,7,27,2,-10,-76.01,-87.862,1024.4,742.8,2015-07-27 02:00:00,2015-07-27 12:00:00,-1,208
1,2015,7,27,1,-11,-75.518,-88.479,953.5,756.8,2015-07-27 01:00:00,2015-07-27 12:00:00,-1,208
1,2015,7,27,0,-12,-75.025,-89.063,876.2,773.1,2015-07-27,2015-07-27 12:00:00,-1,208
1,2015,7,26,23,-13,-74.54,-89.618,797.4,794.3,2015-07-26 23:00:00,2015-07-27 12:00:00,-1,208
1,2015,7,26,22,-14,-74.072,-90.158,721.2,815.5,2015-07-26 22:00:00,2015-07-27 12:00:00,-1,208
1,2015,7,26,21,-15,-73.626,-90.687,647.6,837.4,2015-07-26 21:00:00,2015-07-27 12:00:00,-1,208
1,2015,7,26,20,-16,-73.205,-91.211,576.4,857.8,2015-07-26 20:00:00,2015-07-27 12:00:00,-1,208
1,2015,7,26,19,-17,-72.814,-91.744,507.9,876.9,2015-07-26 19:00:00,2015-07-27 12:00:00,-1,208
1,2015,7,26,18,-18,-72.455,-92.301,442.4,894.7,2015-07-26 18:00:00,2015-07-27 12:00:00,-1,208
1,2015,7,26,17,-19,-72.119,-92.869,380,908.1,2015-07-26 17:00:00,2015-07-27 12:00:00,-1,208
1,2015,7,26,16,-20,-71.793,-93.424,323.7,919.9,2015-07-26 16:00:00,2015-07-27 12:00:00,-1,208
1,2015,7,26,15,-21,-71.475,-93.957,274.8,931.1,2015-07-26 15:00:00,2015-07-27 12:00:00,-1,208
1,2015,7,26,14,-22,-71.164,-94.459,234.5,941.3,2015-07-26 14:00:00,2015-07-27 12:00:00,-1,208
1,2015,7,26,13,-23,-70.857,-94.923,203,950.3,2015-07-26 13:00:00,2015-07-27 12:00:00,-1,208
1,2015,7,26,12,-24,-70.549,-95.352,180.3,956.9,2015-07-26 12:00:00,2015-07-27 12:00:00,-1,208
1,2015,7,28,12,0,-80.3,-81.3,1500,730.5,2015-07-28 12:00:00,2015-07-28 12:00:00,24,209
1,2015,7,28,11,-1,-80.154,-82.565,1500.8,717.6,2015-07-28 11:00:00,2015-07-28 12:00:00,-1,209
1,2015,7,28,10,-2,-79.981,-83.803,1496.4,705.1,2015-07-28 10:00:00,2015-07-28 12:00:00,-1,209
1,2015,7,28,9,-3,-79.785,-85.016,1485.2,692.4,2015-07-28 09:00:00,2015-07-28 12:00:00,-1,209
1,2015,7,28,8,-4,-79.569,-86.218,1466,680.8,2015-07-28 08:00:00,2015-07-28 12:00:00,-1,209
1,2015,7,28,7,-5,-79.334,-87.417,1439,670.7,2015-07-28 07:00:00,2015-07-28 12:00:00,-1,209
1,2015,7,28,6,-6,-79.081,-88.599,1404.9,664.9,2015-07-28 06:00:00,2015-07-28 12:00:00,-1,209
1,2015,7,28,5,-7,-78.807,-89.727,1361.4,661.5,2015-07-28 05:00:00,2015-07-28 12:00:00,-1,209
1,2015,7,28,4,-8,-78.509,-90.758,1310.5,662.9,2015-07-28 04:00:00,2015-07-28 12:00:00,-1,209
1,2015,7,28,3,-9,-78.192,-91.68,1253.7,667.3,2015-07-28 03:00:00,2015-07-28 12:00:00,-1,209
1,2015,7,28,2,-10,-77.863,-92.494,1192.5,673.6,2015-07-28 02:00:00,2015-07-28 12:00:00,-1,209
1,2015,7,28,1,-11,-77.53,-93.202,1130.5,683.2,2015-07-28 01:00:00,2015-07-28 12:00:00,-1,209
1,2015,7,28,0,-12,-77.201,-93.803,1070.8,696.7,2015-07-28,2015-07-28 12:00:00,-1,209
1,2015,7,27,23,-13,-76.873,-94.298,1012.1,711.4,2015-07-27 23:00:00,2015-07-28 12:00:00,-1,209
1,2015,7,27,22,-14,-76.542,-94.694,953.5,727.3,2015-07-27 22:00:00,2015-07-28 12:00:00,-1,209
1,2015,7,27,21,-15,-76.212,-95.011,895.1,743.8,2015-07-27 21:00:00,2015-07-28 12:00:00,-1,209
1,2015,7,27,20,-16,-75.89,-95.259,838,760.4,2015-07-27 20:00:00,2015-07-28 12:00:00,-1,209
1,2015,7,27,19,-17,-75.578,-95.453,782.7,776.7,2015-07-27 19:00:00,2015-07-28 12:00:00,-1,209
1,2015,7,27,18,-18,-75.276,-95.617,729.2,792.8,2015-07-27 18:00:00,2015-07-28 12:00:00,-1,209
1,2015,7,27,17,-19,-74.981,-95.748,675.1,808.9,2015-07-27 17:00:00,2015-07-28 12:00:00,-1,209
1,2015,7,27,16,-20,-74.686,-95.831,618.1,823.7,2015-07-27 16:00:00,2015-07-28 12:00:00,-1,209
1,2015,7,27,15,-21,-74.387,-95.881,560.8,837.5,2015-07-27 15:00:00,2015-07-28 12:00:00,-1,209
1,2015,7,27,14,-22,-74.084,-95.915,503.6,851.7,2015-07-27 14:00:00,2015-07-28 12:00:00,-1,209
1,2015,7,27,13,-23,-73.779,-95.943,447.1,866.2,2015-07-27 13:00:00,2015-07-28 12:00:00,-1,209
1,2015,7,27,12,-24,-73.476,-95.975,391.9,881.1,2015-07-27 12:00:00,2015-07-28 12:00:00,-1,209
1,2015,7,29,12,0,-80.3,-81.3,1500,732,2015-07-29 12:00:00,2015-07-29 12:00:00,24,210
1,2015,7,29,11,-1,-79.956,-83.201,1490.1,715.6,2015-07-29 11:00:00,2015-07-29 12:00:00,-1,210
1,2015,7,29,10,-2,-79.565,-84.896,1475.2,698.7,2015-07-29 10:00:00,2015-07-29 12:00:00,-1,210
1,2015,7,29,9,-3,-79.134,-86.312,1453.1,686.7,2015-07-29 09:00:00,2015-07-29 12:00:00,-1,210
1,2015,7,29,8,-4,-78.674,-87.416,1423.9,681.1,2015-07-29 08:00:00,2015-07-29 12:00:00,-1,210
1,2015,7,29,7,-5,-78.189,-88.207,1387.2,682.3,2015-07-29 07:00:00,2015-07-29 12:00:00,-1,210
1,2015,7,29,6,-6,-77.682,-88.689,1341.2,688.1,2015-07-29 06:00:00,2015-07-29 12:00:00,-1,210
1,2015,7,29,5,-7,-77.163,-88.939,1283.6,698.7,2015-07-29 05:00:00,2015-07-29 12:00:00,-1,210
1,2015,7,29,4,-8,-76.645,-89.044,1214.1,713.5,2015-07-29 04:00:00,2015-07-29 12:00:00,-1,210
1,2015,7,29,3,-9,-76.141,-89.018,1134.6,729.4,2015-07-29 03:00:00,2015-07-29 12:00:00,-1,210
1,2015,7,29,2,-10,-75.651,-88.867,1046.6,746.6,2015-07-29 02:00:00,2015-07-29 12:00:00,-1,210
1,2015,7,29,1,-11,-75.17,-88.608,949.3,765,2015-07-29 01:00:00,2015-07-29 12:00:00,-1,210
1,2015,7,29,0,-12,-74.694,-88.283,846.8,787.6,2015-07-29,2015-07-29 12:00:00,-1,210
1,2015,7,28,23,-13,-74.22,-87.933,746.5,813.1,2015-07-28 23:00:00,2015-07-29 12:00:00,-1,210
1,2015,7,28,22,-14,-73.745,-87.563,652.6,839.1,2015-07-28 22:00:00,2015-07-29 12:00:00,-1,210
1,2015,7,28,21,-15,-73.267,-87.163,566.2,865.3,2015-07-28 21:00:00,2015-07-29 12:00:00,-1,210
1,2015,7,28,20,-16,-72.786,-86.723,488.3,891.7,2015-07-28 20:00:00,2015-07-29 12:00:00,-1,210
1,2015,7,28,19,-17,-72.303,-86.251,418.5,913.7,2015-07-28 19:00:00,2015-07-29 12:00:00,-1,210
1,2015,7,28,18,-18,-71.828,-85.786,358.7,927.1,2015-07-28 18:00:00,2015-07-29 12:00:00,-1,210
1,2015,7,28,17,-19,-71.374,-85.349,312.1,937.9,2015-07-28 17:00:00,2015-07-29 12:00:00,-1,210
1,2015,7,28,16,-20,-70.944,-84.934,278.3,947,2015-07-28 16:00:00,2015-07-29 12:00:00,-1,210
1,2015,7,28,15,-21,-70.533,-84.539,253.9,955.4,2015-07-28 15:00:00,2015-07-29 12:00:00,-1,210
1,2015,7,28,14,-22,-70.135,-84.157,236.1,963.1,2015-07-28 14:00:00,2015-07-29 12:00:00,-1,210
1,2015,7,28,13,-23,-69.745,-83.792,222.6,966.5,2015-07-28 13:00:00,2015-07-29 12:00:00,-1,210
1,2015,7,28,12,-24,-69.36,-83.454,212.7,966.9,2015-07-28 12:00:00,2015-07-29 12:00:00,-1,210
1,2015,7,30,12,0,-80.3,-81.3,1500,729.9,2015-07-30 12:00:00,2015-07-30 12:00:00,24,211
1,2015,7,30,11,-1,-79.928,-81.198,1441.6,741.5,2015-07-30 11:00:00,2015-07-30 12:00:00,-1,211
1,2015,7,30,10,-2,-79.568,-81.165,1382.9,747.9,2015-07-30 10:00:00,2015-07-30 12:00:00,-1,211
1,2015,7,30,9,-3,-79.211,-81.221,1325.4,753.4,2015-07-30 09:00:00,2015-07-30 12:00:00,-1,211
1,2015,7,30,8,-4,-78.854,-81.359,1268.9,758,2015-07-30 08:00:00,2015-07-30 12:00:00,-1,211
1,2015,7,30,7,-5,-78.495,-81.573,1212.9,761.4,2015-07-30 07:00:00,2015-07-30 12:00:00,-1,211
1,2015,7,30,6,-6,-78.129,-81.852,1156.7,764.4,2015-07-30 06:00:00,2015-07-30 12:00:00,-1,211
1,2015,7,30,5,-7,-77.754,-82.119,1096.7,768,2015-07-30 05:00:00,2015-07-30 12:00:00,-1,211
1,2015,7,30,4,-8,-77.365,-82.299,1031,773.9,2015-07-30 04:00:00,2015-07-30 12:00:00,-1,211
1,2015,7,30,3,-9,-76.963,-82.395,960.8,781.6,2015-07-30 03:00:00,2015-07-30 12:00:00,-1,211
1,2015,7,30,2,-10,-76.548,-82.409,886.8,790.6,2015-07-30 02:00:00,2015-07-30 12:00:00,-1,211
1,2015,7,30,1,-11,-76.12,-82.335,809.9,800.2,2015-07-30 01:00:00,2015-07-30 12:00:00,-1,211
1,2015,7,30,0,-12,-75.677,-82.167,731.3,810.8,2015-07-30,2015-07-30 12:00:00,-1,211
1,2015,7,29,23,-13,-75.215,-81.913,653.3,821.9,2015-07-29 23:00:00,2015-07-30 12:00:00,-1,211
1,2015,7,29,22,-14,-74.732,-81.582,582.1,840.4,2015-07-29 22:00:00,2015-07-30 12:00:00,-1,211
1,2015,7,29,21,-15,-74.243,-81.158,522,864.8,2015-07-29 21:00:00,2015-07-30 12:00:00,-1,211
1,2015,7,29,20,-16,-73.76,-80.637,474,888.2,2015-07-29 20:00:00,2015-07-30 12:00:00,-1,211
1,2015,7,29,19,-17,-73.293,-80.018,438,910.6,2015-07-29 19:00:00,2015-07-30 12:00:00,-1,211
1,2015,7,29,18,-18,-72.842,-79.321,411.8,927.3,2015-07-29 18:00:00,2015-07-30 12:00:00,-1,211
1,2015,7,29,17,-19,-72.408,-78.568,392.1,939.2,2015-07-29 17:00:00,2015-07-30 12:00:00,-1,211
1,2015,7,29,16,-20,-71.993,-77.799,377,943.8,2015-07-29 16:00:00,2015-07-30 12:00:00,-1,211
1,2015,7,29,15,-21,-71.599,-77.056,366.6,946,2015-07-29 15:00:00,2015-07-30 12:00:00,-1,211
1,2015,7,29,14,-22,-71.229,-76.354,360.8,946.3,2015-07-29 14:00:00,2015-07-30 12:00:00,-1,211
1,2015,7,29,13,-23,-70.884,-75.695,359.2,946.7,2015-07-29 13:00:00,2015-07-30 12:00:00,-1,211
1,2015,7,29,12,-24,-70.562,-75.072,361.2,946.9,2015-07-29 12:00:00,2015-07-30 12:00:00,-1,211
1,2015,7,31,12,0,-80.3,-81.3,1500,731.5,2015-07-31 12:00:00,2015-07-31 12:00:00,24,212
1,2015,7,31,11,-1,-79.92,-80.441,1430.5,752.9,2015-07-31 11:00:00,2015-07-31 12:00:00,-1,212
1,2015,7,31,10,-2,-79.583,-79.572,1356.2,770.1,2015-07-31 10:00:00,2015-07-31 12:00:00,-1,212
1,2015,7,31,9,-3,-79.273,-78.73,1281.4,786.3,2015-07-31 09:00:00,2015-07-31 12:00:00,-1,212
1,2015,7,31,8,-4,-78.981,-77.929,1207.9,801.2,2015-07-31 08:00:00,2015-07-31 12:00:00,-1,212
1,2015,7,31,7,-5,-78.697,-77.183,1136.4,814.8,2015-07-31 07:00:00,2015-07-31 12:00:00,-1,212
1,2015,7,31,6,-6,-78.412,-76.506,1067.6,826.6,2015-07-31 06:00:00,2015-07-31 12:00:00,-1,212
1,2015,7,31,5,-7,-78.126,-75.9,1000.4,837.6,2015-07-31 05:00:00,2015-07-31 12:00:00,-1,212
1,2015,7,31,4,-8,-77.841,-75.358,933.1,848.2,2015-07-31 04:00:00,2015-07-31 12:00:00,-1,212
1,2015,7,31,3,-9,-77.556,-74.89,866.2,857.2,2015-07-31 03:00:00,2015-07-31 12:00:00,-1,212
1,2015,7,31,2,-10,-77.27,-74.494,800.6,861.1,2015-07-31 02:00:00,2015-07-31 12:00:00,-1,212
1,2015,7,31,1,-11,-76.979,-74.156,738.8,862.9,2015-07-31 01:00:00,2015-07-31 12:00:00,-1,212
1,2015,7,31,0,-12,-76.678,-73.866,680.5,863.6,2015-07-31,2015-07-31 12:00:00,-1,212
1,2015,7,30,23,-13,-76.359,-73.613,627.4,863.2,2015-07-30 23:00:00,2015-07-31 12:00:00,-1,212
1,2015,7,30,22,-14,-76.008,-73.391,581.4,859.7,2015-07-30 22:00:00,2015-07-31 12:00:00,-1,212
1,2015,7,30,21,-15,-75.616,-73.205,542.1,853.7,2015-07-30 21:00:00,2015-07-31 12:00:00,-1,212
1,2015,7,30,20,-16,-75.173,-73.063,509.2,845.3,2015-07-30 20:00:00,2015-07-31 12:00:00,-1,212
1,2015,7,30,19,-17,-74.682,-72.931,484.9,846.2,2015-07-30 19:00:00,2015-07-31 12:00:00,-1,212
1,2015,7,30,18,-18,-74.166,-72.745,469.6,852.2,2015-07-30 18:00:00,2015-07-31 12:00:00,-1,212
1,2015,7,30,17,-19,-73.64,-72.499,460.7,856,2015-07-30 17:00:00,2015-07-31 12:00:00,-1,212
1,2015,7,30,16,-20,-73.111,-72.211,455.5,858.5,2015-07-30 16:00:00,2015-07-31 12:00:00,-1,212
1,2015,7,30,15,-21,-72.582,-71.898,454.2,858.9,2015-07-30 15:00:00,2015-07-31 12:00:00,-1,212
1,2015,7,30,14,-22,-72.057,-71.567,455.4,861.6,2015-07-30 14:00:00,2015-07-31 12:00:00,-1,212
1,2015,7,30,13,-23,-71.547,-71.21,456.1,864.5,2015-07-30 13:00:00,2015-07-31 12:00:00,-1,212
1,2015,7,30,12,-24,-71.057,-70.804,455.1,866.5,2015-07-30 12:00:00,2015-07-31 12:00:00,-1,212
1,2015,8,1,12,0,-80.3,-81.3,1500,728.3,2015-08-01 12:00:00,2015-08-01 12:00:00,24,213
1,2015,8,1,11,-1,-80.177,-79.983,1434,753.2,2015-08-01 11:00:00,2015-08-01 12:00:00,-1,213
1,2015,8,1,10,-2,-80.09,-78.701,1373.1,774.9,2015-08-01 10:00:00,2015-08-01 12:00:00,-1,213
1,2015,8,1,9,-3,-80.037,-77.453,1318,795.3,2015-08-01 09:00:00,2015-08-01 12:00:00,-1,213
1,2015,8,1,8,-4,-80.016,-76.239,1267.1,812.2,2015-08-01 08:00:00,2015-08-01 12:00:00,-1,213
1,2015,8,1,7,-5,-80.021,-75.065,1220.8,827.9,2015-08-01 07:00:00,2015-08-01 12:00:00,-1,213
1,2015,8,1,6,-6,-80.048,-73.935,1177.9,839.2,2015-08-01 06:00:00,2015-08-01 12:00:00,-1,213
1,2015,8,1,5,-7,-80.085,-72.794,1136.9,849.3,2015-08-01 05:00:00,2015-08-01 12:00:00,-1,213
1,2015,8,1,4,-8,-80.127,-71.586,1094.9,857.8,2015-08-01 04:00:00,2015-08-01 12:00:00,-1,213
1,2015,8,1,3,-9,-80.169,-70.304,1053.9,865.6,2015-08-01 03:00:00,2015-08-01 12:00:00,-1,213
1,2015,8,1,2,-10,-80.205,-68.937,1014.1,870.9,2015-08-01 02:00:00,2015-08-01 12:00:00,-1,213
1,2015,8,1,1,-11,-80.234,-67.477,976.7,875.4,2015-08-01 01:00:00,2015-08-01 12:00:00,-1,213
1,2015,8,1,0,-12,-80.246,-65.919,941,876.8,2015-08-01,2015-08-01 12:00:00,-1,213
1,2015,7,31,23,-13,-80.233,-64.372,908.2,877.4,2015-07-31 23:00:00,2015-08-01 12:00:00,-1,213
1,2015,7,31,22,-14,-80.193,-62.947,877.3,877.1,2015-07-31 22:00:00,2015-08-01 12:00:00,-1,213
1,2015,7,31,21,-15,-80.13,-61.668,848.7,876.8,2015-07-31 21:00:00,2015-08-01 12:00:00,-1,213
1,2015,7,31,20,-16,-80.045,-60.553,822.2,876.5,2015-07-31 20:00:00,2015-08-01 12:00:00,-1,213
1,2015,7,31,19,-17,-79.94,-59.611,798.2,876.4,2015-07-31 19:00:00,2015-08-01 12:00:00,-1,213
1,2015,7,31,18,-18,-79.816,-58.839,777.3,877,2015-07-31 18:00:00,2015-08-01 12:00:00,-1,213
1,2015,7,31,17,-19,-79.677,-58.211,759.8,877.8,2015-07-31 17:00:00,2015-08-01 12:00:00,-1,213
1,2015,7,31,16,-20,-79.527,-57.703,746.8,878.4,2015-07-31 16:00:00,2015-08-01 12:00:00,-1,213
1,2015,7,31,15,-21,-79.366,-57.316,737.5,879.1,2015-07-31 15:00:00,2015-08-01 12:00:00,-1,213
1,2015,7,31,14,-22,-79.195,-57.046,731.6,879.9,2015-07-31 14:00:00,2015-08-01 12:00:00,-1,213
1,2015,7,31,13,-23,-79.017,-56.889,728.8,880.7,2015-07-31 13:00:00,2015-08-01 12:00:00,-1,213
1,2015,7,31,12,-24,-78.83,-56.839,728.8,881.4,2015-07-31 12:00:00,2015-08-01 12:00:00,-1,213
1,2015,8,2,12,0,-80.3,-81.3,1500,723.1,2015-08-02 12:00:00,2015-08-02 12:00:00,24,214
1,2015,8,2,11,-1,-80.322,-79.9,1464.1,742.1,2015-08-02 11:00:00,2015-08-02 12:00:00,-1,214
1,2015,8,2,10,-2,-80.367,-78.536,1422.3,760.4,2015-08-02 10:00:00,2015-08-02 12:00:00,-1,214
1,2015,8,2,9,-3,-80.434,-77.187,1375.4,778.2,2015-08-02 09:00:00,2015-08-02 12:00:00,-1,214
1,2015,8,2,8,-4,-80.518,-75.829,1322.7,794.2,2015-08-02 08:00:00,2015-08-02 12:00:00,-1,214
1,2015,8,2,7,-5,-80.615,-74.435,1265.3,809.1,2015-08-02 07:00:00,2015-08-02 12:00:00,-1,214
1,2015,8,2,6,-6,-80.72,-72.982,1203.8,822.2,2015-08-02 06:00:00,2015-08-02 12:00:00,-1,214
1,2015,8,2,5,-7,-80.822,-71.441,1142.8,834,2015-08-02 05:00:00,2015-08-02 12:00:00,-1,214
1,2015,8,2,4,-8,-80.914,-69.794,1085.7,844.2,2015-08-02 04:00:00,2015-08-02 12:00:00,-1,214
1,2015,8,2,3,-9,-80.994,-68.027,1031.8,851.4,2015-08-02 03:00:00,2015-08-02 12:00:00,-1,214
1,2015,8,2,2,-10,-81.057,-66.124,980.5,856.5,2015-08-02 02:00:00,2015-08-02 12:00:00,-1,214
1,2015,8,2,1,-11,-81.099,-64.086,931,859.7,2015-08-02 01:00:00,2015-08-02 12:00:00,-1,214
1,2015,8,2,0,-12,-81.111,-61.921,883,860.3,2015-08-02,2015-08-02 12:00:00,-1,214
1,2015,8,1,23,-13,-81.094,-59.726,837.3,860.6,2015-08-01 23:00:00,2015-08-02 12:00:00,-1,214
1,2015,8,1,22,-14,-81.049,-57.612,795.5,859.5,2015-08-01 22:00:00,2015-08-02 12:00:00,-1,214
1,2015,8,1,21,-15,-80.975,-55.621,760.1,858.7,2015-08-01 21:00:00,2015-08-02 12:00:00,-1,214
1,2015,8,1,20,-16,-80.875,-53.783,733,859.1,2015-08-01 20:00:00,2015-08-02 12:00:00,-1,214
1,2015,8,1,19,-17,-80.749,-52.111,715.8,860.5,2015-08-01 19:00:00,2015-08-02 12:00:00,-1,214
1,2015,8,1,18,-18,-80.598,-50.636,708.5,861.5,2015-08-01 18:00:00,2015-08-02 12:00:00,-1,214
1,2015,8,1,17,-19,-80.424,-49.323,712.3,864.1,2015-08-01 17:00:00,2015-08-02 12:00:00,-1,214
1,2015,8,1,16,-20,-80.231,-48.123,726.8,867.2,2015-08-01 16:00:00,2015-08-02 12:00:00,-1,214
1,2015,8,1,15,-21,-80.016,-47.041,750,870.3,2015-08-01 15:00:00,2015-08-02 12:00:00,-1,214
1,2015,8,1,14,-22,-79.782,-46.073,778.1,870.6,2015-08-01 14:00:00,2015-08-02 12:00:00,-1,214
1,2015,8,1,13,-23,-79.529,-45.214,808.8,870.3,2015-08-01 13:00:00,2015-08-02 12:00:00,-1,214
1,2015,8,1,12,-24,-79.264,-44.459,839.5,869.9,2015-08-01 12:00:00,2015-08-02 12:00:00,-1,214
1,2015,8,3,12,0,-80.3,-81.3,1500,722.9,2015-08-03 12:00:00,2015-08-03 12:00:00,24,215
1,2015,8,3,11,-1,-80.567,-79.382,1444.5,745.5,2015-08-03 11:00:00,2015-08-03 12:00:00,-1,215
1,2015,8,3,10,-2,-80.837,-77.382,1389.1,767,2015-08-03 10:00:00,2015-08-03 12:00:00,-1,215
1,2015,8,3,9,-3,-81.102,-75.25,1334.5,785.1,2015-08-03 09:00:00,2015-08-03 12:00:00,-1,215
1,2015,8,3,8,-4,-81.354,-72.929,1282.8,801.3,2015-08-03 08:00:00,2015-08-03 12:00:00,-1,215
1,2015,8,3,7,-5,-81.584,-70.367,1235.6,812.9,2015-08-03 07:00:00,2015-08-03 12:00:00,-1,215
1,2015,8,3,6,-6,-81.781,-67.514,1195.8,820,2015-08-03 06:00:00,2015-08-03 12:00:00,-1,215
1,2015,8,3,5,-7,-81.938,-64.435,1165.7,820.9,2015-08-03 05:00:00,2015-08-03 12:00:00,-1,215
1,2015,8,3,4,-8,-82.046,-61.223,1147.5,817.8,2015-08-03 04:00:00,2015-08-03 12:00:00,-1,215
1,2015,8,3,3,-9,-82.1,-57.93,1141.7,811.7,2015-08-03 03:00:00,2015-08-03 12:00:00,-1,215
1,2015,8,3,2,-10,-82.094,-54.627,1146.2,803.1,2015-08-03 02:00:00,2015-08-03 12:00:00,-1,215
1,2015,8,3,1,-11,-82.028,-51.389,1160.4,794,2015-08-03 01:00:00,2015-08-03 12:00:00,-1,215
1,2015,8,3,0,-12,-81.903,-48.294,1182.8,785.4,2015-08-03,2015-08-03 12:00:00,-1,215
1,2015,8,2,23,-13,-81.726,-45.356,1215.8,779.3,2015-08-02 23:00:00,2015-08-03 12:00:00,-1,215
1,2015,8,2,22,-14,-81.502,-42.56,1264.1,775.2,2015-08-02 22:00:00,2015-08-03 12:00:00,-1,215
1,2015,8,2,21,-15,-81.238,-39.956,1326,770.6,2015-08-02 21:00:00,2015-08-03 12:00:00,-1,215
1,2015,8,2,20,-16,-80.942,-37.577,1400.4,766.2,2015-08-02 20:00:00,2015-08-03 12:00:00,-1,215
1,2015,8,2,19,-17,-80.627,-35.443,1484,759.7,2015-08-02 19:00:00,2015-08-03 12:00:00,-1,215
1,2015,8,2,18,-18,-80.305,-33.568,1571.6,750.5,2015-08-02 18:00:00,2015-08-03 12:00:00,-1,215
1,2015,8,2,17,-19,-79.984,-32.012,1656.7,740.8,2015-08-02 17:00:00,2015-08-03 12:00:00,-1,215
1,2015,8,2,16,-20,-79.678,-30.772,1725.3,725.3,2015-08-02 16:00:00,2015-08-03 12:00:00,-1,215
1,2015,8,2,15,-21,-79.393,-29.755,1783.8,712.9,2015-08-02 15:00:00,2015-08-03 12:00:00,-1,215
1,2015,8,2,14,-22,-79.134,-28.889,1834.5,701,2015-08-02 14:00:00,2015-08-03 12:00:00,-1,215
1,2015,8,2,13,-23,-78.904,-28.112,1880.8,690.2,2015-08-02 13:00:00,2015-08-03 12:00:00,-1,215
1,2015,8,2,12,-24,-78.703,-27.374,1925,679.4,2015-08-02 12:00:00,2015-08-03 12:00:00,-1,215
1,2015,8,4,12,0,-80.3,-81.3,1500,722.1,2015-08-04 12:00:00,2015-08-04 12:00:00,24,216
1,2015,8,4,11,-1,-80.366,-79.527,1442.8,746.6,2015-08-04 11:00:00,2015-08-04 12:00:00,-1,216
1,2015,8,4,10,-2,-80.46,-77.804,1382.6,769.4,2015-08-04 10:00:00,2015-08-04 12:00:00,-1,216
1,2015,8,4,9,-3,-80.577,-76.094,1320.3,789.3,2015-08-04 09:00:00,2015-08-04 12:00:00,-1,216
1,2015,8,4,8,-4,-80.71,-74.359,1257.8,807,2015-08-04 08:00:00,2015-08-04 12:00:00,-1,216
1,2015,8,4,7,-5,-80.855,-72.564,1197.4,821.5,2015-08-04 07:00:00,2015-08-04 12:00:00,-1,216
1,2015,8,4,6,-6,-81.003,-70.665,1141.6,831.7,2015-08-04 06:00:00,2015-08-04 12:00:00,-1,216
1,2015,8,4,5,-7,-81.146,-68.644,1091.8,838.2,2015-08-04 05:00:00,2015-08-04 12:00:00,-1,216
1,2015,8,4,4,-8,-81.271,-66.483,1048.8,842.1,2015-08-04 04:00:00,2015-08-04 12:00:00,-1,216
1,2015,8,4,3,-9,-81.37,-64.148,1012.3,842.9,2015-08-04 03:00:00,2015-08-04 12:00:00,-1,216
1,2015,8,4,2,-10,-81.433,-61.622,982.5,841.4,2015-08-04 02:00:00,2015-08-04 12:00:00,-1,216
1,2015,8,4,1,-11,-81.447,-58.924,958.5,837.5,2015-08-04 01:00:00,2015-08-04 12:00:00,-1,216
1,2015,8,4,0,-12,-81.404,-56.12,940.5,832.4,2015-08-04,2015-08-04 12:00:00,-1,216
1,2015,8,3,23,-13,-81.302,-53.325,929.6,828,2015-08-03 23:00:00,2015-08-04 12:00:00,-1,216
1,2015,8,3,22,-14,-81.148,-50.642,925.9,825.6,2015-08-03 22:00:00,2015-08-04 12:00:00,-1,216
1,2015,8,3,21,-15,-80.946,-48.112,929.2,825.2,2015-08-03 21:00:00,2015-08-04 12:00:00,-1,216
1,2015,8,3,20,-16,-80.694,-45.767,939.5,828.9,2015-08-03 20:00:00,2015-08-04 12:00:00,-1,216
1,2015,8,3,19,-17,-80.394,-43.624,956.1,834.8,2015-08-03 19:00:00,2015-08-04 12:00:00,-1,216
1,2015,8,3,18,-18,-80.046,-41.702,978.2,843,2015-08-03 18:00:00,2015-08-04 12:00:00,-1,216
1,2015,8,3,17,-19,-79.659,-39.982,1002.1,845.3,2015-08-03 17:00:00,2015-08-04 12:00:00,-1,216
1,2015,8,3,16,-20,-79.246,-38.459,1028.2,844,2015-08-03 16:00:00,2015-08-04 12:00:00,-1,216
1,2015,8,3,15,-21,-78.817,-37.141,1055.3,842.6,2015-08-03 15:00:00,2015-08-04 12:00:00,-1,216
1,2015,8,3,14,-22,-78.382,-36.024,1081.6,840.2,2015-08-03 14:00:00,2015-08-04 12:00:00,-1,216
1,2015,8,3,13,-23,-77.949,-35.094,1107.4,839.2,2015-08-03 13:00:00,2015-08-04 12:00:00,-1,216
1,2015,8,3,12,-24,-77.526,-34.342,1130.9,836.9,2015-08-03 12:00:00,2015-08-04 12:00:00,-1,216
1,2015,8,5,12,0,-80.3,-81.3,1500,726.4,2015-08-05 12:00:00,2015-08-05 12:00:00,24,217
1,2015,8,5,11,-1,-80.499,-79.123,1456.8,751.5,2015-08-05 11:00:00,2015-08-05 12:00:00,-1,217
1,2015,8,5,10,-2,-80.701,-77.035,1410.9,772.9,2015-08-05 10:00:00,2015-08-05 12:00:00,-1,217
1,2015,8,5,9,-3,-80.899,-74.988,1363,791.6,2015-08-05 09:00:00,2015-08-05 12:00:00,-1,217
1,2015,8,5,8,-4,-81.083,-72.934,1312.2,805.4,2015-08-05 08:00:00,2015-08-05 12:00:00,-1,217
1,2015,8,5,7,-5,-81.247,-70.83,1260.5,816.2,2015-08-05 07:00:00,2015-08-05 12:00:00,-1,217
1,2015,8,5,6,-6,-81.383,-68.65,1209.8,824.3,2015-08-05 06:00:00,2015-08-05 12:00:00,-1,217
1,2015,8,5,5,-7,-81.484,-66.356,1157.3,830.2,2015-08-05 05:00:00,2015-08-05 12:00:00,-1,217
1,2015,8,5,4,-8,-81.546,-63.94,1101.4,834.2,2015-08-05 04:00:00,2015-08-05 12:00:00,-1,217
1,2015,8,5,3,-9,-81.566,-61.414,1044.7,836,2015-08-05 03:00:00,2015-08-05 12:00:00,-1,217
1,2015,8,5,2,-10,-81.538,-58.831,990,836.1,2015-08-05 02:00:00,2015-08-05 12:00:00,-1,217
1,2015,8,5,1,-11,-81.458,-56.256,940.8,836,2015-08-05 01:00:00,2015-08-05 12:00:00,-1,217
1,2015,8,5,0,-12,-81.328,-53.764,900.6,835.8,2015-08-05,2015-08-05 12:00:00,-1,217
1,2015,8,4,23,-13,-81.148,-51.438,872.3,836.4,2015-08-04 23:00:00,2015-08-05 12:00:00,-1,217
1,2015,8,4,22,-14,-80.924,-49.32,857.9,838.1,2015-08-04 22:00:00,2015-08-05 12:00:00,-1,217
1,2015,8,4,21,-15,-80.662,-47.432,857.7,841.5,2015-08-04 21:00:00,2015-08-05 12:00:00,-1,217
1,2015,8,4,20,-16,-80.371,-45.77,872.8,847.1,2015-08-04 20:00:00,2015-08-05 12:00:00,-1,217
1,2015,8,4,19,-17,-80.06,-44.324,903.5,853.5,2015-08-04 19:00:00,2015-08-05 12:00:00,-1,217
1,2015,8,4,18,-18,-79.738,-43.082,945.2,853.4,2015-08-04 18:00:00,2015-08-05 12:00:00,-1,217
1,2015,8,4,17,-19,-79.412,-41.968,990.5,850.3,2015-08-04 17:00:00,2015-08-05 12:00:00,-1,217
1,2015,8,4,16,-20,-79.078,-40.911,1031.5,848,2015-08-04 16:00:00,2015-08-05 12:00:00,-1,217
1,2015,8,4,15,-21,-78.737,-39.894,1067.9,846.4,2015-08-04 15:00:00,2015-08-05 12:00:00,-1,217
1,2015,8,4,14,-22,-78.393,-38.897,1098.8,844.7,2015-08-04 14:00:00,2015-08-05 12:00:00,-1,217
1,2015,8,4,13,-23,-78.047,-37.892,1124.5,844.4,2015-08-04 13:00:00,2015-08-05 12:00:00,-1,217
1,2015,8,4,12,-24,-77.7,-36.842,1144.5,843.6,2015-08-04 12:00:00,2015-08-05 12:00:00,-1,217
1,2015,8,6,12,0,-80.3,-81.3,1500,730.1,2015-08-06 12:00:00,2015-08-06 12:00:00,24,218
1,2015,8,6,11,-1,-80.496,-78.905,1479.9,754.4,2015-08-06 11:00:00,2015-08-06 12:00:00,-1,218
1,2015,8,6,10,-2,-80.708,-76.702,1454.8,773.8,2015-08-06 10:00:00,2015-08-06 12:00:00,-1,218
1,2015,8,6,9,-3,-80.922,-74.601,1425.1,789.5,2015-08-06 09:00:00,2015-08-06 12:00:00,-1,218
1,2015,8,6,8,-4,-81.127,-72.534,1391.4,801.1,2015-08-06 08:00:00,2015-08-06 12:00:00,-1,218
1,2015,8,6,7,-5,-81.313,-70.471,1354.7,809.8,2015-08-06 07:00:00,2015-08-06 12:00:00,-1,218
1,2015,8,6,6,-6,-81.474,-68.401,1316.3,815.3,2015-08-06 06:00:00,2015-08-06 12:00:00,-1,218
1,2015,8,6,5,-7,-81.613,-66.351,1280.1,818.6,2015-08-06 05:00:00,2015-08-06 12:00:00,-1,218
1,2015,8,6,4,-8,-81.729,-64.344,1248.9,819.8,2015-08-06 04:00:00,2015-08-06 12:00:00,-1,218
1,2015,8,6,3,-9,-81.816,-62.378,1224.3,818.8,2015-08-06 03:00:00,2015-08-06 12:00:00,-1,218
1,2015,8,6,2,-10,-81.874,-60.452,1206.9,816.1,2015-08-06 02:00:00,2015-08-06 12:00:00,-1,218
1,2015,8,6,1,-11,-81.9,-58.568,1196.8,813,2015-08-06 01:00:00,2015-08-06 12:00:00,-1,218
1,2015,8,6,0,-12,-81.892,-56.735,1193.1,809,2015-08-06,2015-08-06 12:00:00,-1,218
1,2015,8,5,23,-13,-81.843,-54.891,1191.4,804.5,2015-08-05 23:00:00,2015-08-06 12:00:00,-1,218
1,2015,8,5,22,-14,-81.75,-52.97,1188.3,801.2,2015-08-05 22:00:00,2015-08-06 12:00:00,-1,218
1,2015,8,5,21,-15,-81.613,-51,1185,798.6,2015-08-05 21:00:00,2015-08-06 12:00:00,-1,218
1,2015,8,5,20,-16,-81.43,-49.024,1182.7,797.7,2015-08-05 20:00:00,2015-08-06 12:00:00,-1,218
1,2015,8,5,19,-17,-81.203,-47.079,1182.6,798.8,2015-08-05 19:00:00,2015-08-06 12:00:00,-1,218
1,2015,8,5,18,-18,-80.932,-45.188,1186.7,802.4,2015-08-05 18:00:00,2015-08-06 12:00:00,-1,218
1,2015,8,5,17,-19,-80.613,-43.421,1194.1,809.2,2015-08-05 17:00:00,2015-08-06 12:00:00,-1,218
1,2015,8,5,16,-20,-80.243,-41.823,1203.9,819.2,2015-08-05 16:00:00,2015-08-06 12:00:00,-1,218
1,2015,8,5,15,-21,-79.822,-40.386,1216.2,827.5,2015-08-05 15:00:00,2015-08-06 12:00:00,-1,218
1,2015,8,5,14,-22,-79.36,-39.145,1227.9,828.1,2015-08-05 14:00:00,2015-08-06 12:00:00,-1,218
1,2015,8,5,13,-23,-78.868,-38.123,1241.9,828.8,2015-08-05 13:00:00,2015-08-06 12:00:00,-1,218
1,2015,8,5,12,-24,-78.352,-37.3,1260.1,829.7,2015-08-05 12:00:00,2015-08-06 12:00:00,-1,218
1,2015,8,7,12,0,-80.3,-81.3,1500,717.9,2015-08-07 12:00:00,2015-08-07 12:00:00,24,219
1,2015,8,7,11,-1,-80.585,-81.22,1534.6,711.8,2015-08-07 11:00:00,2015-08-07 12:00:00,-1,219
1,2015,8,7,10,-2,-80.87,-80.906,1568,708.2,2015-08-07 10:00:00,2015-08-07 12:00:00,-1,219
1,2015,8,7,9,-3,-81.156,-80.356,1599.5,707.1,2015-08-07 09:00:00,2015-08-07 12:00:00,-1,219
1,2015,8,7,8,-4,-81.443,-79.558,1627.7,707.9,2015-08-07 08:00:00,2015-08-07 12:00:00,-1,219
1,2015,8,7,7,-5,-81.73,-78.487,1651.7,710.8,2015-08-07 07:00:00,2015-08-07 12:00:00,-1,219
1,2015,8,7,6,-6,-82.016,-77.112,1670.8,716,2015-08-07 06:00:00,2015-08-07 12:00:00,-1,219
1,2015,8,7,5,-7,-82.284,-75.475,1685.3,722,2015-08-07 05:00:00,2015-08-07 12:00:00,-1,219
1,2015,8,7,4,-8,-82.516,-73.632,1694.9,728.2,2015-08-07 04:00:00,2015-08-07 12:00:00,-1,219
1,2015,8,7,3,-9,-82.713,-71.555,1698.4,733,2015-08-07 03:00:00,2015-08-07 12:00:00,-1,219
1,2015,8,7,2,-10,-82.87,-69.222,1697,736.9,2015-08-07 02:00:00,2015-08-07 12:00:00,-1,219
1,2015,8,7,1,-11,-82.982,-66.648,1691.6,739.6,2015-08-07 01:00:00,2015-08-07 12:00:00,-1,219
1,2015,8,7,0,-12,-83.043,-63.878,1682.9,740.8,2015-08-07,2015-08-07 12:00:00,-1,219
1,2015,8,6,23,-13,-83.059,-61.014,1671.9,740.3,2015-08-06 23:00:00,2015-08-07 12:00:00,-1,219
1,2015,8,6,22,-14,-83.034,-58.149,1659.9,738.3,2015-08-06 22:00:00,2015-08-07 12:00:00,-1,219
1,2015,8,6,21,-15,-82.969,-55.349,1649.1,736.1,2015-08-06 21:00:00,2015-08-07 12:00:00,-1,219
1,2015,8,6,20,-16,-82.869,-52.67,1640.5,734.2,2015-08-06 20:00:00,2015-08-07 12:00:00,-1,219
1,2015,8,6,19,-17,-82.734,-50.156,1634.8,732.1,2015-08-06 19:00:00,2015-08-07 12:00:00,-1,219
1,2015,8,6,18,-18,-82.57,-47.849,1634.1,731.9,2015-08-06 18:00:00,2015-08-07 12:00:00,-1,219
1,2015,8,6,17,-19,-82.382,-45.836,1634.4,729.7,2015-08-06 17:00:00,2015-08-07 12:00:00,-1,219
1,2015,8,6,16,-20,-82.17,-44.179,1637.1,728.7,2015-08-06 16:00:00,2015-08-07 12:00:00,-1,219
1,2015,8,6,15,-21,-81.941,-42.845,1641.6,730.4,2015-08-06 15:00:00,2015-08-07 12:00:00,-1,219
1,2015,8,6,14,-22,-81.697,-41.807,1646.8,734.1,2015-08-06 14:00:00,2015-08-07 12:00:00,-1,219
1,2015,8,6,13,-23,-81.44,-41.046,1652.6,739.6,2015-08-06 13:00:00,2015-08-07 12:00:00,-1,219
1,2015,8,6,12,-24,-81.174,-40.546,1658.7,746.5,2015-08-06 12:00:00,2015-08-07 12:00:00,-1,219
1,2015,8,8,12,0,-80.3,-81.3,1500,719.9,2015-08-08 12:00:00,2015-08-08 12:00:00,24,220
1,2015,8,8,11,-1,-80.266,-81.764,1507.3,714.1,2015-08-08 11:00:00,2015-08-08 12:00:00,-1,220
1,2015,8,8,10,-2,-80.238,-82.26,1517,707.2,2015-08-08 10:00:00,2015-08-08 12:00:00,-1,220
1,2015,8,8,9,-3,-80.216,-82.789,1528.8,699.7,2015-08-08 09:00:00,2015-08-08 12:00:00,-1,220
1,2015,8,8,8,-4,-80.2,-83.357,1542.2,691.5,2015-08-08 08:00:00,2015-08-08 12:00:00,-1,220
1,2015,8,8,7,-5,-80.19,-83.968,1556.8,682.7,2015-08-08 07:00:00,2015-08-08 12:00:00,-1,220
1,2015,8,8,6,-6,-80.186,-84.622,1571.8,673.4,2015-08-08 06:00:00,2015-08-08 12:00:00,-1,220
1,2015,8,8,5,-7,-80.19,-85.315,1588.1,663.8,2015-08-08 05:00:00,2015-08-08 12:00:00,-1,220
1,2015,8,8,4,-8,-80.205,-86.04,1608.6,653.4,2015-08-08 04:00:00,2015-08-08 12:00:00,-1,220
1,2015,8,8,3,-9,-80.229,-86.793,1633.1,642.3,2015-08-08 03:00:00,2015-08-08 12:00:00,-1,220
1,2015,8,8,2,-10,-80.263,-87.57,1661.8,630.6,2015-08-08 02:00:00,2015-08-08 12:00:00,-1,220
1,2015,8,8,1,-11,-80.304,-88.363,1696.4,620.1,2015-08-08 01:00:00,2015-08-08 12:00:00,-1,220
1,2015,8,8,0,-12,-80.352,-89.165,1736.2,609.2,2015-08-08,2015-08-08 12:00:00,-1,220
1,2015,8,7,23,-13,-80.411,-89.983,1778.5,598.2,2015-08-07 23:00:00,2015-08-08 12:00:00,-1,220
1,2015,8,7,22,-14,-80.486,-90.839,1821.5,588.7,2015-08-07 22:00:00,2015-08-08 12:00:00,-1,220
1,2015,8,7,21,-15,-80.573,-91.752,1862.9,579.2,2015-08-07 21:00:00,2015-08-08 12:00:00,-1,220
1,2015,8,7,20,-16,-80.669,-92.743,1902.1,570,2015-08-07 20:00:00,2015-08-08 12:00:00,-1,220
1,2015,8,7,19,-17,-80.77,-93.825,1938.8,562.1,2015-08-07 19:00:00,2015-08-08 12:00:00,-1,220
1,2015,8,7,18,-18,-80.874,-95.012,1970.2,554.4,2015-08-07 18:00:00,2015-08-08 12:00:00,-1,220
1,2015,8,7,17,-19,-80.973,-96.23,1999.8,549.1,2015-08-07 17:00:00,2015-08-08 12:00:00,-1,220
1,2015,8,7,16,-20,-81.064,-97.395,2027.6,544.1,2015-08-07 16:00:00,2015-08-08 12:00:00,-1,220
1,2015,8,7,15,-21,-81.148,-98.504,2058.7,541,2015-08-07 15:00:00,2015-08-08 12:00:00,-1,220
1,2015,8,7,14,-22,-81.227,-99.552,2091.3,538.2,2015-08-07 14:00:00,2015-08-08 12:00:00,-1,220
1,2015,8,7,13,-23,-81.302,-100.536,2126.5,536,2015-08-07 13:00:00,2015-08-08 12:00:00,-1,220
1,2015,8,7,12,-24,-81.375,-101.454,2164.7,534.1,2015-08-07 12:00:00,2015-08-08 12:00:00,-1,220
1,2015,8,9,12,0,-80.3,-81.3,1500,721.7,2015-08-09 12:00:00,2015-08-09 12:00:00,24,221
1,2015,8,9,11,-1,-80.234,-81.671,1497.8,718.5,2015-08-09 11:00:00,2015-08-09 12:00:00,-1,221
1,2015,8,9,10,-2,-80.162,-82.083,1495.2,714.9,2015-08-09 10:00:00,2015-08-09 12:00:00,-1,221
1,2015,8,9,9,-3,-80.084,-82.54,1492.2,710.8,2015-08-09 09:00:00,2015-08-09 12:00:00,-1,221
1,2015,8,9,8,-4,-80.001,-83.049,1488.7,706,2015-08-09 08:00:00,2015-08-09 12:00:00,-1,221
1,2015,8,9,7,-5,-79.916,-83.605,1484.1,700.2,2015-08-09 07:00:00,2015-08-09 12:00:00,-1,221
1,2015,8,9,6,-6,-79.828,-84.202,1478.6,694.1,2015-08-09 06:00:00,2015-08-09 12:00:00,-1,221
1,2015,8,9,5,-7,-79.743,-84.815,1471.9,688.2,2015-08-09 05:00:00,2015-08-09 12:00:00,-1,221
1,2015,8,9,4,-8,-79.669,-85.417,1464.3,682.6,2015-08-09 04:00:00,2015-08-09 12:00:00,-1,221
1,2015,8,9,3,-9,-79.605,-86.007,1455.5,677.1,2015-08-09 03:00:00,2015-08-09 12:00:00,-1,221
1,2015,8,9,2,-10,-79.552,-86.581,1445.4,672,2015-08-09 02:00:00,2015-08-09 12:00:00,-1,221
1,2015,8,9,1,-11,-79.51,-87.139,1434,667.2,2015-08-09 01:00:00,2015-08-09 12:00:00,-1,221
1,2015,8,9,0,-12,-79.478,-87.679,1421.1,663,2015-08-09,2015-08-09 12:00:00,-1,221
1,2015,8,8,23,-13,-79.452,-88.221,1407.6,659.2,2015-08-08 23:00:00,2015-08-09 12:00:00,-1,221
1,2015,8,8,22,-14,-79.427,-88.787,1396,655,2015-08-08 22:00:00,2015-08-09 12:00:00,-1,221
1,2015,8,8,21,-15,-79.403,-89.376,1386.2,650.5,2015-08-08 21:00:00,2015-08-09 12:00:00,-1,221
1,2015,8,8,20,-16,-79.38,-89.985,1378.8,645.6,2015-08-08 20:00:00,2015-08-09 12:00:00,-1,221
1,2015,8,8,19,-17,-79.359,-90.612,1375.6,641.9,2015-08-08 19:00:00,2015-08-09 12:00:00,-1,221
1,2015,8,8,18,-18,-79.339,-91.255,1376.1,637.9,2015-08-08 18:00:00,2015-08-09 12:00:00,-1,221
1,2015,8,8,17,-19,-79.32,-91.894,1380.2,633.6,2015-08-08 17:00:00,2015-08-09 12:00:00,-1,221
1,2015,8,8,16,-20,-79.3,-92.51,1387.7,629.2,2015-08-08 16:00:00,2015-08-09 12:00:00,-1,221
1,2015,8,8,15,-21,-79.281,-93.097,1399.8,625.8,2015-08-08 15:00:00,2015-08-09 12:00:00,-1,221
1,2015,8,8,14,-22,-79.263,-93.653,1415.8,622.2,2015-08-08 14:00:00,2015-08-09 12:00:00,-1,221
1,2015,8,8,13,-23,-79.247,-94.179,1435.9,618.5,2015-08-08 13:00:00,2015-08-09 12:00:00,-1,221
1,2015,8,8,12,-24,-79.234,-94.677,1460.4,614.4,2015-08-08 12:00:00,2015-08-09 12:00:00,-1,221
1,2015,8,10,12,0,-80.3,-81.3,1500,720.7,2015-08-10 12:00:00,2015-08-10 12:00:00,24,222
1,2015,8,10,11,-1,-80.187,-81.13,1483.3,726.1,2015-08-10 11:00:00,2015-08-10 12:00:00,-1,222
1,2015,8,10,10,-2,-80.079,-81.003,1469.7,730.6,2015-08-10 10:00:00,2015-08-10 12:00:00,-1,222
1,2015,8,10,9,-3,-79.974,-80.917,1459.4,733.9,2015-08-10 09:00:00,2015-08-10 12:00:00,-1,222
1,2015,8,10,8,-4,-79.87,-80.866,1452.4,735.2,2015-08-10 08:00:00,2015-08-10 12:00:00,-1,222
1,2015,8,10,7,-5,-79.764,-80.845,1449.3,735.7,2015-08-10 07:00:00,2015-08-10 12:00:00,-1,222
1,2015,8,10,6,-6,-79.654,-80.853,1450.4,735.5,2015-08-10 06:00:00,2015-08-10 12:00:00,-1,222
1,2015,8,10,5,-7,-79.546,-80.867,1454.2,734.8,2015-08-10 05:00:00,2015-08-10 12:00:00,-1,222
1,2015,8,10,4,-8,-79.446,-80.867,1459.2,734.3,2015-08-10 04:00:00,2015-08-10 12:00:00,-1,222
1,2015,8,10,3,-9,-79.355,-80.856,1465.6,733.8,2015-08-10 03:00:00,2015-08-10 12:00:00,-1,222
1,2015,8,10,2,-10,-79.273,-80.836,1473.1,733.2,2015-08-10 02:00:00,2015-08-10 12:00:00,-1,222
1,2015,8,10,1,-11,-79.201,-80.81,1481.8,732.6,2015-08-10 01:00:00,2015-08-10 12:00:00,-1,222
1,2015,8,10,0,-12,-79.139,-80.778,1491.7,732,2015-08-10,2015-08-10 12:00:00,-1,222
1,2015,8,9,23,-13,-79.081,-80.797,1503.7,730.9,2015-08-09 23:00:00,2015-08-10 12:00:00,-1,222
1,2015,8,9,22,-14,-79.023,-80.919,1516.7,728.3,2015-08-09 22:00:00,2015-08-10 12:00:00,-1,222
1,2015,8,9,21,-15,-78.96,-81.144,1531.4,724.6,2015-08-09 21:00:00,2015-08-10 12:00:00,-1,222
1,2015,8,9,20,-16,-78.892,-81.47,1547.8,719.7,2015-08-09 20:00:00,2015-08-10 12:00:00,-1,222
1,2015,8,9,19,-17,-78.817,-81.901,1566.3,713.6,2015-08-09 19:00:00,2015-08-10 12:00:00,-1,222
1,2015,8,9,18,-18,-78.732,-82.439,1587.5,706.2,2015-08-09 18:00:00,2015-08-10 12:00:00,-1,222
1,2015,8,9,17,-19,-78.64,-83.013,1608.9,698.1,2015-08-09 17:00:00,2015-08-10 12:00:00,-1,222
1,2015,8,9,16,-20,-78.55,-83.547,1628.2,691.1,2015-08-09 16:00:00,2015-08-10 12:00:00,-1,222
1,2015,8,9,15,-21,-78.465,-84.049,1646.2,684.7,2015-08-09 15:00:00,2015-08-10 12:00:00,-1,222
1,2015,8,9,14,-22,-78.388,-84.524,1663.5,678.7,2015-08-09 14:00:00,2015-08-10 12:00:00,-1,222
1,2015,8,9,13,-23,-78.322,-84.981,1680.4,673,2015-08-09 13:00:00,2015-08-10 12:00:00,-1,222
1,2015,8,9,12,-24,-78.269,-85.43,1697.6,667.7,2015-08-09 12:00:00,2015-08-10 12:00:00,-1,222
1,2015,8,11,12,0,-80.3,-81.3,1500,717.6,2015-08-11 12:00:00,2015-08-11 12:00:00,24,223
1,2015,8,11,11,-1,-80.333,-79.83,1458.3,738.3,2015-08-11 11:00:00,2015-08-11 12:00:00,-1,223
1,2015,8,11,10,-2,-80.401,-78.489,1417.7,754.7,2015-08-11 10:00:00,2015-08-11 12:00:00,-1,223
1,2015,8,11,9,-3,-80.498,-77.273,1378.9,768.9,2015-08-11 09:00:00,2015-08-11 12:00:00,-1,223
1,2015,8,11,8,-4,-80.622,-76.171,1341.3,780.2,2015-08-11 08:00:00,2015-08-11 12:00:00,-1,223
1,2015,8,11,7,-5,-80.767,-75.167,1305.4,790,2015-08-11 07:00:00,2015-08-11 12:00:00,-1,223
1,2015,8,11,6,-6,-80.93,-74.245,1270.7,796.5,2015-08-11 06:00:00,2015-08-11 12:00:00,-1,223
1,2015,8,11,5,-7,-81.097,-73.334,1239.5,801.9,2015-08-11 05:00:00,2015-08-11 12:00:00,-1,223
1,2015,8,11,4,-8,-81.259,-72.361,1211.5,807.1,2015-08-11 04:00:00,2015-08-11 12:00:00,-1,223
1,2015,8,11,3,-9,-81.414,-71.307,1185.9,810.6,2015-08-11 03:00:00,2015-08-11 12:00:00,-1,223
1,2015,8,11,2,-10,-81.561,-70.149,1163.6,814.5,2015-08-11 02:00:00,2015-08-11 12:00:00,-1,223
1,2015,8,11,1,-11,-81.7,-68.871,1143.5,817,2015-08-11 01:00:00,2015-08-11 12:00:00,-1,223
1,2015,8,11,0,-12,-81.831,-67.457,1126.2,819.6,2015-08-11,2015-08-11 12:00:00,-1,223
1,2015,8,10,23,-13,-81.953,-66.01,1110.6,820.3,2015-08-10 23:00:00,2015-08-11 12:00:00,-1,223
1,2015,8,10,22,-14,-82.063,-64.657,1097.8,820.4,2015-08-10 22:00:00,2015-08-11 12:00:00,-1,223
1,2015,8,10,21,-15,-82.16,-63.42,1087.8,819.3,2015-08-10 21:00:00,2015-08-11 12:00:00,-1,223
1,2015,8,10,20,-16,-82.245,-62.323,1080.8,818.4,2015-08-10 20:00:00,2015-08-11 12:00:00,-1,223
1,2015,8,10,19,-17,-82.318,-61.39,1076.6,817,2015-08-10 19:00:00,2015-08-11 12:00:00,-1,223
1,2015,8,10,18,-18,-82.379,-60.643,1075.4,815.6,2015-08-10 18:00:00,2015-08-11 12:00:00,-1,223
1,2015,8,10,17,-19,-82.438,-59.996,1076.1,814.1,2015-08-10 17:00:00,2015-08-11 12:00:00,-1,223
1,2015,8,10,16,-20,-82.505,-59.344,1076.9,812,2015-08-10 16:00:00,2015-08-11 12:00:00,-1,223
1,2015,8,10,15,-21,-82.577,-58.669,1077,808.1,2015-08-10 15:00:00,2015-08-11 12:00:00,-1,223
1,2015,8,10,14,-22,-82.653,-57.955,1076.9,804.1,2015-08-10 14:00:00,2015-08-11 12:00:00,-1,223
1,2015,8,10,13,-23,-82.733,-57.197,1076.4,799.8,2015-08-10 13:00:00,2015-08-11 12:00:00,-1,223
1,2015,8,10,12,-24,-82.816,-56.397,1075.5,795,2015-08-10 12:00:00,2015-08-11 12:00:00,-1,223
1,2015,8,12,12,0,-80.3,-81.3,1500,713.1,2015-08-12 12:00:00,2015-08-12 12:00:00,24,224
1,2015,8,12,11,-1,-80.417,-79.9,1463.9,730.9,2015-08-12 11:00:00,2015-08-12 12:00:00,-1,224
1,2015,8,12,10,-2,-80.557,-78.434,1425,747.7,2015-08-12 10:00:00,2015-08-12 12:00:00,-1,224
1,2015,8,12,9,-3,-80.712,-76.89,1383.9,763.6,2015-08-12 09:00:00,2015-08-12 12:00:00,-1,224
1,2015,8,12,8,-4,-80.875,-75.266,1339.7,778,2015-08-12 08:00:00,2015-08-12 12:00:00,-1,224
1,2015,8,12,7,-5,-81.033,-73.548,1292.8,791.1,2015-08-12 07:00:00,2015-08-12 12:00:00,-1,224
1,2015,8,12,6,-6,-81.179,-71.715,1243.1,803,2015-08-12 06:00:00,2015-08-12 12:00:00,-1,224
1,2015,8,12,5,-7,-81.305,-69.775,1192.6,812.3,2015-08-12 05:00:00,2015-08-12 12:00:00,-1,224
1,2015,8,12,4,-8,-81.408,-67.734,1145.3,819,2015-08-12 04:00:00,2015-08-12 12:00:00,-1,224
1,2015,8,12,3,-9,-81.484,-65.581,1101.3,822.2,2015-08-12 03:00:00,2015-08-12 12:00:00,-1,224
1,2015,8,12,2,-10,-81.53,-63.316,1061.6,823.6,2015-08-12 02:00:00,2015-08-12 12:00:00,-1,224
1,2015,8,12,1,-11,-81.542,-60.954,1026.3,823,2015-08-12 01:00:00,2015-08-12 12:00:00,-1,224
1,2015,8,12,0,-12,-81.516,-58.532,995.8,820.8,2015-08-12,2015-08-12 12:00:00,-1,224
1,2015,8,11,23,-13,-81.458,-56.167,970.2,818.9,2015-08-11 23:00:00,2015-08-12 12:00:00,-1,224
1,2015,8,11,22,-14,-81.375,-53.96,949.7,817,2015-08-11 22:00:00,2015-08-12 12:00:00,-1,224
1,2015,8,11,21,-15,-81.267,-51.936,935.1,815.4,2015-08-11 21:00:00,2015-08-12 12:00:00,-1,224
1,2015,8,11,20,-16,-81.138,-50.106,927,815.2,2015-08-11 20:00:00,2015-08-12 12:00:00,-1,224
1,2015,8,11,19,-17,-80.99,-48.476,925.7,816.4,2015-08-11 19:00:00,2015-08-12 12:00:00,-1,224
1,2015,8,11,18,-18,-80.826,-47.053,930.2,818,2015-08-11 18:00:00,2015-08-12 12:00:00,-1,224
1,2015,8,11,17,-19,-80.643,-45.82,938.4,821,2015-08-11 17:00:00,2015-08-12 12:00:00,-1,224
1,2015,8,11,16,-20,-80.44,-44.763,948.1,825.3,2015-08-11 16:00:00,2015-08-12 12:00:00,-1,224
1,2015,8,11,15,-21,-80.224,-43.887,959.1,830.3,2015-08-11 15:00:00,2015-08-12 12:00:00,-1,224
1,2015,8,11,14,-22,-80.001,-43.2,971.2,835.8,2015-08-11 14:00:00,2015-08-12 12:00:00,-1,224
1,2015,8,11,13,-23,-79.777,-42.701,981.3,836.5,2015-08-11 13:00:00,2015-08-12 12:00:00,-1,224
1,2015,8,11,12,-24,-79.558,-42.385,990.4,837.1,2015-08-11 12:00:00,2015-08-12 12:00:00,-1,224
1,2015,8,13,12,0,-80.3,-81.3,1500,714.7,2015-08-13 12:00:00,2015-08-13 12:00:00,24,225
1,2015,8,13,11,-1,-80.452,-79.309,1445.9,739.6,2015-08-13 11:00:00,2015-08-13 12:00:00,-1,225
1,2015,8,13,10,-2,-80.626,-77.403,1392.2,760.9,2015-08-13 10:00:00,2015-08-13 12:00:00,-1,225
1,2015,8,13,9,-3,-80.81,-75.548,1337.8,778.6,2015-08-13 09:00:00,2015-08-13 12:00:00,-1,225
1,2015,8,13,8,-4,-80.991,-73.702,1281.9,793.7,2015-08-13 08:00:00,2015-08-13 12:00:00,-1,225
1,2015,8,13,7,-5,-81.158,-71.835,1224.5,806.5,2015-08-13 07:00:00,2015-08-13 12:00:00,-1,225
1,2015,8,13,6,-6,-81.303,-69.93,1165.2,817.5,2015-08-13 06:00:00,2015-08-13 12:00:00,-1,225
1,2015,8,13,5,-7,-81.426,-67.977,1103.6,825.2,2015-08-13 05:00:00,2015-08-13 12:00:00,-1,225
1,2015,8,13,4,-8,-81.534,-65.946,1043,831,2015-08-13 04:00:00,2015-08-13 12:00:00,-1,225
1,2015,8,13,3,-9,-81.62,-63.787,983.4,835.1,2015-08-13 03:00:00,2015-08-13 12:00:00,-1,225
1,2015,8,13,2,-10,-81.676,-61.467,925.4,837.7,2015-08-13 02:00:00,2015-08-13 12:00:00,-1,225
1,2015,8,13,1,-11,-81.694,-58.986,871.9,838.4,2015-08-13 01:00:00,2015-08-13 12:00:00,-1,225
1,2015,8,13,0,-12,-81.669,-56.366,824.8,836.9,2015-08-13,2015-08-13 12:00:00,-1,225
1,2015,8,12,23,-13,-81.586,-53.617,788.9,834.1,2015-08-12 23:00:00,2015-08-13 12:00:00,-1,225
1,2015,8,12,22,-14,-81.438,-50.81,770.4,831.8,2015-08-12 22:00:00,2015-08-13 12:00:00,-1,225
1,2015,8,12,21,-15,-81.216,-48.022,771.3,831.4,2015-08-12 21:00:00,2015-08-13 12:00:00,-1,225
1,2015,8,12,20,-16,-80.917,-45.3,792.7,833,2015-08-12 20:00:00,2015-08-13 12:00:00,-1,225
1,2015,8,12,19,-17,-80.539,-42.676,835.7,838.2,2015-08-12 19:00:00,2015-08-13 12:00:00,-1,225
1,2015,8,12,18,-18,-80.074,-40.175,901.6,846.5,2015-08-12 18:00:00,2015-08-13 12:00:00,-1,225
1,2015,8,12,17,-19,-79.536,-37.863,972.1,840.8,2015-08-12 17:00:00,2015-08-13 12:00:00,-1,225
1,2015,8,12,16,-20,-78.962,-35.77,1034.6,831.6,2015-08-12 16:00:00,2015-08-13 12:00:00,-1,225
1,2015,8,12,15,-21,-78.366,-33.863,1089,822.3,2015-08-12 15:00:00,2015-08-13 12:00:00,-1,225
1,2015,8,12,14,-22,-77.768,-32.131,1138.5,812.5,2015-08-12 14:00:00,2015-08-13 12:00:00,-1,225
1,2015,8,12,13,-23,-77.192,-30.588,1185.2,801.5,2015-08-12 13:00:00,2015-08-13 12:00:00,-1,225
1,2015,8,12,12,-24,-76.651,-29.247,1230.7,793.8,2015-08-12 12:00:00,2015-08-13 12:00:00,-1,225
1,2015,8,14,12,0,-80.3,-81.3,1500,711,2015-08-14 12:00:00,2015-08-14 12:00:00,24,226
1,2015,8,14,11,-1,-80.628,-80.129,1474.1,721.7,2015-08-14 11:00:00,2015-08-14 12:00:00,-1,226
1,2015,8,14,10,-2,-80.94,-79.006,1447,730.8,2015-08-14 10:00:00,2015-08-14 12:00:00,-1,226
1,2015,8,14,9,-3,-81.239,-77.93,1420.8,738.4,2015-08-14 09:00:00,2015-08-14 12:00:00,-1,226
1,2015,8,14,8,-4,-81.526,-76.903,1396.8,743.8,2015-08-14 08:00:00,2015-08-14 12:00:00,-1,226
1,2015,8,14,7,-5,-81.804,-75.925,1376.6,747.7,2015-08-14 07:00:00,2015-08-14 12:00:00,-1,226
1,2015,8,14,6,-6,-82.075,-75.005,1362.2,750.5,2015-08-14 06:00:00,2015-08-14 12:00:00,-1,226
1,2015,8,14,5,-7,-82.336,-74.089,1354.7,751.8,2015-08-14 05:00:00,2015-08-14 12:00:00,-1,226
1,2015,8,14,4,-8,-82.586,-73.1,1355.4,752.1,2015-08-14 04:00:00,2015-08-14 12:00:00,-1,226
1,2015,8,14,3,-9,-82.826,-72.007,1363.5,749.8,2015-08-14 03:00:00,2015-08-14 12:00:00,-1,226
1,2015,8,14,2,-10,-83.057,-70.784,1379.8,745.9,2015-08-14 02:00:00,2015-08-14 12:00:00,-1,226
1,2015,8,14,1,-11,-83.276,-69.424,1404.5,740.4,2015-08-14 01:00:00,2015-08-14 12:00:00,-1,226
1,2015,8,14,0,-12,-83.483,-67.926,1437.5,733.4,2015-08-14,2015-08-14 12:00:00,-1,226
1,2015,8,13,23,-13,-83.67,-66.328,1471.3,724.7,2015-08-13 23:00:00,2015-08-14 12:00:00,-1,226
1,2015,8,13,22,-14,-83.832,-64.678,1498,717.5,2015-08-13 22:00:00,2015-08-14 12:00:00,-1,226
1,2015,8,13,21,-15,-83.97,-62.988,1517.8,711.4,2015-08-13 21:00:00,2015-08-14 12:00:00,-1,226
1,2015,8,13,20,-16,-84.085,-61.273,1529.6,705.1,2015-08-13 20:00:00,2015-08-14 12:00:00,-1,226
1,2015,8,13,19,-17,-84.179,-59.554,1533.5,699.5,2015-08-13 19:00:00,2015-08-14 12:00:00,-1,226
1,2015,8,13,18,-18,-84.254,-57.842,1529.6,695.1,2015-08-13 18:00:00,2015-08-14 12:00:00,-1,226
1,2015,8,13,17,-19,-84.308,-56.161,1522.7,691,2015-08-13 17:00:00,2015-08-14 12:00:00,-1,226
1,2015,8,13,16,-20,-84.338,-54.555,1517.7,686.8,2015-08-13 16:00:00,2015-08-14 12:00:00,-1,226
1,2015,8,13,15,-21,-84.348,-53.035,1515.2,683.6,2015-08-13 15:00:00,2015-08-14 12:00:00,-1,226
1,2015,8,13,14,-22,-84.338,-51.616,1514,680.7,2015-08-13 14:00:00,2015-08-14 12:00:00,-1,226
1,2015,8,13,13,-23,-84.312,-50.313,1514.1,678.1,2015-08-13 13:00:00,2015-08-14 12:00:00,-1,226
1,2015,8,13,12,-24,-84.269,-49.133,1515.6,676.1,2015-08-13 12:00:00,2015-08-14 12:00:00,-1,226
1,2015,8,15,12,0,-80.3,-81.3,1500,713,2015-08-15 12:00:00,2015-08-15 12:00:00,24,227
1,2015,8,15,11,-1,-80.758,-79.372,1470.5,729.6,2015-08-15 11:00:00,2015-08-15 12:00:00,-1,227
1,2015,8,15,10,-2,-81.169,-77.405,1444.4,743.5,2015-08-15 10:00:00,2015-08-15 12:00:00,-1,227
1,2015,8,15,9,-3,-81.537,-75.344,1421.6,754.4,2015-08-15 09:00:00,2015-08-15 12:00:00,-1,227
1,2015,8,15,8,-4,-81.861,-73.141,1403.9,762.9,2015-08-15 08:00:00,2015-08-15 12:00:00,-1,227
1,2015,8,15,7,-5,-82.146,-70.753,1392.9,769.4,2015-08-15 07:00:00,2015-08-15 12:00:00,-1,227
1,2015,8,15,6,-6,-82.39,-68.136,1390,773.3,2015-08-15 06:00:00,2015-08-15 12:00:00,-1,227
1,2015,8,15,5,-7,-82.589,-65.288,1392.2,772.2,2015-08-15 05:00:00,2015-08-15 12:00:00,-1,227
1,2015,8,15,4,-8,-82.732,-62.24,1393.9,766.8,2015-08-15 04:00:00,2015-08-15 12:00:00,-1,227
1,2015,8,15,3,-9,-82.813,-58.998,1398.2,759.1,2015-08-15 03:00:00,2015-08-15 12:00:00,-1,227
1,2015,8,15,2,-10,-82.827,-55.627,1406.4,750.7,2015-08-15 02:00:00,2015-08-15 12:00:00,-1,227
1,2015,8,15,1,-11,-82.772,-52.213,1418.5,742.1,2015-08-15 01:00:00,2015-08-15 12:00:00,-1,227
1,2015,8,15,0,-12,-82.651,-48.828,1434.5,733.5,2015-08-15,2015-08-15 12:00:00,-1,227
1,2015,8,14,23,-13,-82.474,-45.588,1456.4,726.1,2015-08-14 23:00:00,2015-08-15 12:00:00,-1,227
1,2015,8,14,22,-14,-82.254,-42.634,1483.2,718.5,2015-08-14 22:00:00,2015-08-15 12:00:00,-1,227
1,2015,8,14,21,-15,-81.999,-39.976,1519.4,712.5,2015-08-14 21:00:00,2015-08-15 12:00:00,-1,227
1,2015,8,14,20,-16,-81.72,-37.559,1565.7,707.7,2015-08-14 20:00:00,2015-08-15 12:00:00,-1,227
1,2015,8,14,19,-17,-81.426,-35.348,1622.3,701,2015-08-14 19:00:00,2015-08-15 12:00:00,-1,227
1,2015,8,14,18,-18,-81.121,-33.289,1690.2,692.4,2015-08-14 18:00:00,2015-08-15 12:00:00,-1,227
1,2015,8,14,17,-19,-80.801,-31.37,1762.8,682.6,2015-08-14 17:00:00,2015-08-15 12:00:00,-1,227
1,2015,8,14,16,-20,-80.455,-29.594,1833.3,672,2015-08-14 16:00:00,2015-08-15 12:00:00,-1,227
1,2015,8,14,15,-21,-80.085,-27.905,1904.1,659.7,2015-08-14 15:00:00,2015-08-15 12:00:00,-1,227
1,2015,8,14,14,-22,-79.7,-26.338,1968.7,640.8,2015-08-14 14:00:00,2015-08-15 12:00:00,-1,227
1,2015,8,14,13,-23,-79.309,-24.951,2029.9,621.7,2015-08-14 13:00:00,2015-08-15 12:00:00,-1,227
1,2015,8,14,12,-24,-78.912,-23.696,2089,603,2015-08-14 12:00:00,2015-08-15 12:00:00,-1,227
1,2015,8,16,12,0,-80.3,-81.3,1500,708,2015-08-16 12:00:00,2015-08-16 12:00:00,24,228
1,2015,8,16,11,-1,-80.388,-80.582,1489.7,715.9,2015-08-16 11:00:00,2015-08-16 12:00:00,-1,228
1,2015,8,16,10,-2,-80.496,-79.796,1474.7,724.7,2015-08-16 10:00:00,2015-08-16 12:00:00,-1,228
1,2015,8,16,9,-3,-80.626,-78.941,1456.3,733.5,2015-08-16 09:00:00,2015-08-16 12:00:00,-1,228
1,2015,8,16,8,-4,-80.776,-78.012,1436.8,742.3,2015-08-16 08:00:00,2015-08-16 12:00:00,-1,228
1,2015,8,16,7,-5,-80.946,-77,1417.7,750.3,2015-08-16 07:00:00,2015-08-16 12:00:00,-1,228
1,2015,8,16,6,-6,-81.133,-75.887,1401,757.4,2015-08-16 06:00:00,2015-08-16 12:00:00,-1,228
1,2015,8,16,5,-7,-81.331,-74.689,1388.8,763.6,2015-08-16 05:00:00,2015-08-16 12:00:00,-1,228
1,2015,8,16,4,-8,-81.531,-73.425,1380.5,767.7,2015-08-16 04:00:00,2015-08-16 12:00:00,-1,228
1,2015,8,16,3,-9,-81.731,-72.074,1377.2,771,2015-08-16 03:00:00,2015-08-16 12:00:00,-1,228
1,2015,8,16,2,-10,-81.927,-70.605,1378.7,772.8,2015-08-16 02:00:00,2015-08-16 12:00:00,-1,228
1,2015,8,16,1,-11,-82.117,-68.984,1386,773.2,2015-08-16 01:00:00,2015-08-16 12:00:00,-1,228
1,2015,8,16,0,-12,-82.298,-67.178,1399.9,772.5,2015-08-16,2015-08-16 12:00:00,-1,228
1,2015,8,15,23,-13,-82.472,-65.193,1420.1,768.8,2015-08-15 23:00:00,2015-08-16 12:00:00,-1,228
1,2015,8,15,22,-14,-82.64,-63.042,1443.7,760.8,2015-08-15 22:00:00,2015-08-16 12:00:00,-1,228
1,2015,8,15,21,-15,-82.794,-60.716,1469.3,750.9,2015-08-15 21:00:00,2015-08-16 12:00:00,-1,228
1,2015,8,15,20,-16,-82.93,-58.248,1497.1,739.8,2015-08-15 20:00:00,2015-08-16 12:00:00,-1,228
1,2015,8,15,19,-17,-83.047,-55.675,1527.1,727.3,2015-08-15 19:00:00,2015-08-16 12:00:00,-1,228
1,2015,8,15,18,-18,-83.144,-53.023,1559.3,714.1,2015-08-15 18:00:00,2015-08-16 12:00:00,-1,228
1,2015,8,15,17,-19,-83.211,-50.29,1592.3,700.4,2015-08-15 17:00:00,2015-08-16 12:00:00,-1,228
1,2015,8,15,16,-20,-83.234,-47.481,1624.6,688.1,2015-08-15 16:00:00,2015-08-16 12:00:00,-1,228
1,2015,8,15,15,-21,-83.217,-44.64,1654.9,676.6,2015-08-15 15:00:00,2015-08-16 12:00:00,-1,228
1,2015,8,15,14,-22,-83.164,-41.785,1685.4,665.1,2015-08-15 14:00:00,2015-08-16 12:00:00,-1,228
1,2015,8,15,13,-23,-83.078,-38.916,1716,653.5,2015-08-15 13:00:00,2015-08-16 12:00:00,-1,228
1,2015,8,15,12,-24,-82.959,-36.031,1744.3,640.9,2015-08-15 12:00:00,2015-08-16 12:00:00,-1,228
1,2015,8,17,12,0,-80.3,-81.3,1500,718.9,2015-08-17 12:00:00,2015-08-17 12:00:00,24,229
1,2015,8,17,11,-1,-80.266,-80.899,1484.4,725.1,2015-08-17 11:00:00,2015-08-17 12:00:00,-1,229
1,2015,8,17,10,-2,-80.232,-80.406,1467.9,732.8,2015-08-17 10:00:00,2015-08-17 12:00:00,-1,229
1,2015,8,17,9,-3,-80.197,-79.832,1449.5,741.5,2015-08-17 09:00:00,2015-08-17 12:00:00,-1,229
1,2015,8,17,8,-4,-80.165,-79.19,1428.3,750.6,2015-08-17 08:00:00,2015-08-17 12:00:00,-1,229
1,2015,8,17,7,-5,-80.138,-78.492,1403.9,760.7,2015-08-17 07:00:00,2015-08-17 12:00:00,-1,229
1,2015,8,17,6,-6,-80.116,-77.753,1375.5,771.7,2015-08-17 06:00:00,2015-08-17 12:00:00,-1,229
1,2015,8,17,5,-7,-80.113,-77.044,1343.2,781.8,2015-08-17 05:00:00,2015-08-17 12:00:00,-1,229
1,2015,8,17,4,-8,-80.134,-76.421,1308.8,790.1,2015-08-17 04:00:00,2015-08-17 12:00:00,-1,229
1,2015,8,17,3,-9,-80.175,-75.872,1273,797.4,2015-08-17 03:00:00,2015-08-17 12:00:00,-1,229
1,2015,8,17,2,-10,-80.234,-75.389,1236.3,803.7,2015-08-17 02:00:00,2015-08-17 12:00:00,-1,229
1,2015,8,17,1,-11,-80.308,-74.962,1198.9,809,2015-08-17 01:00:00,2015-08-17 12:00:00,-1,229
1,2015,8,17,0,-12,-80.393,-74.583,1161.4,813.2,2015-08-17,2015-08-17 12:00:00,-1,229
1,2015,8,16,23,-13,-80.481,-74.203,1124.7,817.5,2015-08-16 23:00:00,2015-08-17 12:00:00,-1,229
1,2015,8,16,22,-14,-80.565,-73.778,1088.4,821.9,2015-08-16 22:00:00,2015-08-17 12:00:00,-1,229
1,2015,8,16,21,-15,-80.646,-73.309,1052.8,826.6,2015-08-16 21:00:00,2015-08-17 12:00:00,-1,229
1,2015,8,16,20,-16,-80.722,-72.799,1017.5,831.6,2015-08-16 20:00:00,2015-08-17 12:00:00,-1,229
1,2015,8,16,19,-17,-80.793,-72.246,982.3,836.3,2015-08-16 19:00:00,2015-08-17 12:00:00,-1,229
1,2015,8,16,18,-18,-80.859,-71.65,947.1,840.9,2015-08-16 18:00:00,2015-08-17 12:00:00,-1,229
1,2015,8,16,17,-19,-80.926,-71.022,913.6,845.6,2015-08-16 17:00:00,2015-08-17 12:00:00,-1,229
1,2015,8,16,16,-20,-81,-70.366,883.6,849.4,2015-08-16 16:00:00,2015-08-17 12:00:00,-1,229
1,2015,8,16,15,-21,-81.079,-69.668,857.3,852,2015-08-16 15:00:00,2015-08-17 12:00:00,-1,229
1,2015,8,16,14,-22,-81.161,-68.911,834.7,853.4,2015-08-16 14:00:00,2015-08-17 12:00:00,-1,229
1,2015,8,16,13,-23,-81.245,-68.083,816.2,854.6,2015-08-16 13:00:00,2015-08-17 12:00:00,-1,229
1,2015,8,16,12,-24,-81.328,-67.175,801.8,855.1,2015-08-16 12:00:00,2015-08-17 12:00:00,-1,229
1,2015,8,18,12,0,-80.3,-81.3,1500,714.4,2015-08-18 12:00:00,2015-08-18 12:00:00,24,230
1,2015,8,18,11,-1,-80.379,-82.343,1501.2,702,2015-08-18 11:00:00,2015-08-18 12:00:00,-1,230
1,2015,8,18,10,-2,-80.433,-83.321,1504.4,690.4,2015-08-18 10:00:00,2015-08-18 12:00:00,-1,230
1,2015,8,18,9,-3,-80.465,-84.233,1510.9,679.7,2015-08-18 09:00:00,2015-08-18 12:00:00,-1,230
1,2015,8,18,8,-4,-80.473,-85.084,1521.3,669.6,2015-08-18 08:00:00,2015-08-18 12:00:00,-1,230
1,2015,8,18,7,-5,-80.458,-85.879,1536.1,660.2,2015-08-18 07:00:00,2015-08-18 12:00:00,-1,230
1,2015,8,18,6,-6,-80.422,-86.622,1555.9,651,2015-08-18 06:00:00,2015-08-18 12:00:00,-1,230
1,2015,8,18,5,-7,-80.367,-87.293,1575.8,641.6,2015-08-18 05:00:00,2015-08-18 12:00:00,-1,230
1,2015,8,18,4,-8,-80.3,-87.863,1591.9,634.7,2015-08-18 04:00:00,2015-08-18 12:00:00,-1,230
1,2015,8,18,3,-9,-80.221,-88.331,1603.1,629.6,2015-08-18 03:00:00,2015-08-18 12:00:00,-1,230
1,2015,8,18,2,-10,-80.131,-88.698,1608.3,625.9,2015-08-18 02:00:00,2015-08-18 12:00:00,-1,230
1,2015,8,18,1,-11,-80.031,-88.964,1606.8,623.8,2015-08-18 01:00:00,2015-08-18 12:00:00,-1,230
1,2015,8,18,0,-12,-79.922,-89.133,1598.4,623.7,2015-08-18,2015-08-18 12:00:00,-1,230
1,2015,8,17,23,-13,-79.807,-89.238,1588.2,625.5,2015-08-17 23:00:00,2015-08-18 12:00:00,-1,230
1,2015,8,17,22,-14,-79.687,-89.313,1579.9,627.1,2015-08-17 22:00:00,2015-08-18 12:00:00,-1,230
1,2015,8,17,21,-15,-79.564,-89.354,1574,628.7,2015-08-17 21:00:00,2015-08-18 12:00:00,-1,230
1,2015,8,17,20,-16,-79.438,-89.359,1570.7,630.5,2015-08-17 20:00:00,2015-08-18 12:00:00,-1,230
1,2015,8,17,19,-17,-79.309,-89.326,1570.2,632.5,2015-08-17 19:00:00,2015-08-18 12:00:00,-1,230
1,2015,8,17,18,-18,-79.178,-89.251,1572.5,634.5,2015-08-17 18:00:00,2015-08-18 12:00:00,-1,230
1,2015,8,17,17,-19,-79.049,-89.107,1575.1,636.3,2015-08-17 17:00:00,2015-08-18 12:00:00,-1,230
1,2015,8,17,16,-20,-78.924,-88.868,1575.5,639.3,2015-08-17 16:00:00,2015-08-18 12:00:00,-1,230
1,2015,8,17,15,-21,-78.803,-88.534,1574.3,643.1,2015-08-17 15:00:00,2015-08-18 12:00:00,-1,230
1,2015,8,17,14,-22,-78.687,-88.103,1572.1,647.6,2015-08-17 14:00:00,2015-08-18 12:00:00,-1,230
1,2015,8,17,13,-23,-78.575,-87.578,1569.3,652.6,2015-08-17 13:00:00,2015-08-18 12:00:00,-1,230
1,2015,8,17,12,-24,-78.468,-86.959,1567.2,659.3,2015-08-17 12:00:00,2015-08-18 12:00:00,-1,230
1,2015,8,19,12,0,-80.3,-81.3,1500,712.4,2015-08-19 12:00:00,2015-08-19 12:00:00,24,231
1,2015,8,19,11,-1,-80.679,-81.034,1525.4,707,2015-08-19 11:00:00,2015-08-19 12:00:00,-1,231
1,2015,8,19,10,-2,-81.049,-80.72,1546.7,702.3,2015-08-19 10:00:00,2015-08-19 12:00:00,-1,231
1,2015,8,19,9,-3,-81.408,-80.34,1563.4,698.5,2015-08-19 09:00:00,2015-08-19 12:00:00,-1,231
1,2015,8,19,8,-4,-81.754,-79.876,1574.8,695.7,2015-08-19 08:00:00,2015-08-19 12:00:00,-1,231
1,2015,8,19,7,-5,-82.086,-79.308,1580.3,693.8,2015-08-19 07:00:00,2015-08-19 12:00:00,-1,231
1,2015,8,19,6,-6,-82.401,-78.62,1579.8,693.3,2015-08-19 06:00:00,2015-08-19 12:00:00,-1,231
1,2015,8,19,5,-7,-82.707,-77.839,1577.9,694,2015-08-19 05:00:00,2015-08-19 12:00:00,-1,231
1,2015,8,19,4,-8,-83.016,-76.971,1580.1,692.9,2015-08-19 04:00:00,2015-08-19 12:00:00,-1,231
1,2015,8,19,3,-9,-83.326,-75.958,1590.1,690.7,2015-08-19 03:00:00,2015-08-19 12:00:00,-1,231
1,2015,8,19,2,-10,-83.636,-74.732,1609.4,687.4,2015-08-19 02:00:00,2015-08-19 12:00:00,-1,231
1,2015,8,19,1,-11,-83.943,-73.219,1639.4,682.2,2015-08-19 01:00:00,2015-08-19 12:00:00,-1,231
1,2015,8,19,0,-12,-84.246,-71.349,1681.5,674.9,2015-08-19,2015-08-19 12:00:00,-1,231
1,2015,8,18,23,-13,-84.521,-69.079,1731.3,664.9,2015-08-18 23:00:00,2015-08-19 12:00:00,-1,231
1,2015,8,18,22,-14,-84.751,-66.42,1782.8,655.1,2015-08-18 22:00:00,2015-08-19 12:00:00,-1,231
1,2015,8,18,21,-15,-84.932,-63.409,1832.8,644,2015-08-18 21:00:00,2015-08-19 12:00:00,-1,231
1,2015,8,18,20,-16,-85.06,-60.094,1881.2,632.5,2015-08-18 20:00:00,2015-08-19 12:00:00,-1,231
1,2015,8,18,19,-17,-85.137,-56.557,1924.8,620.6,2015-08-18 19:00:00,2015-08-19 12:00:00,-1,231
1,2015,8,18,18,-18,-85.162,-52.862,1963.7,607.4,2015-08-18 18:00:00,2015-08-19 12:00:00,-1,231
1,2015,8,18,17,-19,-85.154,-49.2,2002.5,595.5,2015-08-18 17:00:00,2015-08-19 12:00:00,-1,231
1,2015,8,18,16,-20,-85.128,-45.732,2039.2,582.7,2015-08-18 16:00:00,2015-08-19 12:00:00,-1,231
1,2015,8,18,15,-21,-85.08,-42.515,2075.9,570.4,2015-08-18 15:00:00,2015-08-19 12:00:00,-1,231
1,2015,8,18,14,-22,-85.007,-39.565,2109,559.4,2015-08-18 14:00:00,2015-08-19 12:00:00,-1,231
1,2015,8,18,13,-23,-84.905,-36.894,2138.5,551.8,2015-08-18 13:00:00,2015-08-19 12:00:00,-1,231
1,2015,8,18,12,-24,-84.771,-34.511,2158.6,546.5,2015-08-18 12:00:00,2015-08-19 12:00:00,-1,231
1,2015,8,20,12,0,-80.3,-81.3,1500,717.9,2015-08-20 12:00:00,2015-08-20 12:00:00,24,232
1,2015,8,20,11,-1,-80.714,-81.665,1537.6,704.7,2015-08-20 11:00:00,2015-08-20 12:00:00,-1,232
1,2015,8,20,10,-2,-81.124,-81.954,1577.1,692.2,2015-08-20 10:00:00,2015-08-20 12:00:00,-1,232
1,2015,8,20,9,-3,-81.528,-82.19,1618.2,680.6,2015-08-20 09:00:00,2015-08-20 12:00:00,-1,232
1,2015,8,20,8,-4,-81.926,-82.394,1660.9,669.6,2015-08-20 08:00:00,2015-08-20 12:00:00,-1,232
1,2015,8,20,7,-5,-82.315,-82.588,1704.9,658.6,2015-08-20 07:00:00,2015-08-20 12:00:00,-1,232
1,2015,8,20,6,-6,-82.694,-82.74,1750.9,648.5,2015-08-20 06:00:00,2015-08-20 12:00:00,-1,232
1,2015,8,20,5,-7,-83.061,-82.759,1799,639.7,2015-08-20 05:00:00,2015-08-20 12:00:00,-1,232
1,2015,8,20,4,-8,-83.424,-82.589,1849.7,632,2015-08-20 04:00:00,2015-08-20 12:00:00,-1,232
1,2015,8,20,3,-9,-83.784,-82.25,1901.3,624.9,2015-08-20 03:00:00,2015-08-20 12:00:00,-1,232
1,2015,8,20,2,-10,-84.143,-81.755,1952.8,618.3,2015-08-20 02:00:00,2015-08-20 12:00:00,-1,232
1,2015,8,20,1,-11,-84.502,-81.118,2003.3,611.8,2015-08-20 01:00:00,2015-08-20 12:00:00,-1,232
1,2015,8,20,0,-12,-84.862,-80.346,2051.9,605.2,2015-08-20,2015-08-20 12:00:00,-1,232
1,2015,8,19,23,-13,-85.214,-79.443,2094.5,595.6,2015-08-19 23:00:00,2015-08-20 12:00:00,-1,232
1,2015,8,19,22,-14,-85.552,-78.425,2134.1,584.6,2015-08-19 22:00:00,2015-08-20 12:00:00,-1,232
1,2015,8,19,21,-15,-85.877,-77.332,2170.6,573.9,2015-08-19 21:00:00,2015-08-20 12:00:00,-1,232
1,2015,8,19,20,-16,-86.191,-76.238,2203.6,563.3,2015-08-19 20:00:00,2015-08-20 12:00:00,-1,232
1,2015,8,19,19,-17,-86.496,-75.219,2232.8,552.5,2015-08-19 19:00:00,2015-08-20 12:00:00,-1,232
1,2015,8,19,18,-18,-86.796,-74.316,2257.7,541.6,2015-08-19 18:00:00,2015-08-20 12:00:00,-1,232
1,2015,8,19,17,-19,-87.101,-73.363,2280.8,531.1,2015-08-19 17:00:00,2015-08-20 12:00:00,-1,232
1,2015,8,19,16,-20,-87.418,-72.079,2303,520,2015-08-19 16:00:00,2015-08-20 12:00:00,-1,232
1,2015,8,19,15,-21,-87.742,-70.319,2326.2,510.7,2015-08-19 15:00:00,2015-08-20 12:00:00,-1,232
1,2015,8,19,14,-22,-88.065,-67.806,2348.6,501.9,2015-08-19 14:00:00,2015-08-20 12:00:00,-1,232
1,2015,8,19,13,-23,-88.382,-64.103,2372.3,493.4,2015-08-19 13:00:00,2015-08-20 12:00:00,-1,232
1,2015,8,19,12,-24,-88.684,-58.56,2395.4,484.5,2015-08-19 12:00:00,2015-08-20 12:00:00,-1,232
1,2015,8,21,12,0,-80.3,-81.3,1500,720.7,2015-08-21 12:00:00,2015-08-21 12:00:00,24,233
1,2015,8,21,11,-1,-80.53,-83.61,1536.7,688.9,2015-08-21 11:00:00,2015-08-21 12:00:00,-1,233
1,2015,8,21,10,-2,-80.766,-86.193,1566.3,655.6,2015-08-21 10:00:00,2015-08-21 12:00:00,-1,233
1,2015,8,21,9,-3,-80.988,-89.066,1587.4,625.4,2015-08-21 09:00:00,2015-08-21 12:00:00,-1,233
1,2015,8,21,8,-4,-81.179,-92.222,1598.9,601.7,2015-08-21 08:00:00,2015-08-21 12:00:00,-1,233
1,2015,8,21,7,-5,-81.318,-95.638,1601.6,586.6,2015-08-21 07:00:00,2015-08-21 12:00:00,-1,233
1,2015,8,21,6,-6,-81.392,-99.251,1595.5,580.3,2015-08-21 06:00:00,2015-08-21 12:00:00,-1,233
1,2015,8,21,5,-7,-81.401,-102.896,1585.2,583.9,2015-08-21 05:00:00,2015-08-21 12:00:00,-1,233
1,2015,8,21,4,-8,-81.353,-106.416,1572.6,594.2,2015-08-21 04:00:00,2015-08-21 12:00:00,-1,233
1,2015,8,21,3,-9,-81.244,-109.755,1558.8,608.8,2015-08-21 03:00:00,2015-08-21 12:00:00,-1,233
1,2015,8,21,2,-10,-81.072,-112.873,1542.4,625.1,2015-08-21 02:00:00,2015-08-21 12:00:00,-1,233
1,2015,8,21,1,-11,-80.835,-115.751,1521.9,640,2015-08-21 01:00:00,2015-08-21 12:00:00,-1,233
1,2015,8,21,0,-12,-80.532,-118.386,1494.2,652.4,2015-08-21,2015-08-21 12:00:00,-1,233
1,2015,8,20,23,-13,-80.154,-120.841,1458.1,661.4,2015-08-20 23:00:00,2015-08-21 12:00:00,-1,233
1,2015,8,20,22,-14,-79.707,-123.131,1413.1,665,2015-08-20 22:00:00,2015-08-21 12:00:00,-1,233
1,2015,8,20,21,-15,-79.207,-125.201,1354.6,664.6,2015-08-20 21:00:00,2015-08-21 12:00:00,-1,233
1,2015,8,20,20,-16,-78.657,-127.086,1278.3,662.7,2015-08-20 20:00:00,2015-08-21 12:00:00,-1,233
1,2015,8,20,19,-17,-78.058,-128.817,1178,662.1,2015-08-20 19:00:00,2015-08-21 12:00:00,-1,233
1,2015,8,20,18,-18,-77.413,-130.402,1050.3,667.4,2015-08-20 18:00:00,2015-08-21 12:00:00,-1,233
1,2015,8,20,17,-19,-76.768,-131.727,923.2,712.9,2015-08-20 17:00:00,2015-08-21 12:00:00,-1,233
1,2015,8,20,16,-20,-76.173,-132.687,797.2,754.9,2015-08-20 16:00:00,2015-08-21 12:00:00,-1,233
1,2015,8,20,15,-21,-75.633,-133.31,675.7,794,2015-08-20 15:00:00,2015-08-21 12:00:00,-1,233
1,2015,8,20,14,-22,-75.143,-133.663,557,829.7,2015-08-20 14:00:00,2015-08-21 12:00:00,-1,233
1,2015,8,20,13,-23,-74.692,-133.828,449.2,861,2015-08-20 13:00:00,2015-08-21 12:00:00,-1,233
1,2015,8,20,12,-24,-74.269,-133.881,365.1,886.9,2015-08-20 12:00:00,2015-08-21 12:00:00,-1,233
1,2015,8,22,12,0,-80.3,-81.3,1500,726.1,2015-08-22 12:00:00,2015-08-22 12:00:00,24,234
1,2015,8,22,11,-1,-80.363,-83.751,1535.6,695.1,2015-08-22 11:00:00,2015-08-22 12:00:00,-1,234
1,2015,8,22,10,-2,-80.424,-86.378,1565.8,662.7,2015-08-22 10:00:00,2015-08-22 12:00:00,-1,234
1,2015,8,22,9,-3,-80.47,-89.206,1592.5,631.6,2015-08-22 09:00:00,2015-08-22 12:00:00,-1,234
1,2015,8,22,8,-4,-80.484,-92.201,1618.6,606.9,2015-08-22 08:00:00,2015-08-22 12:00:00,-1,234
1,2015,8,22,7,-5,-80.445,-95.265,1645.2,590,2015-08-22 07:00:00,2015-08-22 12:00:00,-1,234
1,2015,8,22,6,-6,-80.336,-98.298,1674.5,581,2015-08-22 06:00:00,2015-08-22 12:00:00,-1,234
1,2015,8,22,5,-7,-80.158,-101.259,1701.9,579.3,2015-08-22 05:00:00,2015-08-22 12:00:00,-1,234
1,2015,8,22,4,-8,-79.918,-104.145,1723.3,585.1,2015-08-22 04:00:00,2015-08-22 12:00:00,-1,234
1,2015,8,22,3,-9,-79.623,-106.895,1737.2,599.7,2015-08-22 03:00:00,2015-08-22 12:00:00,-1,234
1,2015,8,22,2,-10,-79.283,-109.481,1735.5,614.9,2015-08-22 02:00:00,2015-08-22 12:00:00,-1,234
1,2015,8,22,1,-11,-78.902,-111.92,1710.9,628.1,2015-08-22 01:00:00,2015-08-22 12:00:00,-1,234
1,2015,8,22,0,-12,-78.478,-114.242,1657.1,636.7,2015-08-22,2015-08-22 12:00:00,-1,234
1,2015,8,21,23,-13,-78.007,-116.434,1572.7,640.9,2015-08-21 23:00:00,2015-08-22 12:00:00,-1,234
1,2015,8,21,22,-14,-77.491,-118.522,1462.8,641,2015-08-21 22:00:00,2015-08-22 12:00:00,-1,234
1,2015,8,21,21,-15,-76.954,-120.469,1355.5,661.8,2015-08-21 21:00:00,2015-08-22 12:00:00,-1,234
1,2015,8,21,20,-16,-76.42,-122.199,1246.1,686.1,2015-08-21 20:00:00,2015-08-22 12:00:00,-1,234
1,2015,8,21,19,-17,-75.899,-123.687,1139,713.8,2015-08-21 19:00:00,2015-08-22 12:00:00,-1,234
1,2015,8,21,18,-18,-75.4,-124.915,1034.8,742.5,2015-08-21 18:00:00,2015-08-22 12:00:00,-1,234
1,2015,8,21,17,-19,-74.927,-125.883,929.6,773.8,2015-08-21 17:00:00,2015-08-22 12:00:00,-1,234
1,2015,8,21,16,-20,-74.48,-126.697,822.8,806.8,2015-08-21 16:00:00,2015-08-22 12:00:00,-1,234
1,2015,8,21,15,-21,-74.06,-127.474,719.9,837.8,2015-08-21 15:00:00,2015-08-22 12:00:00,-1,234
1,2015,8,21,14,-22,-73.673,-128.24,622.7,868.6,2015-08-21 14:00:00,2015-08-22 12:00:00,-1,234
1,2015,8,21,13,-23,-73.321,-129.008,534.7,895.5,2015-08-21 13:00:00,2015-08-22 12:00:00,-1,234
1,2015,8,21,12,-24,-73.005,-129.785,459.6,919.7,2015-08-21 12:00:00,2015-08-22 12:00:00,-1,234
1,2015,8,23,12,0,-80.3,-81.3,1500,715.5,2015-08-23 12:00:00,2015-08-23 12:00:00,24,235
1,2015,8,23,11,-1,-80.352,-82.374,1526.2,699.6,2015-08-23 11:00:00,2015-08-23 12:00:00,-1,235
1,2015,8,23,10,-2,-80.383,-83.494,1547.7,684.1,2015-08-23 10:00:00,2015-08-23 12:00:00,-1,235
1,2015,8,23,9,-3,-80.396,-84.653,1565.2,668.9,2015-08-23 09:00:00,2015-08-23 12:00:00,-1,235
1,2015,8,23,8,-4,-80.391,-85.839,1579.7,654.3,2015-08-23 08:00:00,2015-08-23 12:00:00,-1,235
1,2015,8,23,7,-5,-80.367,-87.039,1591.8,640.5,2015-08-23 07:00:00,2015-08-23 12:00:00,-1,235
1,2015,8,23,6,-6,-80.324,-88.24,1602.4,627.7,2015-08-23 06:00:00,2015-08-23 12:00:00,-1,235
1,2015,8,23,5,-7,-80.265,-89.539,1610.6,615,2015-08-23 05:00:00,2015-08-23 12:00:00,-1,235
1,2015,8,23,4,-8,-80.189,-91.031,1617.9,603.1,2015-08-23 04:00:00,2015-08-23 12:00:00,-1,235
1,2015,8,23,3,-9,-80.1,-92.698,1622.9,591.7,2015-08-23 03:00:00,2015-08-23 12:00:00,-1,235
1,2015,8,23,2,-10,-79.997,-94.529,1626.2,582.4,2015-08-23 02:00:00,2015-08-23 12:00:00,-1,235
1,2015,8,23,1,-11,-79.879,-96.491,1629.1,577.8,2015-08-23 01:00:00,2015-08-23 12:00:00,-1,235
1,2015,8,23,0,-12,-79.747,-98.52,1631,577.4,2015-08-23,2015-08-23 12:00:00,-1,235
1,2015,8,22,23,-13,-79.59,-100.585,1632.7,582,2015-08-22 23:00:00,2015-08-23 12:00:00,-1,235
1,2015,8,22,22,-14,-79.389,-102.664,1632.9,591.2,2015-08-22 22:00:00,2015-08-23 12:00:00,-1,235
1,2015,8,22,21,-15,-79.142,-104.72,1626.6,603.6,2015-08-22 21:00:00,2015-08-23 12:00:00,-1,235
1,2015,8,22,20,-16,-78.85,-106.728,1609.9,617.6,2015-08-22 20:00:00,2015-08-23 12:00:00,-1,235
1,2015,8,22,19,-17,-78.514,-108.682,1579.4,631,2015-08-22 19:00:00,2015-08-23 12:00:00,-1,235
1,2015,8,22,18,-18,-78.142,-110.593,1533.3,642.3,2015-08-22 18:00:00,2015-08-23 12:00:00,-1,235
1,2015,8,22,17,-19,-77.751,-112.458,1469.5,651.1,2015-08-22 17:00:00,2015-08-23 12:00:00,-1,235
1,2015,8,22,16,-20,-77.353,-114.247,1390.7,659.7,2015-08-22 16:00:00,2015-08-23 12:00:00,-1,235
1,2015,8,22,15,-21,-76.955,-115.932,1305.6,675.8,2015-08-22 15:00:00,2015-08-23 12:00:00,-1,235
1,2015,8,22,14,-22,-76.561,-117.504,1215.5,692,2015-08-22 14:00:00,2015-08-23 12:00:00,-1,235
1,2015,8,22,13,-23,-76.174,-118.975,1124.6,708.9,2015-08-22 13:00:00,2015-08-23 12:00:00,-1,235
1,2015,8,22,12,-24,-75.798,-120.357,1035.5,726.6,2015-08-22 12:00:00,2015-08-23 12:00:00,-1,235
1,2015,8,24,12,0,-80.3,-81.3,1500,715.6,2015-08-24 12:00:00,2015-08-24 12:00:00,24,236
1,2015,8,24,11,-1,-80.243,-83.045,1491.6,697.3,2015-08-24 11:00:00,2015-08-24 12:00:00,-1,236
1,2015,8,24,10,-2,-80.159,-84.868,1478.6,678.2,2015-08-24 10:00:00,2015-08-24 12:00:00,-1,236
1,2015,8,24,9,-3,-80.048,-86.784,1461.4,658.5,2015-08-24 09:00:00,2015-08-24 12:00:00,-1,236
1,2015,8,24,8,-4,-79.91,-88.804,1441.1,640.3,2015-08-24 08:00:00,2015-08-24 12:00:00,-1,236
1,2015,8,24,7,-5,-79.743,-90.907,1417,626,2015-08-24 07:00:00,2015-08-24 12:00:00,-1,236
1,2015,8,24,6,-6,-79.546,-93.084,1390.6,616.7,2015-08-24 06:00:00,2015-08-24 12:00:00,-1,236
1,2015,8,24,5,-7,-79.313,-95.286,1359.1,613.5,2015-08-24 05:00:00,2015-08-24 12:00:00,-1,236
1,2015,8,24,4,-8,-79.035,-97.435,1318.6,619.6,2015-08-24 04:00:00,2015-08-24 12:00:00,-1,236
1,2015,8,24,3,-9,-78.714,-99.492,1267.4,631.8,2015-08-24 03:00:00,2015-08-24 12:00:00,-1,236
1,2015,8,24,2,-10,-78.356,-101.441,1205,650,2015-08-24 02:00:00,2015-08-24 12:00:00,-1,236
1,2015,8,24,1,-11,-77.966,-103.277,1131.9,670.3,2015-08-24 01:00:00,2015-08-24 12:00:00,-1,236
1,2015,8,24,0,-12,-77.555,-104.99,1051.6,691.3,2015-08-24,2015-08-24 12:00:00,-1,236
1,2015,8,23,23,-13,-77.138,-106.529,969.2,718.7,2015-08-23 23:00:00,2015-08-24 12:00:00,-1,236
1,2015,8,23,22,-14,-76.729,-107.853,883.3,745.8,2015-08-23 22:00:00,2015-08-24 12:00:00,-1,236
1,2015,8,23,21,-15,-76.334,-108.956,791.5,770.2,2015-08-23 21:00:00,2015-08-24 12:00:00,-1,236
1,2015,8,23,20,-16,-75.956,-109.85,691.4,795.2,2015-08-23 20:00:00,2015-08-24 12:00:00,-1,236
1,2015,8,23,19,-17,-75.594,-110.559,579.8,820.3,2015-08-23 19:00:00,2015-08-24 12:00:00,-1,236
1,2015,8,23,18,-18,-75.247,-111.088,461.6,845.8,2015-08-23 18:00:00,2015-08-24 12:00:00,-1,236
1,2015,8,23,17,-19,-74.916,-111.432,349.7,871.1,2015-08-23 17:00:00,2015-08-24 12:00:00,-1,236
1,2015,8,23,16,-20,-74.595,-111.617,259.2,890.3,2015-08-23 16:00:00,2015-08-24 12:00:00,-1,236
1,2015,8,23,15,-21,-74.274,-111.71,192.9,906.4,2015-08-23 15:00:00,2015-08-24 12:00:00,-1,236
1,2015,8,23,14,-22,-73.945,-111.763,144.2,919.9,2015-08-23 14:00:00,2015-08-24 12:00:00,-1,236
1,2015,8,23,13,-23,-73.595,-111.825,107.6,933.6,2015-08-23 13:00:00,2015-08-24 12:00:00,-1,236
1,2015,8,23,12,-24,-73.214,-111.926,81.1,947.2,2015-08-23 12:00:00,2015-08-24 12:00:00,-1,236
1,2015,8,25,12,0,-80.3,-81.3,1500,717.9,2015-08-25 12:00:00,2015-08-25 12:00:00,24,237
1,2015,8,25,11,-1,-80.674,-81.773,1507.7,705.9,2015-08-25 11:00:00,2015-08-25 12:00:00,-1,237
1,2015,8,25,10,-2,-81.011,-82.176,1512.5,695.9,2015-08-25 10:00:00,2015-08-25 12:00:00,-1,237
1,2015,8,25,9,-3,-81.314,-82.502,1514.7,687.8,2015-08-25 09:00:00,2015-08-25 12:00:00,-1,237
1,2015,8,25,8,-4,-81.584,-82.742,1514.6,681.4,2015-08-25 08:00:00,2015-08-25 12:00:00,-1,237
1,2015,8,25,7,-5,-81.823,-82.892,1512.5,676.7,2015-08-25 07:00:00,2015-08-25 12:00:00,-1,237
1,2015,8,25,6,-6,-82.033,-82.942,1508.5,673.6,2015-08-25 06:00:00,2015-08-25 12:00:00,-1,237
1,2015,8,25,5,-7,-82.217,-82.938,1502.9,671.7,2015-08-25 05:00:00,2015-08-25 12:00:00,-1,237
1,2015,8,25,4,-8,-82.38,-82.932,1493.6,670.5,2015-08-25 04:00:00,2015-08-25 12:00:00,-1,237
1,2015,8,25,3,-9,-82.521,-82.928,1482.3,669.8,2015-08-25 03:00:00,2015-08-25 12:00:00,-1,237
1,2015,8,25,2,-10,-82.642,-82.927,1469.6,669.8,2015-08-25 02:00:00,2015-08-25 12:00:00,-1,237
1,2015,8,25,1,-11,-82.741,-82.921,1456.1,670,2015-08-25 01:00:00,2015-08-25 12:00:00,-1,237
1,2015,8,25,0,-12,-82.821,-82.906,1441.9,670.6,2015-08-25,2015-08-25 12:00:00,-1,237
1,2015,8,24,23,-13,-82.882,-82.919,1425.3,670.8,2015-08-24 23:00:00,2015-08-25 12:00:00,-1,237
1,2015,8,24,22,-14,-82.925,-82.998,1407.6,671,2015-08-24 22:00:00,2015-08-25 12:00:00,-1,237
1,2015,8,24,21,-15,-82.949,-83.148,1387.6,671.1,2015-08-24 21:00:00,2015-08-25 12:00:00,-1,237
1,2015,8,24,20,-16,-82.955,-83.372,1365,671.1,2015-08-24 20:00:00,2015-08-25 12:00:00,-1,237
1,2015,8,24,19,-17,-82.943,-83.673,1339.9,671,2015-08-24 19:00:00,2015-08-25 12:00:00,-1,237
1,2015,8,24,18,-18,-82.911,-84.053,1312.3,670.9,2015-08-24 18:00:00,2015-08-25 12:00:00,-1,237
1,2015,8,24,17,-19,-82.868,-84.533,1284.5,670.4,2015-08-24 17:00:00,2015-08-25 12:00:00,-1,237
1,2015,8,24,16,-20,-82.822,-85.141,1258.4,668.4,2015-08-24 16:00:00,2015-08-25 12:00:00,-1,237
1,2015,8,24,15,-21,-82.774,-85.89,1233.9,665,2015-08-24 15:00:00,2015-08-25 12:00:00,-1,237
1,2015,8,24,14,-22,-82.723,-86.795,1210.4,660.2,2015-08-24 14:00:00,2015-08-25 12:00:00,-1,237
1,2015,8,24,13,-23,-82.667,-87.867,1187.4,654.2,2015-08-24 13:00:00,2015-08-25 12:00:00,-1,237
1,2015,8,24,12,-24,-82.604,-89.115,1164,647.4,2015-08-24 12:00:00,2015-08-25 12:00:00,-1,237
1,2015,8,26,12,0,-80.3,-81.3,1500,721.8,2015-08-26 12:00:00,2015-08-26 12:00:00,24,238
1,2015,8,26,11,-1,-80.714,-82.298,1523.2,703,2015-08-26 11:00:00,2015-08-26 12:00:00,-1,238
1,2015,8,26,10,-2,-81.129,-83.267,1551.7,684.3,2015-08-26 10:00:00,2015-08-26 12:00:00,-1,238
1,2015,8,26,9,-3,-81.542,-84.214,1586.7,666.2,2015-08-26 09:00:00,2015-08-26 12:00:00,-1,238
1,2015,8,26,8,-4,-81.95,-85.133,1629.2,649.1,2015-08-26 08:00:00,2015-08-26 12:00:00,-1,238
1,2015,8,26,7,-5,-82.35,-86.013,1680.2,632.9,2015-08-26 07:00:00,2015-08-26 12:00:00,-1,238
1,2015,8,26,6,-6,-82.734,-86.838,1741.5,618.6,2015-08-26 06:00:00,2015-08-26 12:00:00,-1,238
1,2015,8,26,5,-7,-83.096,-87.653,1808.2,605.9,2015-08-26 05:00:00,2015-08-26 12:00:00,-1,238
1,2015,8,26,4,-8,-83.44,-88.526,1873.5,595.1,2015-08-26 04:00:00,2015-08-26 12:00:00,-1,238
1,2015,8,26,3,-9,-83.769,-89.474,1938.5,585.1,2015-08-26 03:00:00,2015-08-26 12:00:00,-1,238
1,2015,8,26,2,-10,-84.09,-90.511,2004.3,575.8,2015-08-26 02:00:00,2015-08-26 12:00:00,-1,238
1,2015,8,26,1,-11,-84.406,-91.651,2071.4,567.2,2015-08-26 01:00:00,2015-08-26 12:00:00,-1,238
1,2015,8,26,0,-12,-84.723,-92.909,2140,559.2,2015-08-26,2015-08-26 12:00:00,-1,238
1,2015,8,25,23,-13,-85.033,-94.287,2205.9,552,2015-08-25 23:00:00,2015-08-26 12:00:00,-1,238
1,2015,8,25,22,-14,-85.325,-95.797,2257.7,541.4,2015-08-25 22:00:00,2015-08-26 12:00:00,-1,238
1,2015,8,25,21,-15,-85.6,-97.473,2302.7,532.7,2015-08-25 21:00:00,2015-08-26 12:00:00,-1,238
1,2015,8,25,20,-16,-85.857,-99.336,2343,525.3,2015-08-25 20:00:00,2015-08-26 12:00:00,-1,238
1,2015,8,25,19,-17,-86.098,-101.4,2379.5,518.8,2015-08-25 19:00:00,2015-08-26 12:00:00,-1,238
1,2015,8,25,18,-18,-86.327,-103.681,2414,513.1,2015-08-25 18:00:00,2015-08-26 12:00:00,-1,238
1,2015,8,25,17,-19,-86.537,-106.195,2447.4,508,2015-08-25 17:00:00,2015-08-26 12:00:00,-1,238
1,2015,8,25,16,-20,-86.72,-108.985,2478.5,503.7,2015-08-25 16:00:00,2015-08-26 12:00:00,-1,238
1,2015,8,25,15,-21,-86.875,-112.051,2506.4,499.8,2015-08-25 15:00:00,2015-08-26 12:00:00,-1,238
1,2015,8,25,14,-22,-86.999,-115.39,2532.1,496.3,2015-08-25 14:00:00,2015-08-26 12:00:00,-1,238
1,2015,8,25,13,-23,-87.094,-118.992,2553.7,493.4,2015-08-25 13:00:00,2015-08-26 12:00:00,-1,238
1,2015,8,25,12,-24,-87.158,-122.863,2573.2,491.5,2015-08-25 12:00:00,2015-08-26 12:00:00,-1,238
1,2015,8,27,12,0,-80.3,-81.3,1500,735.8,2015-08-27 12:00:00,2015-08-27 12:00:00,24,239
1,2015,8,27,11,-1,-80.581,-81.638,1530.9,725,2015-08-27 11:00:00,2015-08-27 12:00:00,-1,239
1,2015,8,27,10,-2,-80.853,-82.061,1566.6,712.8,2015-08-27 10:00:00,2015-08-27 12:00:00,-1,239
1,2015,8,27,9,-3,-81.119,-82.549,1606.5,700,2015-08-27 09:00:00,2015-08-27 12:00:00,-1,239
1,2015,8,27,8,-4,-81.377,-83.082,1649.3,687,2015-08-27 08:00:00,2015-08-27 12:00:00,-1,239
1,2015,8,27,7,-5,-81.63,-83.628,1694.8,673.7,2015-08-27 07:00:00,2015-08-27 12:00:00,-1,239
1,2015,8,27,6,-6,-81.881,-84.159,1742.4,660.8,2015-08-27 06:00:00,2015-08-27 12:00:00,-1,239
1,2015,8,27,5,-7,-82.141,-84.699,1789.5,648,2015-08-27 05:00:00,2015-08-27 12:00:00,-1,239
1,2015,8,27,4,-8,-82.419,-85.285,1832.6,636,2015-08-27 04:00:00,2015-08-27 12:00:00,-1,239
1,2015,8,27,3,-9,-82.712,-85.951,1872.4,625.1,2015-08-27 03:00:00,2015-08-27 12:00:00,-1,239
1,2015,8,27,2,-10,-83.02,-86.756,1908.6,614.7,2015-08-27 02:00:00,2015-08-27 12:00:00,-1,239
1,2015,8,27,1,-11,-83.343,-87.743,1941.8,604.6,2015-08-27 01:00:00,2015-08-27 12:00:00,-1,239
1,2015,8,27,0,-12,-83.679,-88.943,1972.5,595,2015-08-27,2015-08-27 12:00:00,-1,239
1,2015,8,26,23,-13,-84.013,-90.368,2002.9,586.2,2015-08-26 23:00:00,2015-08-27 12:00:00,-1,239
1,2015,8,26,22,-14,-84.325,-92.007,2033.8,579,2015-08-26 22:00:00,2015-08-27 12:00:00,-1,239
1,2015,8,26,21,-15,-84.615,-93.87,2064.4,572.7,2015-08-26 21:00:00,2015-08-27 12:00:00,-1,239
1,2015,8,26,20,-16,-84.878,-95.976,2092.7,567.6,2015-08-26 20:00:00,2015-08-27 12:00:00,-1,239
1,2015,8,26,19,-17,-85.113,-98.363,2116.6,561.3,2015-08-26 19:00:00,2015-08-27 12:00:00,-1,239
1,2015,8,26,18,-18,-85.317,-101.189,2138.5,554.5,2015-08-26 18:00:00,2015-08-27 12:00:00,-1,239
1,2015,8,26,17,-19,-85.483,-104.468,2159.7,550.3,2015-08-26 17:00:00,2015-08-27 12:00:00,-1,239
1,2015,8,26,16,-20,-85.609,-108.147,2177.5,548.6,2015-08-26 16:00:00,2015-08-27 12:00:00,-1,239
1,2015,8,26,15,-21,-85.691,-112.099,2192.3,549.9,2015-08-26 15:00:00,2015-08-27 12:00:00,-1,239
1,2015,8,26,14,-22,-85.728,-116.144,2203.8,554.3,2015-08-26 14:00:00,2015-08-27 12:00:00,-1,239
1,2015,8,26,13,-23,-85.72,-120.191,2211.2,561.5,2015-08-26 13:00:00,2015-08-27 12:00:00,-1,239
1,2015,8,26,12,-24,-85.672,-124.112,2212.4,571,2015-08-26 12:00:00,2015-08-27 12:00:00,-1,239
1,2015,8,28,12,0,-80.3,-81.3,1500,735.9,2015-08-28 12:00:00,2015-08-28 12:00:00,24,240
1,2015,8,28,11,-1,-80.436,-80.472,1519.5,741.6,2015-08-28 11:00:00,2015-08-28 12:00:00,-1,240
1,2015,8,28,10,-2,-80.6,-79.94,1541.5,742.6,2015-08-28 10:00:00,2015-08-28 12:00:00,-1,240
1,2015,8,28,9,-3,-80.784,-79.693,1564.9,739.7,2015-08-28 09:00:00,2015-08-28 12:00:00,-1,240
1,2015,8,28,8,-4,-80.978,-79.735,1589.9,733.6,2015-08-28 08:00:00,2015-08-28 12:00:00,-1,240
1,2015,8,28,7,-5,-81.172,-80.085,1616.3,724.7,2015-08-28 07:00:00,2015-08-28 12:00:00,-1,240
1,2015,8,28,6,-6,-81.353,-80.767,1643.8,712.6,2015-08-28 06:00:00,2015-08-28 12:00:00,-1,240
1,2015,8,28,5,-7,-81.507,-81.678,1671.8,698.8,2015-08-28 05:00:00,2015-08-28 12:00:00,-1,240
1,2015,8,28,4,-8,-81.627,-82.693,1697.6,684.9,2015-08-28 04:00:00,2015-08-28 12:00:00,-1,240
1,2015,8,28,3,-9,-81.709,-83.776,1719.3,671.1,2015-08-28 03:00:00,2015-08-28 12:00:00,-1,240
1,2015,8,28,2,-10,-81.752,-84.893,1735.4,658.1,2015-08-28 02:00:00,2015-08-28 12:00:00,-1,240
1,2015,8,28,1,-11,-81.756,-86.02,1743.8,647.1,2015-08-28 01:00:00,2015-08-28 12:00:00,-1,240
1,2015,8,28,0,-12,-81.725,-87.138,1742.1,637.3,2015-08-28,2015-08-28 12:00:00,-1,240
1,2015,8,27,23,-13,-81.663,-88.217,1736.3,629.8,2015-08-27 23:00:00,2015-08-28 12:00:00,-1,240
1,2015,8,27,22,-14,-81.576,-89.229,1732.5,622.4,2015-08-27 22:00:00,2015-08-28 12:00:00,-1,240
1,2015,8,27,21,-15,-81.468,-90.174,1732.4,615.4,2015-08-27 21:00:00,2015-08-28 12:00:00,-1,240
1,2015,8,27,20,-16,-81.34,-91.055,1738.1,609.5,2015-08-27 20:00:00,2015-08-28 12:00:00,-1,240
1,2015,8,27,19,-17,-81.195,-91.878,1750.2,603.2,2015-08-27 19:00:00,2015-08-28 12:00:00,-1,240
1,2015,8,27,18,-18,-81.037,-92.652,1770.2,596.8,2015-08-27 18:00:00,2015-08-28 12:00:00,-1,240
1,2015,8,27,17,-19,-80.874,-93.348,1798.8,591.2,2015-08-27 17:00:00,2015-08-28 12:00:00,-1,240
1,2015,8,27,16,-20,-80.717,-93.948,1831.5,585.8,2015-08-27 16:00:00,2015-08-28 12:00:00,-1,240
1,2015,8,27,15,-21,-80.569,-94.47,1869,580.1,2015-08-27 15:00:00,2015-08-28 12:00:00,-1,240
1,2015,8,27,14,-22,-80.431,-94.93,1911.1,574.3,2015-08-27 14:00:00,2015-08-28 12:00:00,-1,240
1,2015,8,27,13,-23,-80.304,-95.345,1958.6,569.1,2015-08-27 13:00:00,2015-08-28 12:00:00,-1,240
1,2015,8,27,12,-24,-80.189,-95.73,2010.2,564,2015-08-27 12:00:00,2015-08-28 12:00:00,-1,240
1,2015,8,29,12,0,-80.3,-81.3,1500,726,2015-08-29 12:00:00,2015-08-29 12:00:00,24,241
1,2015,8,29,11,-1,-80.497,-80.878,1467.2,731.8,2015-08-29 11:00:00,2015-08-29 12:00:00,-1,241
1,2015,8,29,10,-2,-80.702,-80.435,1441.3,736.3,2015-08-29 10:00:00,2015-08-29 12:00:00,-1,241
1,2015,8,29,9,-3,-80.914,-79.984,1421.6,740,2015-08-29 09:00:00,2015-08-29 12:00:00,-1,241
1,2015,8,29,8,-4,-81.132,-79.533,1406.8,742.2,2015-08-29 08:00:00,2015-08-29 12:00:00,-1,241
1,2015,8,29,7,-5,-81.354,-79.094,1396.5,743.5,2015-08-29 07:00:00,2015-08-29 12:00:00,-1,241
1,2015,8,29,6,-6,-81.577,-78.68,1389.9,744,2015-08-29 06:00:00,2015-08-29 12:00:00,-1,241
1,2015,8,29,5,-7,-81.8,-78.227,1387.4,744.8,2015-08-29 05:00:00,2015-08-29 12:00:00,-1,241
1,2015,8,29,4,-8,-82.025,-77.66,1390.2,745.7,2015-08-29 04:00:00,2015-08-29 12:00:00,-1,241
1,2015,8,29,3,-9,-82.253,-76.967,1398.1,746.4,2015-08-29 03:00:00,2015-08-29 12:00:00,-1,241
1,2015,8,29,2,-10,-82.485,-76.133,1411.6,747,2015-08-29 02:00:00,2015-08-29 12:00:00,-1,241
1,2015,8,29,1,-11,-82.721,-75.115,1430.5,746.7,2015-08-29 01:00:00,2015-08-29 12:00:00,-1,241
1,2015,8,29,0,-12,-82.962,-73.875,1454.7,744.4,2015-08-29,2015-08-29 12:00:00,-1,241
1,2015,8,28,23,-13,-83.22,-72.576,1485,740,2015-08-28 23:00:00,2015-08-29 12:00:00,-1,241
1,2015,8,28,22,-14,-83.501,-71.355,1520,732.2,2015-08-28 22:00:00,2015-08-29 12:00:00,-1,241
1,2015,8,28,21,-15,-83.805,-70.196,1561.4,722.2,2015-08-28 21:00:00,2015-08-29 12:00:00,-1,241
1,2015,8,28,20,-16,-84.133,-69.108,1608,709.3,2015-08-28 20:00:00,2015-08-29 12:00:00,-1,241
1,2015,8,28,19,-17,-84.488,-68.093,1659.2,694.7,2015-08-28 19:00:00,2015-08-29 12:00:00,-1,241
1,2015,8,28,18,-18,-84.87,-67.151,1713.5,678.2,2015-08-28 18:00:00,2015-08-29 12:00:00,-1,241
1,2015,8,28,17,-19,-85.273,-66.447,1765.1,658.7,2015-08-28 17:00:00,2015-08-29 12:00:00,-1,241
1,2015,8,28,16,-20,-85.686,-66.387,1813.1,638.9,2015-08-28 16:00:00,2015-08-29 12:00:00,-1,241
1,2015,8,28,15,-21,-86.101,-67.379,1858.5,619.7,2015-08-28 15:00:00,2015-08-29 12:00:00,-1,241
1,2015,8,28,14,-22,-86.506,-69.822,1901.4,601,2015-08-28 14:00:00,2015-08-29 12:00:00,-1,241
1,2015,8,28,13,-23,-86.875,-74.214,1941.2,582.1,2015-08-28 13:00:00,2015-08-29 12:00:00,-1,241
1,2015,8,28,12,-24,-87.173,-80.951,1981.3,566.1,2015-08-28 12:00:00,2015-08-29 12:00:00,-1,241
1,2015,8,30,12,0,-80.3,-81.3,1500,717.7,2015-08-30 12:00:00,2015-08-30 12:00:00,24,242
1,2015,8,30,11,-1,-80.549,-81.92,1476.1,709.7,2015-08-30 11:00:00,2015-08-30 12:00:00,-1,242
1,2015,8,30,10,-2,-80.776,-82.435,1450.4,703.7,2015-08-30 10:00:00,2015-08-30 12:00:00,-1,242
1,2015,8,30,9,-3,-80.983,-82.843,1422.9,699.6,2015-08-30 09:00:00,2015-08-30 12:00:00,-1,242
1,2015,8,30,8,-4,-81.172,-83.145,1393.7,697.3,2015-08-30 08:00:00,2015-08-30 12:00:00,-1,242
1,2015,8,30,7,-5,-81.345,-83.342,1362.8,696.5,2015-08-30 07:00:00,2015-08-30 12:00:00,-1,242
1,2015,8,30,6,-6,-81.502,-83.436,1330,697.3,2015-08-30 06:00:00,2015-08-30 12:00:00,-1,242
1,2015,8,30,5,-7,-81.66,-83.442,1299.7,699.1,2015-08-30 05:00:00,2015-08-30 12:00:00,-1,242
1,2015,8,30,4,-8,-81.834,-83.367,1275.2,700.5,2015-08-30 04:00:00,2015-08-30 12:00:00,-1,242
1,2015,8,30,3,-9,-82.025,-83.207,1257.6,701.9,2015-08-30 03:00:00,2015-08-30 12:00:00,-1,242
1,2015,8,30,2,-10,-82.233,-82.96,1247.3,703,2015-08-30 02:00:00,2015-08-30 12:00:00,-1,242
1,2015,8,30,1,-11,-82.459,-82.625,1244.7,703.8,2015-08-30 01:00:00,2015-08-30 12:00:00,-1,242
1,2015,8,30,0,-12,-82.704,-82.093,1252,705,2015-08-30,2015-08-30 12:00:00,-1,242
1,2015,8,29,23,-13,-82.961,-81.19,1270.1,706.3,2015-08-29 23:00:00,2015-08-30 12:00:00,-1,242
1,2015,8,29,22,-14,-83.228,-79.897,1297.4,708.4,2015-08-29 22:00:00,2015-08-30 12:00:00,-1,242
1,2015,8,29,21,-15,-83.506,-78.231,1333,710,2015-08-29 21:00:00,2015-08-30 12:00:00,-1,242
1,2015,8,29,20,-16,-83.798,-76.197,1376.1,709.7,2015-08-29 20:00:00,2015-08-30 12:00:00,-1,242
1,2015,8,29,19,-17,-84.107,-73.779,1426.5,705.9,2015-08-29 19:00:00,2015-08-30 12:00:00,-1,242
1,2015,8,29,18,-18,-84.433,-70.983,1482.7,698.1,2015-08-29 18:00:00,2015-08-30 12:00:00,-1,242
1,2015,8,29,17,-19,-84.765,-67.778,1545.9,686.3,2015-08-29 17:00:00,2015-08-30 12:00:00,-1,242
1,2015,8,29,16,-20,-85.093,-64.046,1617.2,670,2015-08-29 16:00:00,2015-08-30 12:00:00,-1,242
1,2015,8,29,15,-21,-85.413,-59.698,1696.2,647.8,2015-08-29 15:00:00,2015-08-30 12:00:00,-1,242
1,2015,8,29,14,-22,-85.728,-54.689,1781.9,621.2,2015-08-29 14:00:00,2015-08-30 12:00:00,-1,242
1,2015,8,29,13,-23,-86.034,-48.858,1877.1,592.1,2015-08-29 13:00:00,2015-08-30 12:00:00,-1,242
1,2015,8,29,12,-24,-86.325,-41.873,1984.4,562.8,2015-08-29 12:00:00,2015-08-30 12:00:00,-1,242
1,2015,8,31,12,0,-80.3,-81.3,1500,712.6,2015-08-31 12:00:00,2015-08-31 12:00:00,24,243
1,2015,8,31,11,-1,-80.267,-81.226,1482.9,715.4,2015-08-31 11:00:00,2015-08-31 12:00:00,-1,243
1,2015,8,31,10,-2,-80.241,-81.171,1464.8,718.1,2015-08-31 10:00:00,2015-08-31 12:00:00,-1,243
1,2015,8,31,9,-3,-80.22,-81.136,1445.7,720.6,2015-08-31 09:00:00,2015-08-31 12:00:00,-1,243
1,2015,8,31,8,-4,-80.205,-81.119,1425.6,723,2015-08-31 08:00:00,2015-08-31 12:00:00,-1,243
1,2015,8,31,7,-5,-80.195,-81.118,1404.5,725.2,2015-08-31 07:00:00,2015-08-31 12:00:00,-1,243
1,2015,8,31,6,-6,-80.191,-81.134,1382.4,727.2,2015-08-31 06:00:00,2015-08-31 12:00:00,-1,243
1,2015,8,31,5,-7,-80.198,-81.154,1360.4,729.5,2015-08-31 05:00:00,2015-08-31 12:00:00,-1,243
1,2015,8,31,4,-8,-80.226,-81.158,1339.2,731.5,2015-08-31 04:00:00,2015-08-31 12:00:00,-1,243
1,2015,8,31,3,-9,-80.271,-81.138,1318.9,733.4,2015-08-31 03:00:00,2015-08-31 12:00:00,-1,243
1,2015,8,31,2,-10,-80.334,-81.08,1299.5,735.4,2015-08-31 02:00:00,2015-08-31 12:00:00,-1,243
1,2015,8,31,1,-11,-80.414,-80.974,1281,737.5,2015-08-31 01:00:00,2015-08-31 12:00:00,-1,243
1,2015,8,31,0,-12,-80.51,-80.804,1263.4,740.1,2015-08-31,2015-08-31 12:00:00,-1,243
1,2015,8,30,23,-13,-80.62,-80.595,1246.9,742.8,2015-08-30 23:00:00,2015-08-31 12:00:00,-1,243
1,2015,8,30,22,-14,-80.74,-80.378,1231.6,745.2,2015-08-30 22:00:00,2015-08-31 12:00:00,-1,243
1,2015,8,30,21,-15,-80.872,-80.154,1217.6,747.2,2015-08-30 21:00:00,2015-08-31 12:00:00,-1,243
1,2015,8,30,20,-16,-81.016,-79.923,1205.1,748.7,2015-08-30 20:00:00,2015-08-31 12:00:00,-1,243
1,2015,8,30,19,-17,-81.171,-79.684,1193.9,749.7,2015-08-30 19:00:00,2015-08-31 12:00:00,-1,243
1,2015,8,30,18,-18,-81.34,-79.436,1184.4,750.2,2015-08-30 18:00:00,2015-08-31 12:00:00,-1,243
1,2015,8,30,17,-19,-81.523,-79.175,1176.6,750.5,2015-08-30 17:00:00,2015-08-31 12:00:00,-1,243
1,2015,8,30,16,-20,-81.721,-78.892,1170.6,750.5,2015-08-30 16:00:00,2015-08-31 12:00:00,-1,243
1,2015,8,30,15,-21,-81.932,-78.583,1166.9,750,2015-08-30 15:00:00,2015-08-31 12:00:00,-1,243
1,2015,8,30,14,-22,-82.156,-78.244,1166.1,749.1,2015-08-30 14:00:00,2015-08-31 12:00:00,-1,243
1,2015,8,30,13,-23,-82.39,-77.869,1168.7,747.7,2015-08-30 13:00:00,2015-08-31 12:00:00,-1,243
1,2015,8,30,12,-24,-82.634,-77.37,1175.4,746.2,2015-08-30 12:00:00,2015-08-31 12:00:00,-1,243
1,2015,9,1,12,0,-80.3,-81.3,1500,712.7,2015-09-01 12:00:00,2015-09-01 12:00:00,24,244
1,2015,9,1,11,-1,-80.256,-81.091,1490.2,717.2,2015-09-01 11:00:00,2015-09-01 12:00:00,-1,244
1,2015,9,1,10,-2,-80.216,-80.859,1484.1,721.4,2015-09-01 10:00:00,2015-09-01 12:00:00,-1,244
1,2015,9,1,9,-3,-80.18,-80.604,1481.9,725.4,2015-09-01 09:00:00,2015-09-01 12:00:00,-1,244
1,2015,9,1,8,-4,-80.149,-80.327,1483.5,729.3,2015-09-01 08:00:00,2015-09-01 12:00:00,-1,244
1,2015,9,1,7,-5,-80.124,-80.026,1488.9,732.9,2015-09-01 07:00:00,2015-09-01 12:00:00,-1,244
1,2015,9,1,6,-6,-80.105,-79.704,1497.8,735.8,2015-09-01 06:00:00,2015-09-01 12:00:00,-1,244
1,2015,9,1,5,-7,-80.095,-79.391,1506.2,737.8,2015-09-01 05:00:00,2015-09-01 12:00:00,-1,244
1,2015,9,1,4,-8,-80.101,-79.117,1510.9,739.9,2015-09-01 04:00:00,2015-09-01 12:00:00,-1,244
1,2015,9,1,3,-9,-80.119,-78.881,1511.7,741.8,2015-09-01 03:00:00,2015-09-01 12:00:00,-1,244
1,2015,9,1,2,-10,-80.15,-78.683,1509.1,743.5,2015-09-01 02:00:00,2015-09-01 12:00:00,-1,244
1,2015,9,1,1,-11,-80.193,-78.521,1503,745,2015-09-01 01:00:00,2015-09-01 12:00:00,-1,244
1,2015,9,1,0,-12,-80.246,-78.393,1494,746.2,2015-09-01,2015-09-01 12:00:00,-1,244
1,2015,8,31,23,-13,-80.303,-78.264,1483,747.8,2015-08-31 23:00:00,2015-09-01 12:00:00,-1,244
1,2015,8,31,22,-14,-80.359,-78.1,1471.2,749.8,2015-08-31 22:00:00,2015-09-01 12:00:00,-1,244
1,2015,8,31,21,-15,-80.416,-77.897,1458.3,752.3,2015-08-31 21:00:00,2015-09-01 12:00:00,-1,244
1,2015,8,31,20,-16,-80.474,-77.653,1444.5,755.2,2015-08-31 20:00:00,2015-09-01 12:00:00,-1,244
1,2015,8,31,19,-17,-80.535,-77.362,1429.4,758.5,2015-08-31 19:00:00,2015-09-01 12:00:00,-1,244
1,2015,8,31,18,-18,-80.601,-77.021,1412.9,762.2,2015-08-31 18:00:00,2015-09-01 12:00:00,-1,244
1,2015,8,31,17,-19,-80.669,-76.644,1396.1,766,2015-08-31 17:00:00,2015-09-01 12:00:00,-1,244
1,2015,8,31,16,-20,-80.74,-76.245,1379.5,769.7,2015-08-31 16:00:00,2015-09-01 12:00:00,-1,244
1,2015,8,31,15,-21,-80.809,-75.815,1363.1,773.5,2015-08-31 15:00:00,2015-09-01 12:00:00,-1,244
1,2015,8,31,14,-22,-80.877,-75.345,1346.8,777.7,2015-08-31 14:00:00,2015-09-01 12:00:00,-1,244
1,2015,8,31,13,-23,-80.942,-74.824,1330.2,781.9,2015-08-31 13:00:00,2015-09-01 12:00:00,-1,244
1,2015,8,31,12,-24,-81,-74.243,1313,785.9,2015-08-31 12:00:00,2015-09-01 12:00:00,-1,244
1,2015,9,2,12,0,-80.3,-81.3,1500,722.7,2015-09-02 12:00:00,2015-09-02 12:00:00,24,245
1,2015,9,2,11,-1,-80.146,-81.315,1516.7,722.1,2015-09-02 11:00:00,2015-09-02 12:00:00,-1,245
1,2015,9,2,10,-2,-79.991,-81.352,1531.6,721.5,2015-09-02 10:00:00,2015-09-02 12:00:00,-1,245
1,2015,9,2,9,-3,-79.834,-81.395,1543.6,719.1,2015-09-02 09:00:00,2015-09-02 12:00:00,-1,245
1,2015,9,2,8,-4,-79.674,-81.428,1554.1,717,2015-09-02 08:00:00,2015-09-02 12:00:00,-1,245
1,2015,9,2,7,-5,-79.512,-81.449,1563.4,715.3,2015-09-02 07:00:00,2015-09-02 12:00:00,-1,245
1,2015,9,2,6,-6,-79.35,-81.456,1571.5,713.8,2015-09-02 06:00:00,2015-09-02 12:00:00,-1,245
1,2015,9,2,5,-7,-79.193,-81.46,1580.2,713,2015-09-02 05:00:00,2015-09-02 12:00:00,-1,245
1,2015,9,2,4,-8,-79.051,-81.474,1589.9,711.9,2015-09-02 04:00:00,2015-09-02 12:00:00,-1,245
1,2015,9,2,3,-9,-78.923,-81.498,1600.5,710.6,2015-09-02 03:00:00,2015-09-02 12:00:00,-1,245
1,2015,9,2,2,-10,-78.808,-81.529,1611.8,709.1,2015-09-02 02:00:00,2015-09-02 12:00:00,-1,245
1,2015,9,2,1,-11,-78.708,-81.567,1623.5,707.5,2015-09-02 01:00:00,2015-09-02 12:00:00,-1,245
1,2015,9,2,0,-12,-78.622,-81.611,1635.3,705.8,2015-09-02,2015-09-02 12:00:00,-1,245
1,2015,9,1,23,-13,-78.545,-81.639,1648.3,704.3,2015-09-01 23:00:00,2015-09-02 12:00:00,-1,245
1,2015,9,1,22,-14,-78.474,-81.627,1662.1,703,2015-09-01 22:00:00,2015-09-02 12:00:00,-1,245
1,2015,9,1,21,-15,-78.409,-81.572,1677.2,701.9,2015-09-01 21:00:00,2015-09-02 12:00:00,-1,245
1,2015,9,1,20,-16,-78.35,-81.472,1694.1,701,2015-09-01 20:00:00,2015-09-02 12:00:00,-1,245
1,2015,9,1,19,-17,-78.299,-81.324,1712.7,700.3,2015-09-01 19:00:00,2015-09-02 12:00:00,-1,245
1,2015,9,1,18,-18,-78.255,-81.126,1733.1,699.9,2015-09-01 18:00:00,2015-09-02 12:00:00,-1,245
1,2015,9,1,17,-19,-78.221,-80.882,1753.2,699.6,2015-09-01 17:00:00,2015-09-02 12:00:00,-1,245
1,2015,9,1,16,-20,-78.196,-80.595,1772,700.1,2015-09-01 16:00:00,2015-09-02 12:00:00,-1,245
1,2015,9,1,15,-21,-78.18,-80.265,1788.9,701.1,2015-09-01 15:00:00,2015-09-02 12:00:00,-1,245
1,2015,9,1,14,-22,-78.172,-79.89,1803.6,702.7,2015-09-01 14:00:00,2015-09-02 12:00:00,-1,245
1,2015,9,1,13,-23,-78.172,-79.474,1815.6,704.8,2015-09-01 13:00:00,2015-09-02 12:00:00,-1,245
1,2015,9,1,12,-24,-78.179,-79.021,1824.7,707.5,2015-09-01 12:00:00,2015-09-02 12:00:00,-1,245
1,2015,9,3,12,0,-80.3,-81.3,1500,729.7,2015-09-03 12:00:00,2015-09-03 12:00:00,24,246
1,2015,9,3,11,-1,-80.295,-81.093,1497.4,732.2,2015-09-03 11:00:00,2015-09-03 12:00:00,-1,246
1,2015,9,3,10,-2,-80.284,-80.917,1492.9,734.8,2015-09-03 10:00:00,2015-09-03 12:00:00,-1,246
1,2015,9,3,9,-3,-80.266,-80.773,1486.6,737.3,2015-09-03 09:00:00,2015-09-03 12:00:00,-1,246
1,2015,9,3,8,-4,-80.242,-80.665,1478.6,739.8,2015-09-03 08:00:00,2015-09-03 12:00:00,-1,246
1,2015,9,3,7,-5,-80.211,-80.594,1469.2,742,2015-09-03 07:00:00,2015-09-03 12:00:00,-1,246
1,2015,9,3,6,-6,-80.172,-80.563,1458.3,744,2015-09-03 06:00:00,2015-09-03 12:00:00,-1,246
1,2015,9,3,5,-7,-80.133,-80.556,1448.4,745.8,2015-09-03 05:00:00,2015-09-03 12:00:00,-1,246
1,2015,9,3,4,-8,-80.096,-80.556,1440.9,746.9,2015-09-03 04:00:00,2015-09-03 12:00:00,-1,246
1,2015,9,3,3,-9,-80.061,-80.561,1435.9,747.6,2015-09-03 03:00:00,2015-09-03 12:00:00,-1,246
1,2015,9,3,2,-10,-80.029,-80.572,1433.4,748,2015-09-03 02:00:00,2015-09-03 12:00:00,-1,246
1,2015,9,3,1,-11,-79.997,-80.589,1433.3,748,2015-09-03 01:00:00,2015-09-03 12:00:00,-1,246
1,2015,9,3,0,-12,-79.965,-80.608,1435.3,747.3,2015-09-03,2015-09-03 12:00:00,-1,246
1,2015,9,2,23,-13,-79.927,-80.631,1437.2,746.3,2015-09-02 23:00:00,2015-09-03 12:00:00,-1,246
1,2015,9,2,22,-14,-79.878,-80.664,1436.7,745.8,2015-09-02 22:00:00,2015-09-03 12:00:00,-1,246
1,2015,9,2,21,-15,-79.82,-80.709,1433.9,745.3,2015-09-02 21:00:00,2015-09-03 12:00:00,-1,246
1,2015,9,2,20,-16,-79.752,-80.769,1429,745,2015-09-02 20:00:00,2015-09-03 12:00:00,-1,246
1,2015,9,2,19,-17,-79.676,-80.845,1422,744.6,2015-09-02 19:00:00,2015-09-03 12:00:00,-1,246
1,2015,9,2,18,-18,-79.593,-80.939,1413.3,744.3,2015-09-02 18:00:00,2015-09-03 12:00:00,-1,246
1,2015,9,2,17,-19,-79.504,-81.048,1406.6,743.6,2015-09-02 17:00:00,2015-09-03 12:00:00,-1,246
1,2015,9,2,16,-20,-79.413,-81.168,1405.8,741.8,2015-09-02 16:00:00,2015-09-03 12:00:00,-1,246
1,2015,9,2,15,-21,-79.317,-81.297,1410.7,739.3,2015-09-02 15:00:00,2015-09-03 12:00:00,-1,246
1,2015,9,2,14,-22,-79.216,-81.434,1421.1,736.2,2015-09-02 14:00:00,2015-09-03 12:00:00,-1,246
1,2015,9,2,13,-23,-79.108,-81.578,1436.9,732.4,2015-09-02 13:00:00,2015-09-03 12:00:00,-1,246
1,2015,9,2,12,-24,-78.994,-81.728,1458,728.1,2015-09-02 12:00:00,2015-09-03 12:00:00,-1,246
1,2015,9,4,12,0,-80.3,-81.3,1500,726.9,2015-09-04 12:00:00,2015-09-04 12:00:00,24,247
1,2015,9,4,11,-1,-80.644,-79.703,1494.4,739.8,2015-09-04 11:00:00,2015-09-04 12:00:00,-1,247
1,2015,9,4,10,-2,-80.961,-78.175,1483.7,750.4,2015-09-04 10:00:00,2015-09-04 12:00:00,-1,247
1,2015,9,4,9,-3,-81.249,-76.685,1468.9,759.9,2015-09-04 09:00:00,2015-09-04 12:00:00,-1,247
1,2015,9,4,8,-4,-81.511,-75.215,1451.2,768.6,2015-09-04 08:00:00,2015-09-04 12:00:00,-1,247
1,2015,9,4,7,-5,-81.748,-73.753,1430.8,775.7,2015-09-04 07:00:00,2015-09-04 12:00:00,-1,247
1,2015,9,4,6,-6,-81.96,-72.293,1409.1,782.7,2015-09-04 06:00:00,2015-09-04 12:00:00,-1,247
1,2015,9,4,5,-7,-82.143,-70.801,1385.2,787.9,2015-09-04 05:00:00,2015-09-04 12:00:00,-1,247
1,2015,9,4,4,-8,-82.291,-69.243,1359.8,792.9,2015-09-04 04:00:00,2015-09-04 12:00:00,-1,247
1,2015,9,4,3,-9,-82.406,-67.613,1332.2,798.1,2015-09-04 03:00:00,2015-09-04 12:00:00,-1,247
1,2015,9,4,2,-10,-82.488,-65.911,1301.7,803.2,2015-09-04 02:00:00,2015-09-04 12:00:00,-1,247
1,2015,9,4,1,-11,-82.534,-64.136,1267.8,806.8,2015-09-04 01:00:00,2015-09-04 12:00:00,-1,247
1,2015,9,4,0,-12,-82.545,-62.289,1230.7,809.6,2015-09-04,2015-09-04 12:00:00,-1,247
1,2015,9,3,23,-13,-82.534,-60.41,1194.4,811.6,2015-09-03 23:00:00,2015-09-04 12:00:00,-1,247
1,2015,9,3,22,-14,-82.51,-58.543,1161.6,812.6,2015-09-03 22:00:00,2015-09-04 12:00:00,-1,247
1,2015,9,3,21,-15,-82.47,-56.707,1132.8,812.6,2015-09-03 21:00:00,2015-09-04 12:00:00,-1,247
1,2015,9,3,20,-16,-82.41,-54.925,1108.5,811.2,2015-09-03 20:00:00,2015-09-04 12:00:00,-1,247
1,2015,9,3,19,-17,-82.327,-53.223,1089.2,809.1,2015-09-03 19:00:00,2015-09-04 12:00:00,-1,247
1,2015,9,3,18,-18,-82.223,-51.623,1075.1,807.2,2015-09-03 18:00:00,2015-09-04 12:00:00,-1,247
1,2015,9,3,17,-19,-82.09,-50.076,1065.1,806,2015-09-03 17:00:00,2015-09-04 12:00:00,-1,247
1,2015,9,3,16,-20,-81.921,-48.528,1059.7,805.2,2015-09-03 16:00:00,2015-09-04 12:00:00,-1,247
1,2015,9,3,15,-21,-81.717,-46.995,1059,805.6,2015-09-03 15:00:00,2015-09-04 12:00:00,-1,247
1,2015,9,3,14,-22,-81.477,-45.484,1063.4,807.6,2015-09-03 14:00:00,2015-09-04 12:00:00,-1,247
1,2015,9,3,13,-23,-81.203,-43.996,1074.2,811,2015-09-03 13:00:00,2015-09-04 12:00:00,-1,247
1,2015,9,3,12,-24,-80.895,-42.521,1093.2,816.2,2015-09-03 12:00:00,2015-09-04 12:00:00,-1,247
1,2015,9,5,12,0,-80.3,-81.3,1500,724.3,2015-09-05 12:00:00,2015-09-05 12:00:00,24,248
1,2015,9,5,11,-1,-80.61,-80.351,1502.5,729.6,2015-09-05 11:00:00,2015-09-05 12:00:00,-1,248
1,2015,9,5,10,-2,-80.916,-79.291,1501.9,735.2,2015-09-05 10:00:00,2015-09-05 12:00:00,-1,248
1,2015,9,5,9,-3,-81.213,-78.11,1498.4,741.5,2015-09-05 09:00:00,2015-09-05 12:00:00,-1,248
1,2015,9,5,8,-4,-81.498,-76.803,1491.9,748,2015-09-05 08:00:00,2015-09-05 12:00:00,-1,248
1,2015,9,5,7,-5,-81.768,-75.366,1483.3,754.7,2015-09-05 07:00:00,2015-09-05 12:00:00,-1,248
1,2015,9,5,6,-6,-82.021,-73.784,1472.8,760.7,2015-09-05 06:00:00,2015-09-05 12:00:00,-1,248
1,2015,9,5,5,-7,-82.255,-72.042,1461.2,766.6,2015-09-05 05:00:00,2015-09-05 12:00:00,-1,248
1,2015,9,5,4,-8,-82.468,-70.125,1450.2,771.6,2015-09-05 04:00:00,2015-09-05 12:00:00,-1,248
1,2015,9,5,3,-9,-82.651,-67.959,1437.1,773.9,2015-09-05 03:00:00,2015-09-05 12:00:00,-1,248
1,2015,9,5,2,-10,-82.792,-65.473,1421.2,773.9,2015-09-05 02:00:00,2015-09-05 12:00:00,-1,248
1,2015,9,5,1,-11,-82.882,-62.689,1403.9,773.6,2015-09-05 01:00:00,2015-09-05 12:00:00,-1,248
1,2015,9,5,0,-12,-82.914,-59.668,1383.7,771.2,2015-09-05,2015-09-05 12:00:00,-1,248
1,2015,9,4,23,-13,-82.891,-56.563,1363.3,768.3,2015-09-04 23:00:00,2015-09-05 12:00:00,-1,248
1,2015,9,4,22,-14,-82.824,-53.527,1345.4,765,2015-09-04 22:00:00,2015-09-05 12:00:00,-1,248
1,2015,9,4,21,-15,-82.712,-50.632,1331.8,761.9,2015-09-04 21:00:00,2015-09-05 12:00:00,-1,248
1,2015,9,4,20,-16,-82.557,-47.95,1322.3,759.7,2015-09-04 20:00:00,2015-09-05 12:00:00,-1,248
1,2015,9,4,19,-17,-82.358,-45.531,1313.8,756.9,2015-09-04 19:00:00,2015-09-05 12:00:00,-1,248
1,2015,9,4,18,-18,-82.116,-43.398,1307.6,756.4,2015-09-04 18:00:00,2015-09-05 12:00:00,-1,248
1,2015,9,4,17,-19,-81.835,-41.487,1305,759,2015-09-04 17:00:00,2015-09-05 12:00:00,-1,248
1,2015,9,4,16,-20,-81.518,-39.731,1307.7,763.8,2015-09-04 16:00:00,2015-09-05 12:00:00,-1,248
1,2015,9,4,15,-21,-81.168,-38.143,1315.7,769.7,2015-09-04 15:00:00,2015-09-05 12:00:00,-1,248
1,2015,9,4,14,-22,-80.79,-36.735,1330,776.5,2015-09-04 14:00:00,2015-09-05 12:00:00,-1,248
1,2015,9,4,13,-23,-80.387,-35.518,1351,784.1,2015-09-04 13:00:00,2015-09-05 12:00:00,-1,248
1,2015,9,4,12,-24,-79.962,-34.508,1378,790.6,2015-09-04 12:00:00,2015-09-05 12:00:00,-1,248
1,2015,9,6,12,0,-80.3,-81.3,1500,720.3,2015-09-06 12:00:00,2015-09-06 12:00:00,24,249
1,2015,9,6,11,-1,-80.633,-81.756,1518.9,708.9,2015-09-06 11:00:00,2015-09-06 12:00:00,-1,249
1,2015,9,6,10,-2,-80.968,-82.016,1538.3,699.7,2015-09-06 10:00:00,2015-09-06 12:00:00,-1,249
1,2015,9,6,9,-3,-81.304,-82.076,1558.9,692.7,2015-09-06 09:00:00,2015-09-06 12:00:00,-1,249
1,2015,9,6,8,-4,-81.638,-81.929,1581.3,687.7,2015-09-06 08:00:00,2015-09-06 12:00:00,-1,249
1,2015,9,6,7,-5,-81.969,-81.559,1605.9,684.5,2015-09-06 07:00:00,2015-09-06 12:00:00,-1,249
1,2015,9,6,6,-6,-82.296,-80.946,1633.1,682.8,2015-09-06 06:00:00,2015-09-06 12:00:00,-1,249
1,2015,9,6,5,-7,-82.624,-80.082,1661.9,681.8,2015-09-06 05:00:00,2015-09-06 12:00:00,-1,249
1,2015,9,6,4,-8,-82.953,-78.954,1691.4,680.9,2015-09-06 04:00:00,2015-09-06 12:00:00,-1,249
1,2015,9,6,3,-9,-83.28,-77.522,1723.8,680.2,2015-09-06 03:00:00,2015-09-06 12:00:00,-1,249
1,2015,9,6,2,-10,-83.604,-75.737,1760.8,679,2015-09-06 02:00:00,2015-09-06 12:00:00,-1,249
1,2015,9,6,1,-11,-83.922,-73.54,1804.4,675.7,2015-09-06 01:00:00,2015-09-06 12:00:00,-1,249
1,2015,9,6,0,-12,-84.23,-70.838,1854.8,670,2015-09-06,2015-09-06 12:00:00,-1,249
1,2015,9,5,23,-13,-84.513,-67.688,1908.7,661.3,2015-09-05 23:00:00,2015-09-06 12:00:00,-1,249
1,2015,9,5,22,-14,-84.753,-64.226,1961.9,650.2,2015-09-05 22:00:00,2015-09-06 12:00:00,-1,249
1,2015,9,5,21,-15,-84.947,-60.547,2014.1,637.6,2015-09-05 21:00:00,2015-09-06 12:00:00,-1,249
1,2015,9,5,20,-16,-85.096,-56.812,2061.4,622.8,2015-09-05 20:00:00,2015-09-06 12:00:00,-1,249
1,2015,9,5,19,-17,-85.205,-53.139,2104.1,607.9,2015-09-05 19:00:00,2015-09-06 12:00:00,-1,249
1,2015,9,5,18,-18,-85.279,-49.577,2142.7,593.9,2015-09-05 18:00:00,2015-09-06 12:00:00,-1,249
1,2015,9,5,17,-19,-85.328,-46.156,2178.3,580.3,2015-09-05 17:00:00,2015-09-06 12:00:00,-1,249
1,2015,9,5,16,-20,-85.361,-42.919,2214.4,566.9,2015-09-05 16:00:00,2015-09-06 12:00:00,-1,249
1,2015,9,5,15,-21,-85.382,-39.932,2255.2,555.4,2015-09-05 15:00:00,2015-09-06 12:00:00,-1,249
1,2015,9,5,14,-22,-85.394,-37.25,2299.5,543.8,2015-09-05 14:00:00,2015-09-06 12:00:00,-1,249
1,2015,9,5,13,-23,-85.399,-34.91,2351.3,534.1,2015-09-05 13:00:00,2015-09-06 12:00:00,-1,249
1,2015,9,5,12,-24,-85.4,-32.951,2407.7,524.4,2015-09-05 12:00:00,2015-09-06 12:00:00,-1,249
1,2015,9,7,12,0,-80.3,-81.3,1500,718.1,2015-09-07 12:00:00,2015-09-07 12:00:00,24,250
1,2015,9,7,11,-1,-80.506,-81.372,1518.8,712.4,2015-09-07 11:00:00,2015-09-07 12:00:00,-1,250
1,2015,9,7,10,-2,-80.703,-81.48,1539.8,706.2,2015-09-07 10:00:00,2015-09-07 12:00:00,-1,250
1,2015,9,7,9,-3,-80.889,-81.634,1563.3,699.4,2015-09-07 09:00:00,2015-09-07 12:00:00,-1,250
1,2015,9,7,8,-4,-81.067,-81.841,1589.4,692,2015-09-07 08:00:00,2015-09-07 12:00:00,-1,250
1,2015,9,7,7,-5,-81.236,-82.113,1618.2,684.1,2015-09-07 07:00:00,2015-09-07 12:00:00,-1,250
1,2015,9,7,6,-6,-81.396,-82.461,1650,675.4,2015-09-07 06:00:00,2015-09-07 12:00:00,-1,250
1,2015,9,7,5,-7,-81.562,-82.872,1681.3,666.1,2015-09-07 05:00:00,2015-09-07 12:00:00,-1,250
1,2015,9,7,4,-8,-81.747,-83.324,1707.9,657.2,2015-09-07 04:00:00,2015-09-07 12:00:00,-1,250
1,2015,9,7,3,-9,-81.952,-83.813,1730.9,648.3,2015-09-07 03:00:00,2015-09-07 12:00:00,-1,250
1,2015,9,7,2,-10,-82.177,-84.339,1751.4,639.3,2015-09-07 02:00:00,2015-09-07 12:00:00,-1,250
1,2015,9,7,1,-11,-82.42,-84.905,1770.1,630.2,2015-09-07 01:00:00,2015-09-07 12:00:00,-1,250
1,2015,9,7,0,-12,-82.678,-85.51,1789,622.1,2015-09-07,2015-09-07 12:00:00,-1,250
1,2015,9,6,23,-13,-82.941,-86.16,1810.9,614.9,2015-09-06 23:00:00,2015-09-07 12:00:00,-1,250
1,2015,9,6,22,-14,-83.2,-86.882,1836.3,607.2,2015-09-06 22:00:00,2015-09-07 12:00:00,-1,250
1,2015,9,6,21,-15,-83.457,-87.693,1865.6,599.6,2015-09-06 21:00:00,2015-09-07 12:00:00,-1,250
1,2015,9,6,20,-16,-83.714,-88.614,1898.5,592.6,2015-09-06 20:00:00,2015-09-07 12:00:00,-1,250
1,2015,9,6,19,-17,-83.972,-89.668,1933.8,585.5,2015-09-06 19:00:00,2015-09-07 12:00:00,-1,250
1,2015,9,6,18,-18,-84.23,-90.881,1971.1,578.7,2015-09-06 18:00:00,2015-09-07 12:00:00,-1,250
1,2015,9,6,17,-19,-84.491,-92.208,2007.3,572.8,2015-09-06 17:00:00,2015-09-07 12:00:00,-1,250
1,2015,9,6,16,-20,-84.753,-93.6,2038.9,569.1,2015-09-06 16:00:00,2015-09-07 12:00:00,-1,250
1,2015,9,6,15,-21,-85.017,-95.072,2064.8,566.3,2015-09-06 15:00:00,2015-09-07 12:00:00,-1,250
1,2015,9,6,14,-22,-85.277,-96.64,2081.1,560.4,2015-09-06 14:00:00,2015-09-07 12:00:00,-1,250
1,2015,9,6,13,-23,-85.529,-98.324,2094.2,555.1,2015-09-06 13:00:00,2015-09-07 12:00:00,-1,250
1,2015,9,6,12,-24,-85.771,-100.136,2104.9,550.1,2015-09-06 12:00:00,2015-09-07 12:00:00,-1,250
1,2015,9,8,12,0,-80.3,-81.3,1500,722.4,2015-09-08 12:00:00,2015-09-08 12:00:00,24,251
1,2015,9,8,11,-1,-80.583,-81.814,1544.7,707.8,2015-09-08 11:00:00,2015-09-08 12:00:00,-1,251
1,2015,9,8,10,-2,-80.86,-82.323,1582.8,694.5,2015-09-08 10:00:00,2015-09-08 12:00:00,-1,251
1,2015,9,8,9,-3,-81.131,-82.856,1614.1,682.1,2015-09-08 09:00:00,2015-09-08 12:00:00,-1,251
1,2015,9,8,8,-4,-81.394,-83.439,1638.9,670.3,2015-09-08 08:00:00,2015-09-08 12:00:00,-1,251
1,2015,9,8,7,-5,-81.65,-84.095,1657.7,658.8,2015-09-08 07:00:00,2015-09-08 12:00:00,-1,251
1,2015,9,8,6,-6,-81.896,-84.838,1670.8,647.6,2015-09-08 06:00:00,2015-09-08 12:00:00,-1,251
1,2015,9,8,5,-7,-82.132,-85.631,1681.9,637.5,2015-09-08 05:00:00,2015-09-08 12:00:00,-1,251
1,2015,9,8,4,-8,-82.355,-86.424,1692.2,627.9,2015-09-08 04:00:00,2015-09-08 12:00:00,-1,251
1,2015,9,8,3,-9,-82.567,-87.209,1702.6,619.4,2015-09-08 03:00:00,2015-09-08 12:00:00,-1,251
1,2015,9,8,2,-10,-82.768,-87.969,1713.7,612.6,2015-09-08 02:00:00,2015-09-08 12:00:00,-1,251
1,2015,9,8,1,-11,-82.96,-88.68,1724.8,606.9,2015-09-08 01:00:00,2015-09-08 12:00:00,-1,251
1,2015,9,8,0,-12,-83.143,-89.324,1735.4,602.1,2015-09-08,2015-09-08 12:00:00,-1,251
1,2015,9,7,23,-13,-83.32,-89.987,1744.4,597.8,2015-09-07 23:00:00,2015-09-08 12:00:00,-1,251
1,2015,9,7,22,-14,-83.492,-90.786,1753.2,594,2015-09-07 22:00:00,2015-09-08 12:00:00,-1,251
1,2015,9,7,21,-15,-83.656,-91.74,1761.2,590.1,2015-09-07 21:00:00,2015-09-08 12:00:00,-1,251
1,2015,9,7,20,-16,-83.813,-92.862,1769.3,586.3,2015-09-07 20:00:00,2015-09-08 12:00:00,-1,251
1,2015,9,7,19,-17,-83.962,-94.154,1778.3,582.9,2015-09-07 19:00:00,2015-09-08 12:00:00,-1,251
1,2015,9,7,18,-18,-84.1,-95.616,1788.7,579.5,2015-09-07 18:00:00,2015-09-08 12:00:00,-1,251
1,2015,9,7,17,-19,-84.231,-97.166,1800.4,576.5,2015-09-07 17:00:00,2015-09-08 12:00:00,-1,251
1,2015,9,7,16,-20,-84.362,-98.711,1812.2,574.7,2015-09-07 16:00:00,2015-09-08 12:00:00,-1,251
1,2015,9,7,15,-21,-84.492,-100.245,1823.8,573.5,2015-09-07 15:00:00,2015-09-08 12:00:00,-1,251
1,2015,9,7,14,-22,-84.619,-101.777,1834.8,573,2015-09-07 14:00:00,2015-09-08 12:00:00,-1,251
1,2015,9,7,13,-23,-84.745,-103.315,1845.5,573.1,2015-09-07 13:00:00,2015-09-08 12:00:00,-1,251
1,2015,9,7,12,-24,-84.87,-104.856,1856.1,573.9,2015-09-07 12:00:00,2015-09-08 12:00:00,-1,251
1,2015,9,9,12,0,-80.3,-81.3,1500,723.3,2015-09-09 12:00:00,2015-09-09 12:00:00,24,252
1,2015,9,9,11,-1,-80.435,-82.724,1522,703.8,2015-09-09 11:00:00,2015-09-09 12:00:00,-1,252
1,2015,9,9,10,-2,-80.577,-84.334,1541.1,682.2,2015-09-09 10:00:00,2015-09-09 12:00:00,-1,252
1,2015,9,9,9,-3,-80.726,-86.146,1556.2,660.1,2015-09-09 09:00:00,2015-09-09 12:00:00,-1,252
1,2015,9,9,8,-4,-80.881,-88.206,1567.4,637.9,2015-09-09 08:00:00,2015-09-09 12:00:00,-1,252
1,2015,9,9,7,-5,-81.033,-90.561,1574.8,617.4,2015-09-09 07:00:00,2015-09-09 12:00:00,-1,252
1,2015,9,9,6,-6,-81.171,-93.244,1578.4,600.5,2015-09-09 06:00:00,2015-09-09 12:00:00,-1,252
1,2015,9,9,5,-7,-81.286,-96.192,1580.4,588.8,2015-09-09 05:00:00,2015-09-09 12:00:00,-1,252
1,2015,9,9,4,-8,-81.372,-99.305,1582.8,583.6,2015-09-09 04:00:00,2015-09-09 12:00:00,-1,252
1,2015,9,9,3,-9,-81.425,-102.53,1584.1,584.6,2015-09-09 03:00:00,2015-09-09 12:00:00,-1,252
1,2015,9,9,2,-10,-81.443,-105.802,1584.5,592.7,2015-09-09 02:00:00,2015-09-09 12:00:00,-1,252
1,2015,9,9,1,-11,-81.424,-109.04,1580.7,605.2,2015-09-09 01:00:00,2015-09-09 12:00:00,-1,252
1,2015,9,9,0,-12,-81.366,-112.177,1571.7,621.1,2015-09-09,2015-09-09 12:00:00,-1,252
1,2015,9,8,23,-13,-81.265,-115.16,1555.4,637.9,2015-09-08 23:00:00,2015-09-09 12:00:00,-1,252
1,2015,9,8,22,-14,-81.117,-117.946,1531.9,653.9,2015-09-08 22:00:00,2015-09-09 12:00:00,-1,252
1,2015,9,8,21,-15,-80.925,-120.521,1503.2,667.6,2015-09-08 21:00:00,2015-09-09 12:00:00,-1,252
1,2015,9,8,20,-16,-80.69,-122.88,1471.9,678,2015-09-08 20:00:00,2015-09-09 12:00:00,-1,252
1,2015,9,8,19,-17,-80.412,-125.034,1439.8,684,2015-09-08 19:00:00,2015-09-09 12:00:00,-1,252
1,2015,9,8,18,-18,-80.092,-126.997,1408.4,686.9,2015-09-08 18:00:00,2015-09-09 12:00:00,-1,252
1,2015,9,8,17,-19,-79.746,-128.793,1376.3,687.2,2015-09-08 17:00:00,2015-09-09 12:00:00,-1,252
1,2015,9,8,16,-20,-79.4,-130.413,1340.6,687.1,2015-09-08 16:00:00,2015-09-09 12:00:00,-1,252
1,2015,9,8,15,-21,-79.054,-131.858,1303,688.5,2015-09-08 15:00:00,2015-09-09 12:00:00,-1,252
1,2015,9,8,14,-22,-78.712,-133.13,1262.4,690.7,2015-09-08 14:00:00,2015-09-09 12:00:00,-1,252
1,2015,9,8,13,-23,-78.374,-134.24,1217.9,693.9,2015-09-08 13:00:00,2015-09-09 12:00:00,-1,252
1,2015,9,8,12,-24,-78.04,-135.193,1168.6,697.6,2015-09-08 12:00:00,2015-09-09 12:00:00,-1,252
1,2015,9,10,12,0,-80.3,-81.3,1500,718,2015-09-10 12:00:00,2015-09-10 12:00:00,24,253
1,2015,9,10,11,-1,-80.568,-82.092,1530.4,702.8,2015-09-10 11:00:00,2015-09-10 12:00:00,-1,253
1,2015,9,10,10,-2,-80.815,-83.13,1555.1,686,2015-09-10 10:00:00,2015-09-10 12:00:00,-1,253
1,2015,9,10,9,-3,-81.039,-84.465,1573,667.6,2015-09-10 09:00:00,2015-09-10 12:00:00,-1,253
1,2015,9,10,8,-4,-81.241,-86.13,1583.3,647.8,2015-09-10 08:00:00,2015-09-10 12:00:00,-1,253
1,2015,9,10,7,-5,-81.418,-88.146,1584.7,627.9,2015-09-10 07:00:00,2015-09-10 12:00:00,-1,253
1,2015,9,10,6,-6,-81.57,-90.521,1576.1,610.7,2015-09-10 06:00:00,2015-09-10 12:00:00,-1,253
1,2015,9,10,5,-7,-81.693,-93.204,1558.4,596,2015-09-10 05:00:00,2015-09-10 12:00:00,-1,253
1,2015,9,10,4,-8,-81.783,-96.155,1536.1,586.5,2015-09-10 04:00:00,2015-09-10 12:00:00,-1,253
1,2015,9,10,3,-9,-81.833,-99.341,1510,582.7,2015-09-10 03:00:00,2015-09-10 12:00:00,-1,253
1,2015,9,10,2,-10,-81.835,-102.706,1483.6,586.4,2015-09-10 02:00:00,2015-09-10 12:00:00,-1,253
1,2015,9,10,1,-11,-81.785,-106.159,1456.8,597.3,2015-09-10 01:00:00,2015-09-10 12:00:00,-1,253
1,2015,9,10,0,-12,-81.685,-109.609,1429,613.4,2015-09-10,2015-09-10 12:00:00,-1,253
1,2015,9,9,23,-13,-81.537,-112.943,1400.2,633.4,2015-09-09 23:00:00,2015-09-10 12:00:00,-1,253
1,2015,9,9,22,-14,-81.348,-116.084,1369.5,652.7,2015-09-09 22:00:00,2015-09-10 12:00:00,-1,253
1,2015,9,9,21,-15,-81.119,-119.032,1338.1,670.2,2015-09-09 21:00:00,2015-09-10 12:00:00,-1,253
1,2015,9,9,20,-16,-80.851,-121.78,1305.1,683.5,2015-09-09 20:00:00,2015-09-10 12:00:00,-1,253
1,2015,9,9,19,-17,-80.544,-124.324,1271.7,691.9,2015-09-09 19:00:00,2015-09-10 12:00:00,-1,253
1,2015,9,9,18,-18,-80.2,-126.709,1238.5,696.5,2015-09-09 18:00:00,2015-09-10 12:00:00,-1,253
1,2015,9,9,17,-19,-79.818,-128.943,1202.7,696.8,2015-09-09 17:00:00,2015-09-10 12:00:00,-1,253
1,2015,9,9,16,-20,-79.412,-130.876,1161.5,696.5,2015-09-09 16:00:00,2015-09-10 12:00:00,-1,253
1,2015,9,9,15,-21,-78.992,-132.469,1117.9,696.4,2015-09-09 15:00:00,2015-09-10 12:00:00,-1,253
1,2015,9,9,14,-22,-78.562,-133.781,1073.6,697.3,2015-09-09 14:00:00,2015-09-10 12:00:00,-1,253
1,2015,9,9,13,-23,-78.125,-134.869,1028.5,698.7,2015-09-09 13:00:00,2015-09-10 12:00:00,-1,253
1,2015,9,9,12,-24,-77.684,-135.76,983.7,701.1,2015-09-09 12:00:00,2015-09-10 12:00:00,-1,253
1,2015,9,11,12,0,-80.3,-81.3,1500,715.8,2015-09-11 12:00:00,2015-09-11 12:00:00,24,254
1,2015,9,11,11,-1,-80.545,-84.357,1544.8,675.4,2015-09-11 11:00:00,2015-09-11 12:00:00,-1,254
1,2015,9,11,10,-2,-80.767,-87.684,1578.2,635.2,2015-09-11 10:00:00,2015-09-11 12:00:00,-1,254
1,2015,9,11,9,-3,-80.959,-91.293,1606.5,603.9,2015-09-11 09:00:00,2015-09-11 12:00:00,-1,254
1,2015,9,11,8,-4,-81.104,-95.14,1628.6,581.9,2015-09-11 08:00:00,2015-09-11 12:00:00,-1,254
1,2015,9,11,7,-5,-81.188,-99.081,1647.4,573,2015-09-11 07:00:00,2015-09-11 12:00:00,-1,254
1,2015,9,11,6,-6,-81.207,-102.971,1658.8,573.9,2015-09-11 06:00:00,2015-09-11 12:00:00,-1,254
1,2015,9,11,5,-7,-81.167,-106.661,1666.8,583.8,2015-09-11 05:00:00,2015-09-11 12:00:00,-1,254
1,2015,9,11,4,-8,-81.078,-110.049,1673.5,597,2015-09-11 04:00:00,2015-09-11 12:00:00,-1,254
1,2015,9,11,3,-9,-80.948,-113.074,1677.9,611.1,2015-09-11 03:00:00,2015-09-11 12:00:00,-1,254
1,2015,9,11,2,-10,-80.786,-115.725,1676.3,623.4,2015-09-11 02:00:00,2015-09-11 12:00:00,-1,254
1,2015,9,11,1,-11,-80.601,-118.036,1670.5,633.9,2015-09-11 01:00:00,2015-09-11 12:00:00,-1,254
1,2015,9,11,0,-12,-80.397,-120.059,1659.2,642.4,2015-09-11,2015-09-11 12:00:00,-1,254
1,2015,9,10,23,-13,-80.176,-121.803,1643.3,646.7,2015-09-10 23:00:00,2015-09-11 12:00:00,-1,254
1,2015,9,10,22,-14,-79.939,-123.288,1628.6,648.9,2015-09-10 22:00:00,2015-09-11 12:00:00,-1,254
1,2015,9,10,21,-15,-79.695,-124.571,1616.6,648.4,2015-09-10 21:00:00,2015-09-11 12:00:00,-1,254
1,2015,9,10,20,-16,-79.451,-125.697,1610.2,645.9,2015-09-10 20:00:00,2015-09-11 12:00:00,-1,254
1,2015,9,10,19,-17,-79.207,-126.692,1610.5,642.2,2015-09-10 19:00:00,2015-09-11 12:00:00,-1,254
1,2015,9,10,18,-18,-78.963,-127.586,1618.4,637.5,2015-09-10 18:00:00,2015-09-11 12:00:00,-1,254
1,2015,9,10,17,-19,-78.719,-128.407,1629.2,632.8,2015-09-10 17:00:00,2015-09-11 12:00:00,-1,254
1,2015,9,10,16,-20,-78.474,-129.158,1634.5,628.6,2015-09-10 16:00:00,2015-09-11 12:00:00,-1,254
1,2015,9,10,15,-21,-78.227,-129.828,1635.9,624.4,2015-09-10 15:00:00,2015-09-11 12:00:00,-1,254
1,2015,9,10,14,-22,-77.984,-130.401,1634.6,620.8,2015-09-10 14:00:00,2015-09-11 12:00:00,-1,254
1,2015,9,10,13,-23,-77.745,-130.866,1631.2,617.3,2015-09-10 13:00:00,2015-09-11 12:00:00,-1,254
1,2015,9,10,12,-24,-77.516,-131.211,1626,613.8,2015-09-10 12:00:00,2015-09-11 12:00:00,-1,254
1,2015,9,12,12,0,-80.3,-81.3,1500,717.5,2015-09-12 12:00:00,2015-09-12 12:00:00,24,255
1,2015,9,12,11,-1,-80.485,-83.038,1528.2,692.8,2015-09-12 11:00:00,2015-09-12 12:00:00,-1,255
1,2015,9,12,10,-2,-80.648,-84.972,1551.7,667.1,2015-09-12 10:00:00,2015-09-12 12:00:00,-1,255
1,2015,9,12,9,-3,-80.783,-87.064,1571,642.2,2015-09-12 09:00:00,2015-09-12 12:00:00,-1,255
1,2015,9,12,8,-4,-80.89,-89.288,1589.1,620.1,2015-09-12 08:00:00,2015-09-12 12:00:00,-1,255
1,2015,9,12,7,-5,-80.966,-91.622,1605.3,601.3,2015-09-12 07:00:00,2015-09-12 12:00:00,-1,255
1,2015,9,12,6,-6,-81.01,-94.037,1620.1,586.4,2015-09-12 06:00:00,2015-09-12 12:00:00,-1,255
1,2015,9,12,5,-7,-81.018,-96.559,1632.7,576.8,2015-09-12 05:00:00,2015-09-12 12:00:00,-1,255
1,2015,9,12,4,-8,-80.983,-99.215,1641.7,572.3,2015-09-12 04:00:00,2015-09-12 12:00:00,-1,255
1,2015,9,12,3,-9,-80.9,-101.966,1648.4,573.3,2015-09-12 03:00:00,2015-09-12 12:00:00,-1,255
1,2015,9,12,2,-10,-80.767,-104.772,1652.4,579.2,2015-09-12 02:00:00,2015-09-12 12:00:00,-1,255
1,2015,9,12,1,-11,-80.582,-107.586,1652.6,588.8,2015-09-12 01:00:00,2015-09-12 12:00:00,-1,255
1,2015,9,12,0,-12,-80.344,-110.374,1648.2,601.3,2015-09-12,2015-09-12 12:00:00,-1,255
1,2015,9,11,23,-13,-80.057,-113.038,1634.8,613.9,2015-09-11 23:00:00,2015-09-12 12:00:00,-1,255
1,2015,9,11,22,-14,-79.728,-115.496,1610.9,626,2015-09-11 22:00:00,2015-09-12 12:00:00,-1,255
1,2015,9,11,21,-15,-79.367,-117.732,1571.7,632.2,2015-09-11 21:00:00,2015-09-12 12:00:00,-1,255
1,2015,9,11,20,-16,-78.979,-119.747,1521.4,634.5,2015-09-11 20:00:00,2015-09-12 12:00:00,-1,255
1,2015,9,11,19,-17,-78.57,-121.563,1462.7,634.2,2015-09-11 19:00:00,2015-09-12 12:00:00,-1,255
1,2015,9,11,18,-18,-78.146,-123.216,1396.1,631.4,2015-09-11 18:00:00,2015-09-12 12:00:00,-1,255
1,2015,9,11,17,-19,-77.708,-124.684,1320.1,628.1,2015-09-11 17:00:00,2015-09-12 12:00:00,-1,255
1,2015,9,11,16,-20,-77.254,-125.938,1243.8,640,2015-09-11 16:00:00,2015-09-12 12:00:00,-1,255
1,2015,9,11,15,-21,-76.789,-126.986,1167.7,665.4,2015-09-11 15:00:00,2015-09-12 12:00:00,-1,255
1,2015,9,11,14,-22,-76.321,-127.831,1088.1,692.3,2015-09-11 14:00:00,2015-09-12 12:00:00,-1,255
1,2015,9,11,13,-23,-75.856,-128.475,1008.1,720.6,2015-09-11 13:00:00,2015-09-12 12:00:00,-1,255
1,2015,9,11,12,-24,-75.404,-128.93,929.7,748.5,2015-09-11 12:00:00,2015-09-12 12:00:00,-1,255
1,2015,9,13,12,0,-80.3,-81.3,1500,720.4,2015-09-13 12:00:00,2015-09-13 12:00:00,24,256
1,2015,9,13,11,-1,-80.45,-82.637,1544,699.1,2015-09-13 11:00:00,2015-09-13 12:00:00,-1,256
1,2015,9,13,10,-2,-80.598,-84.028,1583.2,678.5,2015-09-13 10:00:00,2015-09-13 12:00:00,-1,256
1,2015,9,13,9,-3,-80.744,-85.453,1617.4,658.7,2015-09-13 09:00:00,2015-09-13 12:00:00,-1,256
1,2015,9,13,8,-4,-80.887,-86.915,1647.2,639.6,2015-09-13 08:00:00,2015-09-13 12:00:00,-1,256
1,2015,9,13,7,-5,-81.023,-88.422,1673.9,622.2,2015-09-13 07:00:00,2015-09-13 12:00:00,-1,256
1,2015,9,13,6,-6,-81.149,-89.968,1697.8,606.2,2015-09-13 06:00:00,2015-09-13 12:00:00,-1,256
1,2015,9,13,5,-7,-81.269,-91.591,1719.3,593.5,2015-09-13 05:00:00,2015-09-13 12:00:00,-1,256
1,2015,9,13,4,-8,-81.385,-93.333,1733.6,582.8,2015-09-13 04:00:00,2015-09-13 12:00:00,-1,256
1,2015,9,13,3,-9,-81.493,-95.169,1744,574.1,2015-09-13 03:00:00,2015-09-13 12:00:00,-1,256
1,2015,9,13,2,-10,-81.593,-97.062,1754.3,568,2015-09-13 02:00:00,2015-09-13 12:00:00,-1,256
1,2015,9,13,1,-11,-81.683,-98.968,1766.5,564.3,2015-09-13 01:00:00,2015-09-13 12:00:00,-1,256
1,2015,9,13,0,-12,-81.767,-100.853,1782.8,562.3,2015-09-13,2015-09-13 12:00:00,-1,256
1,2015,9,12,23,-13,-81.835,-102.747,1800.4,561.9,2015-09-12 23:00:00,2015-09-13 12:00:00,-1,256
1,2015,9,12,22,-14,-81.873,-104.693,1815.1,564,2015-09-12 22:00:00,2015-09-13 12:00:00,-1,256
1,2015,9,12,21,-15,-81.877,-106.652,1825.9,568.6,2015-09-12 21:00:00,2015-09-13 12:00:00,-1,256
1,2015,9,12,20,-16,-81.851,-108.578,1831.4,575.3,2015-09-12 20:00:00,2015-09-13 12:00:00,-1,256
1,2015,9,12,19,-17,-81.799,-110.429,1830.9,583.2,2015-09-12 19:00:00,2015-09-13 12:00:00,-1,256
1,2015,9,12,18,-18,-81.723,-112.192,1824.8,591.2,2015-09-12 18:00:00,2015-09-13 12:00:00,-1,256
1,2015,9,12,17,-19,-81.624,-113.956,1816.2,601.4,2015-09-12 17:00:00,2015-09-13 12:00:00,-1,256
1,2015,9,12,16,-20,-81.499,-115.795,1804,612.1,2015-09-12 16:00:00,2015-09-13 12:00:00,-1,256
1,2015,9,12,15,-21,-81.346,-117.677,1785.2,622.8,2015-09-12 15:00:00,2015-09-13 12:00:00,-1,256
1,2015,9,12,14,-22,-81.163,-119.57,1757.5,633.6,2015-09-12 14:00:00,2015-09-13 12:00:00,-1,256
1,2015,9,12,13,-23,-80.951,-121.45,1719.4,643.8,2015-09-12 13:00:00,2015-09-13 12:00:00,-1,256
1,2015,9,12,12,-24,-80.71,-123.298,1668.4,652.4,2015-09-12 12:00:00,2015-09-13 12:00:00,-1,256
1,2015,9,14,12,0,-80.3,-81.3,1500,718.7,2015-09-14 12:00:00,2015-09-14 12:00:00,24,257
1,2015,9,14,11,-1,-80.546,-82.036,1484.6,708.5,2015-09-14 11:00:00,2015-09-14 12:00:00,-1,257
1,2015,9,14,10,-2,-80.79,-83.13,1473.5,693.8,2015-09-14 10:00:00,2015-09-14 12:00:00,-1,257
1,2015,9,14,9,-3,-81.024,-84.647,1464.9,675.1,2015-09-14 09:00:00,2015-09-14 12:00:00,-1,257
1,2015,9,14,8,-4,-81.238,-86.65,1456,653.4,2015-09-14 08:00:00,2015-09-14 12:00:00,-1,257
1,2015,9,14,7,-5,-81.417,-89.18,1442.8,630.5,2015-09-14 07:00:00,2015-09-14 12:00:00,-1,257
1,2015,9,14,6,-6,-81.547,-92.258,1421.9,610.2,2015-09-14 06:00:00,2015-09-14 12:00:00,-1,257
1,2015,9,14,5,-7,-81.612,-95.805,1393.1,597.1,2015-09-14 05:00:00,2015-09-14 12:00:00,-1,257
1,2015,9,14,4,-8,-81.603,-99.705,1355.6,593.9,2015-09-14 04:00:00,2015-09-14 12:00:00,-1,257
1,2015,9,14,3,-9,-81.515,-103.893,1310,602.6,2015-09-14 03:00:00,2015-09-14 12:00:00,-1,257
1,2015,9,14,2,-10,-81.334,-108.272,1254.7,622.8,2015-09-14 02:00:00,2015-09-14 12:00:00,-1,257
1,2015,9,14,1,-11,-81.034,-112.715,1185.6,650.3,2015-09-14 01:00:00,2015-09-14 12:00:00,-1,257
1,2015,9,14,0,-12,-80.591,-117.073,1096.6,678,2015-09-14,2015-09-14 12:00:00,-1,257
1,2015,9,13,23,-13,-80.025,-121.155,989.3,699.4,2015-09-13 23:00:00,2015-09-14 12:00:00,-1,257
1,2015,9,13,22,-14,-79.398,-124.81,870.5,707.7,2015-09-13 22:00:00,2015-09-14 12:00:00,-1,257
1,2015,9,13,21,-15,-78.744,-128.101,743.2,709.6,2015-09-13 21:00:00,2015-09-14 12:00:00,-1,257
1,2015,9,13,20,-16,-78.061,-131.125,608.4,716.8,2015-09-13 20:00:00,2015-09-14 12:00:00,-1,257
1,2015,9,13,19,-17,-77.355,-133.708,489.6,736.5,2015-09-13 19:00:00,2015-09-14 12:00:00,-1,257
1,2015,9,13,18,-18,-76.667,-135.698,399.1,790.1,2015-09-13 18:00:00,2015-09-14 12:00:00,-1,257
1,2015,9,13,17,-19,-76.02,-137.236,320.6,837.1,2015-09-13 17:00:00,2015-09-14 12:00:00,-1,257
1,2015,9,13,16,-20,-75.41,-138.54,240.8,878.9,2015-09-13 16:00:00,2015-09-14 12:00:00,-1,257
1,2015,9,13,15,-21,-74.804,-139.815,142,917,2015-09-13 15:00:00,2015-09-14 12:00:00,-1,257
1,2015,9,13,14,-22,-74.197,-140.881,68.8,949.2,2015-09-13 14:00:00,2015-09-14 12:00:00,-1,257
1,2015,9,13,13,-23,-73.589,-141.761,31.3,966.3,2015-09-13 13:00:00,2015-09-14 12:00:00,-1,257
1,2015,9,13,12,-24,-72.979,-142.532,18.9,978.3,2015-09-13 12:00:00,2015-09-14 12:00:00,-1,257
1,2015,9,15,12,0,-80.3,-81.3,1500,722.5,2015-09-15 12:00:00,2015-09-15 12:00:00,24,258
1,2015,9,15,11,-1,-80.633,-82.366,1565.1,699.3,2015-09-15 11:00:00,2015-09-15 12:00:00,-1,258
1,2015,9,15,10,-2,-80.965,-83.617,1624,676.1,2015-09-15 10:00:00,2015-09-15 12:00:00,-1,258
1,2015,9,15,9,-3,-81.3,-85.106,1676.4,652.4,2015-09-15 09:00:00,2015-09-15 12:00:00,-1,258
1,2015,9,15,8,-4,-81.639,-86.89,1722,628.2,2015-09-15 08:00:00,2015-09-15 12:00:00,-1,258
1,2015,9,15,7,-5,-81.98,-89.033,1761.6,605.3,2015-09-15 07:00:00,2015-09-15 12:00:00,-1,258
1,2015,9,15,6,-6,-82.32,-91.561,1797.4,584.4,2015-09-15 06:00:00,2015-09-15 12:00:00,-1,258
1,2015,9,15,5,-7,-82.639,-94.432,1834.1,569.1,2015-09-15 05:00:00,2015-09-15 12:00:00,-1,258
1,2015,9,15,4,-8,-82.916,-97.532,1879,558.7,2015-09-15 04:00:00,2015-09-15 12:00:00,-1,258
1,2015,9,15,3,-9,-83.142,-100.839,1933.1,554,2015-09-15 03:00:00,2015-09-15 12:00:00,-1,258
1,2015,9,15,2,-10,-83.313,-104.302,1994,553,2015-09-15 02:00:00,2015-09-15 12:00:00,-1,258
1,2015,9,15,1,-11,-83.424,-107.82,2063.3,555.5,2015-09-15 01:00:00,2015-09-15 12:00:00,-1,258
1,2015,9,15,0,-12,-83.478,-111.317,2140.3,560.9,2015-09-15,2015-09-15 12:00:00,-1,258
1,2015,9,14,23,-13,-83.478,-114.757,2218.9,569.3,2015-09-14 23:00:00,2015-09-15 12:00:00,-1,258
1,2015,9,14,22,-14,-83.428,-118.099,2293.1,579.9,2015-09-14 22:00:00,2015-09-15 12:00:00,-1,258
1,2015,9,14,21,-15,-83.336,-121.239,2362.5,592,2015-09-14 21:00:00,2015-09-15 12:00:00,-1,258
1,2015,9,14,20,-16,-83.208,-124.108,2426.3,603.6,2015-09-14 20:00:00,2015-09-15 12:00:00,-1,258
1,2015,9,14,19,-17,-83.051,-126.657,2485.3,614.2,2015-09-14 19:00:00,2015-09-15 12:00:00,-1,258
1,2015,9,14,18,-18,-82.874,-128.85,2542.5,623.8,2015-09-14 18:00:00,2015-09-15 12:00:00,-1,258
1,2015,9,14,17,-19,-82.678,-130.779,2601.1,632.4,2015-09-14 17:00:00,2015-09-15 12:00:00,-1,258
1,2015,9,14,16,-20,-82.466,-132.529,2653.2,638.3,2015-09-14 16:00:00,2015-09-15 12:00:00,-1,258
1,2015,9,14,15,-21,-82.244,-134.253,2694.9,635.4,2015-09-14 15:00:00,2015-09-15 12:00:00,-1,258
1,2015,9,14,14,-22,-82.013,-136.036,2735.9,631.7,2015-09-14 14:00:00,2015-09-15 12:00:00,-1,258
1,2015,9,14,13,-23,-81.771,-137.861,2777.9,627,2015-09-14 13:00:00,2015-09-15 12:00:00,-1,258
1,2015,9,14,12,-24,-81.514,-139.688,2823.2,621.6,2015-09-14 12:00:00,2015-09-15 12:00:00,-1,258
1,2015,9,16,12,0,-80.3,-81.3,1500,728.4,2015-09-16 12:00:00,2015-09-16 12:00:00,24,259
1,2015,9,16,11,-1,-80.458,-83.306,1533.2,701.5,2015-09-16 11:00:00,2015-09-16 12:00:00,-1,259
1,2015,9,16,10,-2,-80.63,-85.643,1561.6,671.9,2015-09-16 10:00:00,2015-09-16 12:00:00,-1,259
1,2015,9,16,9,-3,-80.802,-88.335,1582.2,641.3,2015-09-16 09:00:00,2015-09-16 12:00:00,-1,259
1,2015,9,16,8,-4,-80.961,-91.405,1594,615.8,2015-09-16 08:00:00,2015-09-16 12:00:00,-1,259
1,2015,9,16,7,-5,-81.086,-94.871,1593.2,597,2015-09-16 07:00:00,2015-09-16 12:00:00,-1,259
1,2015,9,16,6,-6,-81.156,-98.733,1581.3,590.2,2015-09-16 06:00:00,2015-09-16 12:00:00,-1,259
1,2015,9,16,5,-7,-81.152,-102.941,1557.7,594.3,2015-09-16 05:00:00,2015-09-16 12:00:00,-1,259
1,2015,9,16,4,-8,-81.063,-107.388,1526.5,609.8,2015-09-16 04:00:00,2015-09-16 12:00:00,-1,259
1,2015,9,16,3,-9,-80.88,-111.968,1485.8,633.6,2015-09-16 03:00:00,2015-09-16 12:00:00,-1,259
1,2015,9,16,2,-10,-80.589,-116.586,1431.5,659.9,2015-09-16 02:00:00,2015-09-16 12:00:00,-1,259
1,2015,9,16,1,-11,-80.185,-121.133,1356.1,680.7,2015-09-16 01:00:00,2015-09-16 12:00:00,-1,259
1,2015,9,16,0,-12,-79.663,-125.51,1253.5,691.8,2015-09-16,2015-09-16 12:00:00,-1,259
1,2015,9,15,23,-13,-79.051,-129.381,1132,696.7,2015-09-15 23:00:00,2015-09-16 12:00:00,-1,259
1,2015,9,15,22,-14,-78.386,-132.714,1004,704.7,2015-09-15 22:00:00,2015-09-16 12:00:00,-1,259
1,2015,9,15,21,-15,-77.675,-135.585,872.6,721.3,2015-09-15 21:00:00,2015-09-16 12:00:00,-1,259
1,2015,9,15,20,-16,-76.953,-137.792,768.1,766.7,2015-09-15 20:00:00,2015-09-16 12:00:00,-1,259
1,2015,9,15,19,-17,-76.254,-139.434,670.1,815.3,2015-09-15 19:00:00,2015-09-16 12:00:00,-1,259
1,2015,9,15,18,-18,-75.569,-140.783,560.1,858.9,2015-09-15 18:00:00,2015-09-16 12:00:00,-1,259
1,2015,9,15,17,-19,-74.894,-141.951,445.3,899.1,2015-09-15 17:00:00,2015-09-16 12:00:00,-1,259
1,2015,9,15,16,-20,-74.229,-142.991,349.6,925.4,2015-09-15 16:00:00,2015-09-16 12:00:00,-1,259
1,2015,9,15,15,-21,-73.573,-143.935,284.7,943.1,2015-09-15 15:00:00,2015-09-16 12:00:00,-1,259
1,2015,9,15,14,-22,-72.926,-144.803,244.9,955.6,2015-09-15 14:00:00,2015-09-16 12:00:00,-1,259
1,2015,9,15,13,-23,-72.284,-145.62,222.2,962.2,2015-09-15 13:00:00,2015-09-16 12:00:00,-1,259
1,2015,9,15,12,-24,-71.644,-146.391,208,963.9,2015-09-15 12:00:00,2015-09-16 12:00:00,-1,259
1,2015,9,17,12,0,-80.3,-81.3,1500,729.7,2015-09-17 12:00:00,2015-09-17 12:00:00,24,260
1,2015,9,17,11,-1,-80.78,-82.552,1593.5,701,2015-09-17 11:00:00,2015-09-17 12:00:00,-1,260
1,2015,9,17,10,-2,-81.271,-83.877,1683.1,672.5,2015-09-17 10:00:00,2015-09-17 12:00:00,-1,260
1,2015,9,17,9,-3,-81.769,-85.368,1767.9,644.9,2015-09-17 09:00:00,2015-09-17 12:00:00,-1,260
1,2015,9,17,8,-4,-82.272,-87.109,1848.9,618.6,2015-09-17 08:00:00,2015-09-17 12:00:00,-1,260
1,2015,9,17,7,-5,-82.777,-89.191,1932.1,595.7,2015-09-17 07:00:00,2015-09-17 12:00:00,-1,260
1,2015,9,17,6,-6,-83.273,-91.767,2018.7,576.4,2015-09-17 06:00:00,2015-09-17 12:00:00,-1,260
1,2015,9,17,5,-7,-83.735,-95.019,2105.1,561.1,2015-09-17 05:00:00,2015-09-17 12:00:00,-1,260
1,2015,9,17,4,-8,-84.135,-99.012,2186.5,551.6,2015-09-17 04:00:00,2015-09-17 12:00:00,-1,260
1,2015,9,17,3,-9,-84.46,-103.669,2265,547.4,2015-09-17 03:00:00,2015-09-17 12:00:00,-1,260
1,2015,9,17,2,-10,-84.703,-108.857,2340.1,548.7,2015-09-17 02:00:00,2015-09-17 12:00:00,-1,260
1,2015,9,17,1,-11,-84.863,-114.391,2411.3,554.2,2015-09-17 01:00:00,2015-09-17 12:00:00,-1,260
1,2015,9,17,0,-12,-84.944,-120.118,2479.7,564,2015-09-17,2015-09-17 12:00:00,-1,260
1,2015,9,16,23,-13,-84.933,-125.733,2535.9,577.5,2015-09-16 23:00:00,2015-09-17 12:00:00,-1,260
1,2015,9,16,22,-14,-84.817,-130.861,2572.8,592.5,2015-09-16 22:00:00,2015-09-17 12:00:00,-1,260
1,2015,9,16,21,-15,-84.621,-135.295,2588.9,607.4,2015-09-16 21:00:00,2015-09-17 12:00:00,-1,260
1,2015,9,16,20,-16,-84.369,-139.062,2588.9,621.6,2015-09-16 20:00:00,2015-09-17 12:00:00,-1,260
1,2015,9,16,19,-17,-84.08,-142.252,2579.9,635.3,2015-09-16 19:00:00,2015-09-17 12:00:00,-1,260
1,2015,9,16,18,-18,-83.771,-145.026,2567.5,648.3,2015-09-16 18:00:00,2015-09-17 12:00:00,-1,260
1,2015,9,16,17,-19,-83.447,-147.434,2551.9,660.9,2015-09-16 17:00:00,2015-09-17 12:00:00,-1,260
1,2015,9,16,16,-20,-83.109,-149.503,2532.4,674.1,2015-09-16 16:00:00,2015-09-17 12:00:00,-1,260
1,2015,9,16,15,-21,-82.766,-151.335,2511.2,687.2,2015-09-16 15:00:00,2015-09-17 12:00:00,-1,260
1,2015,9,16,14,-22,-82.423,-153.027,2487.9,697.1,2015-09-16 14:00:00,2015-09-17 12:00:00,-1,260
1,2015,9,16,13,-23,-82.08,-154.627,2455.3,696.4,2015-09-16 13:00:00,2015-09-17 12:00:00,-1,260
1,2015,9,16,12,-24,-81.737,-156.157,2426.6,696.1,2015-09-16 12:00:00,2015-09-17 12:00:00,-1,260
1,2015,9,18,12,0,-80.3,-81.3,1500,734.1,2015-09-18 12:00:00,2015-09-18 12:00:00,24,261
1,2015,9,18,11,-1,-80.701,-83.018,1551.2,705.5,2015-09-18 11:00:00,2015-09-18 12:00:00,-1,261
1,2015,9,18,10,-2,-81.098,-84.881,1602,676.8,2015-09-18 10:00:00,2015-09-18 12:00:00,-1,261
1,2015,9,18,9,-3,-81.487,-86.914,1649.8,649,2015-09-18 09:00:00,2015-09-18 12:00:00,-1,261
1,2015,9,18,8,-4,-81.861,-89.15,1691.8,623.9,2015-09-18 08:00:00,2015-09-18 12:00:00,-1,261
1,2015,9,18,7,-5,-82.211,-91.644,1727,603.6,2015-09-18 07:00:00,2015-09-18 12:00:00,-1,261
1,2015,9,18,6,-6,-82.528,-94.455,1752.7,587.7,2015-09-18 06:00:00,2015-09-18 12:00:00,-1,261
1,2015,9,18,5,-7,-82.788,-97.776,1769.7,579.3,2015-09-18 05:00:00,2015-09-18 12:00:00,-1,261
1,2015,9,18,4,-8,-82.962,-101.705,1776.8,578.6,2015-09-18 04:00:00,2015-09-18 12:00:00,-1,261
1,2015,9,18,3,-9,-83.038,-106.067,1775.3,586.8,2015-09-18 03:00:00,2015-09-18 12:00:00,-1,261
1,2015,9,18,2,-10,-83.013,-110.611,1767,604.3,2015-09-18 02:00:00,2015-09-18 12:00:00,-1,261
1,2015,9,18,1,-11,-82.903,-115.093,1750.2,630.2,2015-09-18 01:00:00,2015-09-18 12:00:00,-1,261
1,2015,9,18,0,-12,-82.732,-119.366,1723.1,664,2015-09-18,2015-09-18 12:00:00,-1,261
1,2015,9,17,23,-13,-82.476,-123.31,1670.9,698.7,2015-09-17 23:00:00,2015-09-18 12:00:00,-1,261
1,2015,9,17,22,-14,-82.101,-126.786,1589.6,719.2,2015-09-17 22:00:00,2015-09-18 12:00:00,-1,261
1,2015,9,17,21,-15,-81.636,-129.796,1502.4,731.3,2015-09-17 21:00:00,2015-09-18 12:00:00,-1,261
1,2015,9,17,20,-16,-81.101,-132.58,1417.5,735.9,2015-09-17 20:00:00,2015-09-18 12:00:00,-1,261
1,2015,9,17,19,-17,-80.509,-135.37,1341.8,736.1,2015-09-17 19:00:00,2015-09-18 12:00:00,-1,261
1,2015,9,17,18,-18,-79.875,-138.342,1283.5,736.4,2015-09-17 18:00:00,2015-09-18 12:00:00,-1,261
1,2015,9,17,17,-19,-79.211,-141.16,1246.8,745.9,2015-09-17 17:00:00,2015-09-18 12:00:00,-1,261
1,2015,9,17,16,-20,-78.524,-143.587,1217.8,759.4,2015-09-17 16:00:00,2015-09-18 12:00:00,-1,261
1,2015,9,17,15,-21,-77.828,-145.813,1190.3,777.7,2015-09-17 15:00:00,2015-09-18 12:00:00,-1,261
1,2015,9,17,14,-22,-77.134,-148.032,1163.9,802.5,2015-09-17 14:00:00,2015-09-18 12:00:00,-1,261
1,2015,9,17,13,-23,-76.471,-150.255,1137.3,823.9,2015-09-17 13:00:00,2015-09-18 12:00:00,-1,261
1,2015,9,17,12,-24,-75.848,-152.613,1118.9,838.6,2015-09-17 12:00:00,2015-09-18 12:00:00,-1,261
1,2015,9,19,12,0,-80.3,-81.3,1500,724.3,2015-09-19 12:00:00,2015-09-19 12:00:00,24,262
1,2015,9,19,11,-1,-80.472,-83.028,1525.6,700.9,2015-09-19 11:00:00,2015-09-19 12:00:00,-1,262
1,2015,9,19,10,-2,-80.633,-85.09,1539.6,676.1,2015-09-19 10:00:00,2015-09-19 12:00:00,-1,262
1,2015,9,19,9,-3,-80.769,-87.566,1534.6,648.5,2015-09-19 09:00:00,2015-09-19 12:00:00,-1,262
1,2015,9,19,8,-4,-80.86,-90.474,1506.8,625.5,2015-09-19 08:00:00,2015-09-19 12:00:00,-1,262
1,2015,9,19,7,-5,-80.889,-93.786,1451.3,610.2,2015-09-19 07:00:00,2015-09-19 12:00:00,-1,262
1,2015,9,19,6,-6,-80.832,-97.443,1368,603.5,2015-09-19 06:00:00,2015-09-19 12:00:00,-1,262
1,2015,9,19,5,-7,-80.701,-101.317,1282.6,611.9,2015-09-19 05:00:00,2015-09-19 12:00:00,-1,262
1,2015,9,19,4,-8,-80.508,-105.284,1208.9,628.7,2015-09-19 04:00:00,2015-09-19 12:00:00,-1,262
1,2015,9,19,3,-9,-80.225,-109.285,1142.7,651.9,2015-09-19 03:00:00,2015-09-19 12:00:00,-1,262
1,2015,9,19,2,-10,-79.823,-113.19,1073.5,677.7,2015-09-19 02:00:00,2015-09-19 12:00:00,-1,262
1,2015,9,19,1,-11,-79.299,-116.687,986.2,697.8,2015-09-19 01:00:00,2015-09-19 12:00:00,-1,262
1,2015,9,19,0,-12,-78.672,-119.675,867.9,705.3,2015-09-19,2015-09-19 12:00:00,-1,262
1,2015,9,18,23,-13,-77.993,-122.293,728.8,704.7,2015-09-18 23:00:00,2015-09-19 12:00:00,-1,262
1,2015,9,18,22,-14,-77.294,-124.692,583.1,714.3,2015-09-18 22:00:00,2015-09-19 12:00:00,-1,262
1,2015,9,18,21,-15,-76.619,-126.617,445.6,757.7,2015-09-18 21:00:00,2015-09-19 12:00:00,-1,262
1,2015,9,18,20,-16,-75.998,-127.938,311.1,801.9,2015-09-18 20:00:00,2015-09-19 12:00:00,-1,262
1,2015,9,18,19,-17,-75.418,-128.727,195.5,845.8,2015-09-18 19:00:00,2015-09-19 12:00:00,-1,262
1,2015,9,18,18,-18,-74.859,-129.055,113.5,883.4,2015-09-18 18:00:00,2015-09-19 12:00:00,-1,262
1,2015,9,18,17,-19,-74.325,-129.152,58.4,914.6,2015-09-18 17:00:00,2015-09-19 12:00:00,-1,262
1,2015,9,18,16,-20,-73.826,-129.184,28.1,943,2015-09-18 16:00:00,2015-09-19 12:00:00,-1,262
1,2015,9,18,15,-21,-73.362,-129.232,5.5,965.9,2015-09-18 15:00:00,2015-09-19 12:00:00,-1,262
1,2015,9,18,14,-22,-72.933,-129.308,0,986.9,2015-09-18 14:00:00,2015-09-19 12:00:00,-1,262
1,2015,9,18,13,-23,-72.538,-129.417,0,1006.3,2015-09-18 13:00:00,2015-09-19 12:00:00,-1,262
1,2015,9,18,12,-24,-72.171,-129.539,0,1007.1,2015-09-18 12:00:00,2015-09-19 12:00:00,-1,262
1,2015,9,20,12,0,-80.3,-81.3,1500,720.8,2015-09-20 12:00:00,2015-09-20 12:00:00,24,263
1,2015,9,20,11,-1,-80.574,-82.895,1540.3,695,2015-09-20 11:00:00,2015-09-20 12:00:00,-1,263
1,2015,9,20,10,-2,-80.832,-84.736,1574.2,668,2015-09-20 10:00:00,2015-09-20 12:00:00,-1,263
1,2015,9,20,9,-3,-81.066,-86.852,1601.4,641.4,2015-09-20 09:00:00,2015-09-20 12:00:00,-1,263
1,2015,9,20,8,-4,-81.27,-89.244,1620.8,616.8,2015-09-20 08:00:00,2015-09-20 12:00:00,-1,263
1,2015,9,20,7,-5,-81.44,-91.908,1629.1,596.2,2015-09-20 07:00:00,2015-09-20 12:00:00,-1,263
1,2015,9,20,6,-6,-81.569,-94.825,1625.3,581.9,2015-09-20 06:00:00,2015-09-20 12:00:00,-1,263
1,2015,9,20,5,-7,-81.645,-97.997,1614,574.5,2015-09-20 05:00:00,2015-09-20 12:00:00,-1,263
1,2015,9,20,4,-8,-81.656,-101.412,1599.6,574.7,2015-09-20 04:00:00,2015-09-20 12:00:00,-1,263
1,2015,9,20,3,-9,-81.596,-104.982,1580.7,582.5,2015-09-20 03:00:00,2015-09-20 12:00:00,-1,263
1,2015,9,20,2,-10,-81.462,-108.596,1554.9,597.8,2015-09-20 02:00:00,2015-09-20 12:00:00,-1,263
1,2015,9,20,1,-11,-81.253,-112.171,1519.3,617.5,2015-09-20 01:00:00,2015-09-20 12:00:00,-1,263
1,2015,9,20,0,-12,-80.972,-115.702,1472.8,638.8,2015-09-20,2015-09-20 12:00:00,-1,263
1,2015,9,19,23,-13,-80.618,-119.201,1418.1,657.9,2015-09-19 23:00:00,2015-09-20 12:00:00,-1,263
1,2015,9,19,22,-14,-80.18,-122.628,1357.3,672,2015-09-19 22:00:00,2015-09-20 12:00:00,-1,263
1,2015,9,19,21,-15,-79.65,-125.925,1282.6,676.7,2015-09-19 21:00:00,2015-09-20 12:00:00,-1,263
1,2015,9,19,20,-16,-79.045,-128.959,1190,678.4,2015-09-19 20:00:00,2015-09-20 12:00:00,-1,263
1,2015,9,19,19,-17,-78.374,-131.681,1073.2,682.7,2015-09-19 19:00:00,2015-09-20 12:00:00,-1,263
1,2015,9,19,18,-18,-77.635,-134.15,920.4,694.5,2015-09-19 18:00:00,2015-09-20 12:00:00,-1,263
1,2015,9,19,17,-19,-76.87,-136.172,768.9,748.7,2015-09-19 17:00:00,2015-09-20 12:00:00,-1,263
1,2015,9,19,16,-20,-76.15,-137.539,639.5,801.6,2015-09-19 16:00:00,2015-09-20 12:00:00,-1,263
1,2015,9,19,15,-21,-75.454,-138.571,515.5,849.8,2015-09-19 15:00:00,2015-09-20 12:00:00,-1,263
1,2015,9,19,14,-22,-74.768,-139.381,399.5,892.2,2015-09-19 14:00:00,2015-09-20 12:00:00,-1,263
1,2015,9,19,13,-23,-74.087,-139.975,305,922.4,2015-09-19 13:00:00,2015-09-20 12:00:00,-1,263
1,2015,9,19,12,-24,-73.416,-140.355,240.1,945.8,2015-09-19 12:00:00,2015-09-20 12:00:00,-1,263
1,2015,9,21,12,0,-80.3,-81.3,1500,724.5,2015-09-21 12:00:00,2015-09-21 12:00:00,24,264
1,2015,9,21,11,-1,-80.084,-81.648,1413.5,733.3,2015-09-21 11:00:00,2015-09-21 12:00:00,-1,264
1,2015,9,21,10,-2,-79.892,-82.129,1336.4,737.3,2015-09-21 10:00:00,2015-09-21 12:00:00,-1,264
1,2015,9,21,9,-3,-79.721,-82.742,1269.2,737.7,2015-09-21 09:00:00,2015-09-21 12:00:00,-1,264
1,2015,9,21,8,-4,-79.571,-83.505,1211.9,735.1,2015-09-21 08:00:00,2015-09-21 12:00:00,-1,264
1,2015,9,21,7,-5,-79.441,-84.444,1163.7,729.7,2015-09-21 07:00:00,2015-09-21 12:00:00,-1,264
1,2015,9,21,6,-6,-79.324,-85.58,1122.8,721.5,2015-09-21 06:00:00,2015-09-21 12:00:00,-1,264
1,2015,9,21,5,-7,-79.208,-86.873,1082.1,711.3,2015-09-21 05:00:00,2015-09-21 12:00:00,-1,264
1,2015,9,21,4,-8,-79.091,-88.293,1038.2,701.9,2015-09-21 04:00:00,2015-09-21 12:00:00,-1,264
1,2015,9,21,3,-9,-78.971,-89.858,990.5,693.2,2015-09-21 03:00:00,2015-09-21 12:00:00,-1,264
1,2015,9,21,2,-10,-78.851,-91.578,940.9,688.5,2015-09-21 02:00:00,2015-09-21 12:00:00,-1,264
1,2015,9,21,1,-11,-78.729,-93.449,890.7,686.9,2015-09-21 01:00:00,2015-09-21 12:00:00,-1,264
1,2015,9,21,0,-12,-78.6,-95.466,841.3,689.2,2015-09-21,2015-09-21 12:00:00,-1,264
1,2015,9,20,23,-13,-78.442,-97.547,793,695.8,2015-09-20 23:00:00,2015-09-21 12:00:00,-1,264
1,2015,9,20,22,-14,-78.24,-99.583,745.8,708.1,2015-09-20 22:00:00,2015-09-21 12:00:00,-1,264
1,2015,9,20,21,-15,-77.993,-101.505,700.8,724,2015-09-20 21:00:00,2015-09-21 12:00:00,-1,264
1,2015,9,20,20,-16,-77.706,-103.261,659.7,741.4,2015-09-20 20:00:00,2015-09-21 12:00:00,-1,264
1,2015,9,20,19,-17,-77.382,-104.831,621.3,761.1,2015-09-20 19:00:00,2015-09-21 12:00:00,-1,264
1,2015,9,20,18,-18,-77.029,-106.271,578.7,782.3,2015-09-20 18:00:00,2015-09-21 12:00:00,-1,264
1,2015,9,20,17,-19,-76.664,-107.618,527,805,2015-09-20 17:00:00,2015-09-21 12:00:00,-1,264
1,2015,9,20,16,-20,-76.306,-108.875,463,826.3,2015-09-20 16:00:00,2015-09-21 12:00:00,-1,264
1,2015,9,20,15,-21,-75.952,-110.044,386.3,849.2,2015-09-20 15:00:00,2015-09-21 12:00:00,-1,264
1,2015,9,20,14,-22,-75.606,-111.135,298.2,871,2015-09-20 14:00:00,2015-09-21 12:00:00,-1,264
1,2015,9,20,13,-23,-75.268,-112.175,199.2,893.8,2015-09-20 13:00:00,2015-09-21 12:00:00,-1,264
1,2015,9,20,12,-24,-74.932,-113.148,96.2,915.4,2015-09-20 12:00:00,2015-09-21 12:00:00,-1,264
1,2015,9,22,12,0,-80.3,-81.3,1500,717.2,2015-09-22 12:00:00,2015-09-22 12:00:00,24,265
1,2015,9,22,11,-1,-80.471,-79.53,1457.7,738.9,2015-09-22 11:00:00,2015-09-22 12:00:00,-1,265
1,2015,9,22,10,-2,-80.625,-77.751,1409.4,759.6,2015-09-22 10:00:00,2015-09-22 12:00:00,-1,265
1,2015,9,22,9,-3,-80.764,-75.966,1355.5,778.8,2015-09-22 09:00:00,2015-09-22 12:00:00,-1,265
1,2015,9,22,8,-4,-80.886,-74.18,1296.9,796.6,2015-09-22 08:00:00,2015-09-22 12:00:00,-1,265
1,2015,9,22,7,-5,-80.99,-72.406,1235,811.7,2015-09-22 07:00:00,2015-09-22 12:00:00,-1,265
1,2015,9,22,6,-6,-81.074,-70.671,1171.4,823.2,2015-09-22 06:00:00,2015-09-22 12:00:00,-1,265
1,2015,9,22,5,-7,-81.139,-68.96,1111.2,833.3,2015-09-22 05:00:00,2015-09-22 12:00:00,-1,265
1,2015,9,22,4,-8,-81.186,-67.226,1056.6,841.2,2015-09-22 04:00:00,2015-09-22 12:00:00,-1,265
1,2015,9,22,3,-9,-81.215,-65.449,1009.1,845.9,2015-09-22 03:00:00,2015-09-22 12:00:00,-1,265
1,2015,9,22,2,-10,-81.222,-63.617,969.6,848,2015-09-22 02:00:00,2015-09-22 12:00:00,-1,265
1,2015,9,22,1,-11,-81.206,-61.721,938.8,847.8,2015-09-22 01:00:00,2015-09-22 12:00:00,-1,265
1,2015,9,22,0,-12,-81.165,-59.769,916.6,845.2,2015-09-22,2015-09-22 12:00:00,-1,265
1,2015,9,21,23,-13,-81.105,-57.881,900.9,842.2,2015-09-21 23:00:00,2015-09-22 12:00:00,-1,265
1,2015,9,21,22,-14,-81.035,-56.161,888.9,839.6,2015-09-21 22:00:00,2015-09-22 12:00:00,-1,265
1,2015,9,21,21,-15,-80.961,-54.612,880.1,837.7,2015-09-21 21:00:00,2015-09-22 12:00:00,-1,265
1,2015,9,21,20,-16,-80.884,-53.229,874.1,836.8,2015-09-21 20:00:00,2015-09-22 12:00:00,-1,265
1,2015,9,21,19,-17,-80.808,-52.007,870.1,836.2,2015-09-21 19:00:00,2015-09-22 12:00:00,-1,265
1,2015,9,21,18,-18,-80.734,-50.942,867.5,836.2,2015-09-21 18:00:00,2015-09-22 12:00:00,-1,265
1,2015,9,21,17,-19,-80.666,-49.962,868.8,836.2,2015-09-21 17:00:00,2015-09-22 12:00:00,-1,265
1,2015,9,21,16,-20,-80.6,-48.991,876,836.4,2015-09-21 16:00:00,2015-09-22 12:00:00,-1,265
1,2015,9,21,15,-21,-80.534,-48.018,888.4,836,2015-09-21 15:00:00,2015-09-22 12:00:00,-1,265
1,2015,9,21,14,-22,-80.465,-47.033,905.6,835.6,2015-09-21 14:00:00,2015-09-22 12:00:00,-1,265
1,2015,9,21,13,-23,-80.388,-46.024,927.7,835.6,2015-09-21 13:00:00,2015-09-22 12:00:00,-1,265
1,2015,9,21,12,-24,-80.302,-44.987,954.3,835.3,2015-09-21 12:00:00,2015-09-22 12:00:00,-1,265
1,2015,9,23,12,0,-80.3,-81.3,1500,716,2015-09-23 12:00:00,2015-09-23 12:00:00,24,266
1,2015,9,23,11,-1,-80.519,-78.975,1468.9,739.5,2015-09-23 11:00:00,2015-09-23 12:00:00,-1,266
1,2015,9,23,10,-2,-80.728,-76.585,1421.9,762.9,2015-09-23 10:00:00,2015-09-23 12:00:00,-1,266
1,2015,9,23,9,-3,-80.924,-74.133,1361.6,783.7,2015-09-23 09:00:00,2015-09-23 12:00:00,-1,266
1,2015,9,23,8,-4,-81.1,-71.567,1292.3,801.1,2015-09-23 08:00:00,2015-09-23 12:00:00,-1,266
1,2015,9,23,7,-5,-81.246,-68.835,1217,813.6,2015-09-23 07:00:00,2015-09-23 12:00:00,-1,266
1,2015,9,23,6,-6,-81.345,-65.893,1138.7,821.5,2015-09-23 06:00:00,2015-09-23 12:00:00,-1,266
1,2015,9,23,5,-7,-81.378,-62.725,1060.3,827.3,2015-09-23 05:00:00,2015-09-23 12:00:00,-1,266
1,2015,9,23,4,-8,-81.329,-59.394,983.7,829.4,2015-09-23 04:00:00,2015-09-23 12:00:00,-1,266
1,2015,9,23,3,-9,-81.189,-56.009,912.7,830.5,2015-09-23 03:00:00,2015-09-23 12:00:00,-1,266
1,2015,9,23,2,-10,-80.955,-52.689,849.8,832.5,2015-09-23 02:00:00,2015-09-23 12:00:00,-1,266
1,2015,9,23,1,-11,-80.628,-49.53,796.5,839,2015-09-23 01:00:00,2015-09-23 12:00:00,-1,266
1,2015,9,23,0,-12,-80.219,-46.597,756.3,853,2015-09-23,2015-09-23 12:00:00,-1,266
1,2015,9,22,23,-13,-79.738,-43.975,733.6,866.7,2015-09-22 23:00:00,2015-09-23 12:00:00,-1,266
1,2015,9,22,22,-14,-79.195,-41.742,727.8,874,2015-09-22 22:00:00,2015-09-23 12:00:00,-1,266
1,2015,9,22,21,-15,-78.6,-39.901,735.2,878.7,2015-09-22 21:00:00,2015-09-23 12:00:00,-1,266
1,2015,9,22,20,-16,-77.965,-38.426,752.1,881.9,2015-09-22 20:00:00,2015-09-23 12:00:00,-1,266
1,2015,9,22,19,-17,-77.313,-37.276,774.9,883.4,2015-09-22 19:00:00,2015-09-23 12:00:00,-1,266
1,2015,9,22,18,-18,-76.674,-36.411,796.6,879.4,2015-09-22 18:00:00,2015-09-23 12:00:00,-1,266
1,2015,9,22,17,-19,-76.068,-35.715,815.1,878.1,2015-09-22 17:00:00,2015-09-23 12:00:00,-1,266
1,2015,9,22,16,-20,-75.498,-35.057,829.9,878.8,2015-09-22 16:00:00,2015-09-23 12:00:00,-1,266
1,2015,9,22,15,-21,-74.972,-34.369,842.9,880.2,2015-09-22 15:00:00,2015-09-23 12:00:00,-1,266
1,2015,9,22,14,-22,-74.507,-33.607,856,880.5,2015-09-22 14:00:00,2015-09-23 12:00:00,-1,266
1,2015,9,22,13,-23,-74.109,-32.744,871,881,2015-09-22 13:00:00,2015-09-23 12:00:00,-1,266
1,2015,9,22,12,-24,-73.769,-31.763,889.2,880.8,2015-09-22 12:00:00,2015-09-23 12:00:00,-1,266
1,2015,9,24,12,0,-80.3,-81.3,1500,722,2015-09-24 12:00:00,2015-09-24 12:00:00,24,267
1,2015,9,24,11,-1,-80.435,-79.334,1452,746.1,2015-09-24 11:00:00,2015-09-24 12:00:00,-1,267
1,2015,9,24,10,-2,-80.592,-77.405,1398.2,768,2015-09-24 10:00:00,2015-09-24 12:00:00,-1,267
1,2015,9,24,9,-3,-80.761,-75.486,1338.9,788.2,2015-09-24 09:00:00,2015-09-24 12:00:00,-1,267
1,2015,9,24,8,-4,-80.933,-73.542,1275.3,804.8,2015-09-24 08:00:00,2015-09-24 12:00:00,-1,267
1,2015,9,24,7,-5,-81.093,-71.525,1209.4,818.3,2015-09-24 07:00:00,2015-09-24 12:00:00,-1,267
1,2015,9,24,6,-6,-81.23,-69.412,1143.7,829.4,2015-09-24 06:00:00,2015-09-24 12:00:00,-1,267
1,2015,9,24,5,-7,-81.337,-67.147,1079.3,837.4,2015-09-24 05:00:00,2015-09-24 12:00:00,-1,267
1,2015,9,24,4,-8,-81.405,-64.669,1017.9,842.4,2015-09-24 04:00:00,2015-09-24 12:00:00,-1,267
1,2015,9,24,3,-9,-81.421,-61.945,960.4,844.5,2015-09-24 03:00:00,2015-09-24 12:00:00,-1,267
1,2015,9,24,2,-10,-81.367,-58.975,909.1,843.4,2015-09-24 02:00:00,2015-09-24 12:00:00,-1,267
1,2015,9,24,1,-11,-81.231,-55.804,868.2,840.1,2015-09-24 01:00:00,2015-09-24 12:00:00,-1,267
1,2015,9,24,0,-12,-81,-52.495,842,838.1,2015-09-24,2015-09-24 12:00:00,-1,267
1,2015,9,23,23,-13,-80.671,-49.157,836.1,838.9,2015-09-23 23:00:00,2015-09-24 12:00:00,-1,267
1,2015,9,23,22,-14,-80.243,-45.892,857.3,846.1,2015-09-23 22:00:00,2015-09-24 12:00:00,-1,267
1,2015,9,23,21,-15,-79.706,-42.74,905.8,852.3,2015-09-23 21:00:00,2015-09-24 12:00:00,-1,267
1,2015,9,23,20,-16,-79.068,-39.811,966.2,851.3,2015-09-23 20:00:00,2015-09-24 12:00:00,-1,267
1,2015,9,23,19,-17,-78.35,-37.114,1029.5,846.5,2015-09-23 19:00:00,2015-09-24 12:00:00,-1,267
1,2015,9,23,18,-18,-77.551,-34.638,1089.4,838.9,2015-09-23 18:00:00,2015-09-24 12:00:00,-1,267
1,2015,9,23,17,-19,-76.715,-32.398,1139.2,828.1,2015-09-23 17:00:00,2015-09-24 12:00:00,-1,267
1,2015,9,23,16,-20,-75.901,-30.348,1178.9,823.2,2015-09-23 16:00:00,2015-09-24 12:00:00,-1,267
1,2015,9,23,15,-21,-75.127,-28.399,1214.3,822.4,2015-09-23 15:00:00,2015-09-24 12:00:00,-1,267
1,2015,9,23,14,-22,-74.415,-26.578,1247.1,817.9,2015-09-23 14:00:00,2015-09-24 12:00:00,-1,267
1,2015,9,23,13,-23,-73.785,-24.947,1279.9,816.2,2015-09-23 13:00:00,2015-09-24 12:00:00,-1,267
1,2015,9,23,12,-24,-73.23,-23.462,1315.2,815.9,2015-09-23 12:00:00,2015-09-24 12:00:00,-1,267
1,2015,9,25,12,0,-80.3,-81.3,1500,724.4,2015-09-25 12:00:00,2015-09-25 12:00:00,24,268
1,2015,9,25,11,-1,-80.568,-80.352,1487.2,732.2,2015-09-25 11:00:00,2015-09-25 12:00:00,-1,268
1,2015,9,25,10,-2,-80.833,-79.37,1477.4,739,2015-09-25 10:00:00,2015-09-25 12:00:00,-1,268
1,2015,9,25,9,-3,-81.094,-78.354,1471.8,744.7,2015-09-25 09:00:00,2015-09-25 12:00:00,-1,268
1,2015,9,25,8,-4,-81.351,-77.303,1471.3,749.3,2015-09-25 08:00:00,2015-09-25 12:00:00,-1,268
1,2015,9,25,7,-5,-81.606,-76.217,1475.8,752,2015-09-25 07:00:00,2015-09-25 12:00:00,-1,268
1,2015,9,25,6,-6,-81.856,-75.094,1486.9,754.1,2015-09-25 06:00:00,2015-09-25 12:00:00,-1,268
1,2015,9,25,5,-7,-82.097,-73.806,1500.4,754.7,2015-09-25 05:00:00,2015-09-25 12:00:00,-1,268
1,2015,9,25,4,-8,-82.326,-72.211,1513.8,757.4,2015-09-25 04:00:00,2015-09-25 12:00:00,-1,268
1,2015,9,25,3,-9,-82.54,-70.274,1525.2,758.8,2015-09-25 03:00:00,2015-09-25 12:00:00,-1,268
1,2015,9,25,2,-10,-82.735,-67.927,1534.4,758.3,2015-09-25 02:00:00,2015-09-25 12:00:00,-1,268
1,2015,9,25,1,-11,-82.904,-65.113,1540.4,755,2015-09-25 01:00:00,2015-09-25 12:00:00,-1,268
1,2015,9,25,0,-12,-83.039,-61.837,1544.4,749.7,2015-09-25,2015-09-25 12:00:00,-1,268
1,2015,9,24,23,-13,-83.124,-58.245,1547.5,741.4,2015-09-24 23:00:00,2015-09-25 12:00:00,-1,268
1,2015,9,24,22,-14,-83.15,-54.561,1553.8,731.5,2015-09-24 22:00:00,2015-09-25 12:00:00,-1,268
1,2015,9,24,21,-15,-83.115,-50.929,1566,721.2,2015-09-24 21:00:00,2015-09-25 12:00:00,-1,268
1,2015,9,24,20,-16,-83.022,-47.47,1584.9,711.6,2015-09-24 20:00:00,2015-09-25 12:00:00,-1,268
1,2015,9,24,19,-17,-82.875,-44.295,1611.6,702.5,2015-09-24 19:00:00,2015-09-25 12:00:00,-1,268
1,2015,9,24,18,-18,-82.682,-41.456,1646.1,695.4,2015-09-24 18:00:00,2015-09-25 12:00:00,-1,268
1,2015,9,24,17,-19,-82.46,-38.891,1685.2,687.6,2015-09-24 17:00:00,2015-09-25 12:00:00,-1,268
1,2015,9,24,16,-20,-82.228,-36.519,1732.5,679.2,2015-09-24 16:00:00,2015-09-25 12:00:00,-1,268
1,2015,9,24,15,-21,-81.989,-34.306,1786.6,670.7,2015-09-24 15:00:00,2015-09-25 12:00:00,-1,268
1,2015,9,24,14,-22,-81.743,-32.262,1844,660.9,2015-09-24 14:00:00,2015-09-25 12:00:00,-1,268
1,2015,9,24,13,-23,-81.491,-30.363,1903.8,650.6,2015-09-24 13:00:00,2015-09-25 12:00:00,-1,268
1,2015,9,24,12,-24,-81.238,-28.575,1962.7,638.3,2015-09-24 12:00:00,2015-09-25 12:00:00,-1,268
1,2015,9,26,12,0,-80.3,-81.3,1500,730.7,2015-09-26 12:00:00,2015-09-26 12:00:00,24,269
1,2015,9,26,11,-1,-80.246,-80.515,1494.1,741,2015-09-26 11:00:00,2015-09-26 12:00:00,-1,269
1,2015,9,26,10,-2,-80.216,-79.785,1488.7,750.1,2015-09-26 10:00:00,2015-09-26 12:00:00,-1,269
1,2015,9,26,9,-3,-80.207,-79.107,1483.1,757.6,2015-09-26 09:00:00,2015-09-26 12:00:00,-1,269
1,2015,9,26,8,-4,-80.215,-78.479,1477.7,764.3,2015-09-26 08:00:00,2015-09-26 12:00:00,-1,269
1,2015,9,26,7,-5,-80.238,-77.893,1472.6,770.2,2015-09-26 07:00:00,2015-09-26 12:00:00,-1,269
1,2015,9,26,6,-6,-80.273,-77.344,1467.6,775.2,2015-09-26 06:00:00,2015-09-26 12:00:00,-1,269
1,2015,9,26,5,-7,-80.32,-76.809,1461.3,779.1,2015-09-26 05:00:00,2015-09-26 12:00:00,-1,269
1,2015,9,26,4,-8,-80.38,-76.264,1453.6,783.3,2015-09-26 04:00:00,2015-09-26 12:00:00,-1,269
1,2015,9,26,3,-9,-80.452,-75.7,1443.5,787.7,2015-09-26 03:00:00,2015-09-26 12:00:00,-1,269
1,2015,9,26,2,-10,-80.533,-75.105,1430.5,792.6,2015-09-26 02:00:00,2015-09-26 12:00:00,-1,269
1,2015,9,26,1,-11,-80.621,-74.465,1413.3,796.8,2015-09-26 01:00:00,2015-09-26 12:00:00,-1,269
1,2015,9,26,0,-12,-80.714,-73.766,1391.9,801.3,2015-09-26,2015-09-26 12:00:00,-1,269
1,2015,9,25,23,-13,-80.809,-73.005,1367.4,806.3,2015-09-25 23:00:00,2015-09-26 12:00:00,-1,269
1,2015,9,25,22,-14,-80.905,-72.182,1340.3,811,2015-09-25 22:00:00,2015-09-26 12:00:00,-1,269
1,2015,9,25,21,-15,-81.001,-71.293,1311.7,814.7,2015-09-25 21:00:00,2015-09-26 12:00:00,-1,269
1,2015,9,25,20,-16,-81.095,-70.334,1283.7,818.6,2015-09-25 20:00:00,2015-09-26 12:00:00,-1,269
1,2015,9,25,19,-17,-81.185,-69.307,1257,821.1,2015-09-25 19:00:00,2015-09-26 12:00:00,-1,269
1,2015,9,25,18,-18,-81.271,-68.213,1233.2,823.1,2015-09-25 18:00:00,2015-09-26 12:00:00,-1,269
1,2015,9,25,17,-19,-81.359,-67.017,1213.7,824.3,2015-09-25 17:00:00,2015-09-26 12:00:00,-1,269
1,2015,9,25,16,-20,-81.455,-65.669,1198.7,823.3,2015-09-25 16:00:00,2015-09-26 12:00:00,-1,269
1,2015,9,25,15,-21,-81.553,-64.146,1189.4,821.1,2015-09-25 15:00:00,2015-09-26 12:00:00,-1,269
1,2015,9,25,14,-22,-81.649,-62.428,1186.2,817.9,2015-09-25 14:00:00,2015-09-26 12:00:00,-1,269
1,2015,9,25,13,-23,-81.739,-60.486,1188.8,812.2,2015-09-25 13:00:00,2015-09-26 12:00:00,-1,269
1,2015,9,25,12,-24,-81.813,-58.294,1198.2,804.9,2015-09-25 12:00:00,2015-09-26 12:00:00,-1,269
1,2015,9,27,12,0,-80.3,-81.3,1500,726.4,2015-09-27 12:00:00,2015-09-27 12:00:00,24,270
1,2015,9,27,11,-1,-80.116,-81.577,1483.3,728.2,2015-09-27 11:00:00,2015-09-27 12:00:00,-1,270
1,2015,9,27,10,-2,-79.932,-81.816,1473.4,728.5,2015-09-27 10:00:00,2015-09-27 12:00:00,-1,270
1,2015,9,27,9,-3,-79.747,-81.994,1469.6,727.2,2015-09-27 09:00:00,2015-09-27 12:00:00,-1,270
1,2015,9,27,8,-4,-79.561,-82.1,1472.5,726.2,2015-09-27 08:00:00,2015-09-27 12:00:00,-1,270
1,2015,9,27,7,-5,-79.376,-82.139,1482.2,725.3,2015-09-27 07:00:00,2015-09-27 12:00:00,-1,270
1,2015,9,27,6,-6,-79.194,-82.119,1498.7,724.4,2015-09-27 06:00:00,2015-09-27 12:00:00,-1,270
1,2015,9,27,5,-7,-79.02,-82.052,1516.1,723.3,2015-09-27 05:00:00,2015-09-27 12:00:00,-1,270
1,2015,9,27,4,-8,-78.859,-81.954,1528.1,723.7,2015-09-27 04:00:00,2015-09-27 12:00:00,-1,270
1,2015,9,27,3,-9,-78.714,-81.831,1535.7,724.8,2015-09-27 03:00:00,2015-09-27 12:00:00,-1,270
1,2015,9,27,2,-10,-78.588,-81.691,1539.6,726.4,2015-09-27 02:00:00,2015-09-27 12:00:00,-1,270
1,2015,9,27,1,-11,-78.482,-81.539,1540.4,728.3,2015-09-27 01:00:00,2015-09-27 12:00:00,-1,270
1,2015,9,27,0,-12,-78.396,-81.381,1538.6,730.6,2015-09-27,2015-09-27 12:00:00,-1,270
1,2015,9,26,23,-13,-78.32,-81.204,1533.5,733,2015-09-26 23:00:00,2015-09-27 12:00:00,-1,270
1,2015,9,26,22,-14,-78.244,-80.992,1523.7,736.5,2015-09-26 22:00:00,2015-09-27 12:00:00,-1,270
1,2015,9,26,21,-15,-78.168,-80.747,1509.3,740.7,2015-09-26 21:00:00,2015-09-27 12:00:00,-1,270
1,2015,9,26,20,-16,-78.095,-80.469,1490.6,745.8,2015-09-26 20:00:00,2015-09-27 12:00:00,-1,270
1,2015,9,26,19,-17,-78.025,-80.158,1467.8,751.7,2015-09-26 19:00:00,2015-09-27 12:00:00,-1,270
1,2015,9,26,18,-18,-77.961,-79.812,1441.2,758.1,2015-09-26 18:00:00,2015-09-27 12:00:00,-1,270
1,2015,9,26,17,-19,-77.908,-79.433,1413.8,764.2,2015-09-26 17:00:00,2015-09-27 12:00:00,-1,270
1,2015,9,26,16,-20,-77.876,-79.022,1391.9,769.8,2015-09-26 16:00:00,2015-09-27 12:00:00,-1,270
1,2015,9,26,15,-21,-77.864,-78.581,1374.6,775.1,2015-09-26 15:00:00,2015-09-27 12:00:00,-1,270
1,2015,9,26,14,-22,-77.872,-78.111,1361.8,780.4,2015-09-26 14:00:00,2015-09-27 12:00:00,-1,270
1,2015,9,26,13,-23,-77.9,-77.612,1353.4,785.4,2015-09-26 13:00:00,2015-09-27 12:00:00,-1,270
1,2015,9,26,12,-24,-77.946,-77.082,1348.7,789.7,2015-09-26 12:00:00,2015-09-27 12:00:00,-1,270
1,2015,9,28,12,0,-80.3,-81.3,1500,729.9,2015-09-28 12:00:00,2015-09-28 12:00:00,24,271
1,2015,9,28,11,-1,-80.181,-81.842,1511.5,723.1,2015-09-28 11:00:00,2015-09-28 12:00:00,-1,271
1,2015,9,28,10,-2,-80.048,-82.319,1513.1,718.4,2015-09-28 10:00:00,2015-09-28 12:00:00,-1,271
1,2015,9,28,9,-3,-79.903,-82.725,1503,714.5,2015-09-28 09:00:00,2015-09-28 12:00:00,-1,271
1,2015,9,28,8,-4,-79.747,-83.058,1480.9,712.4,2015-09-28 08:00:00,2015-09-28 12:00:00,-1,271
1,2015,9,28,7,-5,-79.585,-83.324,1447.1,712.3,2015-09-28 07:00:00,2015-09-28 12:00:00,-1,271
1,2015,9,28,6,-6,-79.419,-83.53,1402,714.2,2015-09-28 06:00:00,2015-09-28 12:00:00,-1,271
1,2015,9,28,5,-7,-79.243,-83.66,1348.6,718.7,2015-09-28 05:00:00,2015-09-28 12:00:00,-1,271
1,2015,9,28,4,-8,-79.047,-83.691,1288.5,724.7,2015-09-28 04:00:00,2015-09-28 12:00:00,-1,271
1,2015,9,28,3,-9,-78.831,-83.621,1221.5,732.5,2015-09-28 03:00:00,2015-09-28 12:00:00,-1,271
1,2015,9,28,2,-10,-78.597,-83.451,1147.3,741.8,2015-09-28 02:00:00,2015-09-28 12:00:00,-1,271
1,2015,9,28,1,-11,-78.344,-83.181,1065.2,753.1,2015-09-28 01:00:00,2015-09-28 12:00:00,-1,271
1,2015,9,28,0,-12,-78.069,-82.807,974.2,766.7,2015-09-28,2015-09-28 12:00:00,-1,271
1,2015,9,27,23,-13,-77.784,-82.4,879.8,782.5,2015-09-27 23:00:00,2015-09-28 12:00:00,-1,271
1,2015,9,27,22,-14,-77.495,-82.013,787.7,796.7,2015-09-27 22:00:00,2015-09-28 12:00:00,-1,271
1,2015,9,27,21,-15,-77.201,-81.638,699.6,810.8,2015-09-27 21:00:00,2015-09-28 12:00:00,-1,271
1,2015,9,27,20,-16,-76.897,-81.273,616.4,823.8,2015-09-27 20:00:00,2015-09-28 12:00:00,-1,271
1,2015,9,27,19,-17,-76.58,-80.908,537.6,834.7,2015-09-27 19:00:00,2015-09-28 12:00:00,-1,271
1,2015,9,27,18,-18,-76.245,-80.538,462.5,844.8,2015-09-27 18:00:00,2015-09-28 12:00:00,-1,271
1,2015,9,27,17,-19,-75.898,-80.146,392.8,855.1,2015-09-27 17:00:00,2015-09-28 12:00:00,-1,271
1,2015,9,27,16,-20,-75.555,-79.702,332.4,862.5,2015-09-27 16:00:00,2015-09-28 12:00:00,-1,271
1,2015,9,27,15,-21,-75.222,-79.178,283,868,2015-09-27 15:00:00,2015-09-28 12:00:00,-1,271
1,2015,9,27,14,-22,-74.905,-78.576,245.5,875.6,2015-09-27 14:00:00,2015-09-28 12:00:00,-1,271
1,2015,9,27,13,-23,-74.61,-77.916,219.3,889.8,2015-09-27 13:00:00,2015-09-28 12:00:00,-1,271
1,2015,9,27,12,-24,-74.331,-77.211,201.7,900.5,2015-09-27 12:00:00,2015-09-28 12:00:00,-1,271
1,2015,9,29,12,0,-80.3,-81.3,1500,731.1,2015-09-29 12:00:00,2015-09-29 12:00:00,24,272
1,2015,9,29,11,-1,-80.241,-79.088,1466.2,760.7,2015-09-29 11:00:00,2015-09-29 12:00:00,-1,272
1,2015,9,29,10,-2,-80.255,-77.268,1438.4,782.7,2015-09-29 10:00:00,2015-09-29 12:00:00,-1,272
1,2015,9,29,9,-3,-80.315,-75.761,1417.3,796.9,2015-09-29 09:00:00,2015-09-29 12:00:00,-1,272
1,2015,9,29,8,-4,-80.405,-74.514,1404.2,807,2015-09-29 08:00:00,2015-09-29 12:00:00,-1,272
1,2015,9,29,7,-5,-80.515,-73.496,1399.3,812.1,2015-09-29 07:00:00,2015-09-29 12:00:00,-1,272
1,2015,9,29,6,-6,-80.639,-72.684,1403.3,814.5,2015-09-29 06:00:00,2015-09-29 12:00:00,-1,272
1,2015,9,29,5,-7,-80.768,-72.087,1414.8,812.6,2015-09-29 05:00:00,2015-09-29 12:00:00,-1,272
1,2015,9,29,4,-8,-80.895,-71.709,1433.3,808.9,2015-09-29 04:00:00,2015-09-29 12:00:00,-1,272
1,2015,9,29,3,-9,-81.017,-71.527,1458.2,804.1,2015-09-29 03:00:00,2015-09-29 12:00:00,-1,272
1,2015,9,29,2,-10,-81.132,-71.529,1488.9,798.1,2015-09-29 02:00:00,2015-09-29 12:00:00,-1,272
1,2015,9,29,1,-11,-81.24,-71.706,1525.2,791.2,2015-09-29 01:00:00,2015-09-29 12:00:00,-1,272
1,2015,9,29,0,-12,-81.338,-72.055,1566.7,783.3,2015-09-29,2015-09-29 12:00:00,-1,272
1,2015,9,28,23,-13,-81.425,-72.521,1611.8,774.7,2015-09-28 23:00:00,2015-09-29 12:00:00,-1,272
1,2015,9,28,22,-14,-81.5,-73.047,1655.6,765.5,2015-09-28 22:00:00,2015-09-29 12:00:00,-1,272
1,2015,9,28,21,-15,-81.561,-73.632,1699.1,756.4,2015-09-28 21:00:00,2015-09-29 12:00:00,-1,272
1,2015,9,28,20,-16,-81.608,-74.282,1742.1,746.9,2015-09-28 20:00:00,2015-09-29 12:00:00,-1,272
1,2015,9,28,19,-17,-81.641,-75.006,1784.7,737.4,2015-09-28 19:00:00,2015-09-29 12:00:00,-1,272
1,2015,9,28,18,-18,-81.66,-75.814,1825.7,726.4,2015-09-28 18:00:00,2015-09-29 12:00:00,-1,272
1,2015,9,28,17,-19,-81.651,-76.618,1864.5,715.7,2015-09-28 17:00:00,2015-09-29 12:00:00,-1,272
1,2015,9,28,16,-20,-81.605,-77.324,1898.8,707.2,2015-09-28 16:00:00,2015-09-29 12:00:00,-1,272
1,2015,9,28,15,-21,-81.525,-77.937,1928.4,700.1,2015-09-28 15:00:00,2015-09-29 12:00:00,-1,272
1,2015,9,28,14,-22,-81.415,-78.461,1953.7,694.6,2015-09-28 14:00:00,2015-09-29 12:00:00,-1,272
1,2015,9,28,13,-23,-81.279,-78.906,1974.3,690.5,2015-09-28 13:00:00,2015-09-29 12:00:00,-1,272
1,2015,9,28,12,-24,-81.12,-79.286,1989.9,687.7,2015-09-28 12:00:00,2015-09-29 12:00:00,-1,272
1,2015,9,30,12,0,-80.3,-81.3,1500,725.4,2015-09-30 12:00:00,2015-09-30 12:00:00,24,273
1,2015,9,30,11,-1,-80.255,-78.937,1462.2,754.8,2015-09-30 11:00:00,2015-09-30 12:00:00,-1,273
1,2015,9,30,10,-2,-80.286,-76.76,1415.5,780.1,2015-09-30 10:00:00,2015-09-30 12:00:00,-1,273
1,2015,9,30,9,-3,-80.363,-74.701,1361.2,800.6,2015-09-30 09:00:00,2015-09-30 12:00:00,-1,273
1,2015,9,30,8,-4,-80.465,-72.702,1301.4,818.1,2015-09-30 08:00:00,2015-09-30 12:00:00,-1,273
1,2015,9,30,7,-5,-80.572,-70.737,1236.7,829.3,2015-09-30 07:00:00,2015-09-30 12:00:00,-1,273
1,2015,9,30,6,-6,-80.672,-68.801,1171.5,837.7,2015-09-30 06:00:00,2015-09-30 12:00:00,-1,273
1,2015,9,30,5,-7,-80.751,-66.9,1108.6,844.3,2015-09-30 05:00:00,2015-09-30 12:00:00,-1,273
1,2015,9,30,4,-8,-80.799,-65.057,1047.9,848.8,2015-09-30 04:00:00,2015-09-30 12:00:00,-1,273
1,2015,9,30,3,-9,-80.816,-63.262,990.1,852.3,2015-09-30 03:00:00,2015-09-30 12:00:00,-1,273
1,2015,9,30,2,-10,-80.798,-61.517,934.6,855.1,2015-09-30 02:00:00,2015-09-30 12:00:00,-1,273
1,2015,9,30,1,-11,-80.745,-59.833,881.6,856.6,2015-09-30 01:00:00,2015-09-30 12:00:00,-1,273
1,2015,9,30,0,-12,-80.654,-58.23,831.7,859.3,2015-09-30,2015-09-30 12:00:00,-1,273
1,2015,9,29,23,-13,-80.543,-56.734,788.2,861.7,2015-09-29 23:00:00,2015-09-30 12:00:00,-1,273
1,2015,9,29,22,-14,-80.43,-55.367,755.8,862.6,2015-09-29 22:00:00,2015-09-30 12:00:00,-1,273
1,2015,9,29,21,-15,-80.321,-54.139,734.4,864.2,2015-09-29 21:00:00,2015-09-30 12:00:00,-1,273
1,2015,9,29,20,-16,-80.219,-53.06,723.3,865.5,2015-09-29 20:00:00,2015-09-30 12:00:00,-1,273
1,2015,9,29,19,-17,-80.126,-52.133,721.7,866.1,2015-09-29 19:00:00,2015-09-30 12:00:00,-1,273
1,2015,9,29,18,-18,-80.047,-51.358,728.7,866.2,2015-09-29 18:00:00,2015-09-30 12:00:00,-1,273
1,2015,9,29,17,-19,-79.987,-50.709,744.6,865.4,2015-09-29 17:00:00,2015-09-30 12:00:00,-1,273
1,2015,9,29,16,-20,-79.955,-50.165,771.8,862.6,2015-09-29 16:00:00,2015-09-30 12:00:00,-1,273
1,2015,9,29,15,-21,-79.954,-49.715,810.5,858.9,2015-09-29 15:00:00,2015-09-30 12:00:00,-1,273
1,2015,9,29,14,-22,-79.987,-49.344,861.2,853.9,2015-09-29 14:00:00,2015-09-30 12:00:00,-1,273
1,2015,9,29,13,-23,-80.056,-49.04,924.2,846.9,2015-09-29 13:00:00,2015-09-30 12:00:00,-1,273
1,2015,9,29,12,-24,-80.163,-48.782,1000.2,837.1,2015-09-29 12:00:00,2015-09-30 12:00:00,-1,273
1,2015,10,1,12,0,-80.3,-81.3,1500,728.4,2015-10-01 12:00:00,2015-10-01 12:00:00,24,274
1,2015,10,1,11,-1,-80.311,-79.242,1439,756.5,2015-10-01 11:00:00,2015-10-01 12:00:00,-1,274
1,2015,10,1,10,-2,-80.355,-77.147,1369,783.7,2015-10-01 10:00:00,2015-10-01 12:00:00,-1,274
1,2015,10,1,9,-3,-80.419,-74.978,1290.2,809.6,2015-10-01 09:00:00,2015-10-01 12:00:00,-1,274
1,2015,10,1,8,-4,-80.485,-72.718,1205.6,830.3,2015-10-01 08:00:00,2015-10-01 12:00:00,-1,274
1,2015,10,1,7,-5,-80.535,-70.38,1119.5,846.9,2015-10-01 07:00:00,2015-10-01 12:00:00,-1,274
1,2015,10,1,6,-6,-80.562,-67.969,1035.2,858.5,2015-10-01 06:00:00,2015-10-01 12:00:00,-1,274
1,2015,10,1,5,-7,-80.553,-65.472,955.7,865,2015-10-01 05:00:00,2015-10-01 12:00:00,-1,274
1,2015,10,1,4,-8,-80.49,-62.895,882.2,868.2,2015-10-01 04:00:00,2015-10-01 12:00:00,-1,274
1,2015,10,1,3,-9,-80.368,-60.286,815.8,868,2015-10-01 03:00:00,2015-10-01 12:00:00,-1,274
1,2015,10,1,2,-10,-80.179,-57.71,756.7,867.3,2015-10-01 02:00:00,2015-10-01 12:00:00,-1,274
1,2015,10,1,1,-11,-79.922,-55.226,706.9,868.9,2015-10-01 01:00:00,2015-10-01 12:00:00,-1,274
1,2015,10,1,0,-12,-79.6,-52.872,667.2,871.3,2015-10-01,2015-10-01 12:00:00,-1,274
1,2015,9,30,23,-13,-79.231,-50.768,639.3,876.3,2015-09-30 23:00:00,2015-10-01 12:00:00,-1,274
1,2015,9,30,22,-14,-78.834,-48.97,621,881.5,2015-09-30 22:00:00,2015-10-01 12:00:00,-1,274
1,2015,9,30,21,-15,-78.414,-47.439,609.1,886.3,2015-09-30 21:00:00,2015-10-01 12:00:00,-1,274
1,2015,9,30,20,-16,-77.973,-46.146,600.7,891.3,2015-09-30 20:00:00,2015-10-01 12:00:00,-1,274
1,2015,9,30,19,-17,-77.513,-45.058,593.4,895.3,2015-09-30 19:00:00,2015-10-01 12:00:00,-1,274
1,2015,9,30,18,-18,-77.045,-44.139,583,899.9,2015-09-30 18:00:00,2015-10-01 12:00:00,-1,274
1,2015,9,30,17,-19,-76.594,-43.367,570.7,903.8,2015-09-30 17:00:00,2015-10-01 12:00:00,-1,274
1,2015,9,30,16,-20,-76.17,-42.76,559.5,905.5,2015-09-30 16:00:00,2015-10-01 12:00:00,-1,274
1,2015,9,30,15,-21,-75.775,-42.336,548.6,906.4,2015-09-30 15:00:00,2015-10-01 12:00:00,-1,274
1,2015,9,30,14,-22,-75.411,-42.106,537.3,907.2,2015-09-30 14:00:00,2015-10-01 12:00:00,-1,274
1,2015,9,30,13,-23,-75.078,-42.078,525,907.9,2015-09-30 13:00:00,2015-10-01 12:00:00,-1,274
1,2015,9,30,12,-24,-74.778,-42.237,512.3,908.7,2015-09-30 12:00:00,2015-10-01 12:00:00,-1,274
1,2015,10,2,12,0,-80.3,-81.3,1500,734.5,2015-10-02 12:00:00,2015-10-02 12:00:00,24,275
1,2015,10,2,11,-1,-80.335,-78.855,1414.4,768.9,2015-10-02 11:00:00,2015-10-02 12:00:00,-1,275
1,2015,10,2,10,-2,-80.417,-76.563,1322.8,799.4,2015-10-02 10:00:00,2015-10-02 12:00:00,-1,275
1,2015,10,2,9,-3,-80.53,-74.32,1227.6,824.9,2015-10-02 09:00:00,2015-10-02 12:00:00,-1,275
1,2015,10,2,8,-4,-80.657,-72.046,1132.1,845.6,2015-10-02 08:00:00,2015-10-02 12:00:00,-1,275
1,2015,10,2,7,-5,-80.783,-69.672,1039.6,861.2,2015-10-02 07:00:00,2015-10-02 12:00:00,-1,275
1,2015,10,2,6,-6,-80.9,-67.112,952,872,2015-10-02 06:00:00,2015-10-02 12:00:00,-1,275
1,2015,10,2,5,-7,-80.973,-64.336,869.3,877.3,2015-10-02 05:00:00,2015-10-02 12:00:00,-1,275
1,2015,10,2,4,-8,-80.971,-61.38,791.8,879.1,2015-10-02 04:00:00,2015-10-02 12:00:00,-1,275
1,2015,10,2,3,-9,-80.88,-58.289,721.3,878.9,2015-10-02 03:00:00,2015-10-02 12:00:00,-1,275
1,2015,10,2,2,-10,-80.693,-55.135,661,879.5,2015-10-02 02:00:00,2015-10-02 12:00:00,-1,275
1,2015,10,2,1,-11,-80.405,-51.974,614.6,883.5,2015-10-02 01:00:00,2015-10-02 12:00:00,-1,275
1,2015,10,2,0,-12,-80.02,-48.833,586.7,892.6,2015-10-02,2015-10-02 12:00:00,-1,275
1,2015,10,1,23,-13,-79.562,-45.759,579.9,899.7,2015-10-01 23:00:00,2015-10-02 12:00:00,-1,275
1,2015,10,1,22,-14,-79.055,-42.793,592.5,906,2015-10-01 22:00:00,2015-10-02 12:00:00,-1,275
1,2015,10,1,21,-15,-78.501,-39.93,618.8,910.1,2015-10-01 21:00:00,2015-10-02 12:00:00,-1,275
1,2015,10,1,20,-16,-77.9,-37.187,654.3,909.2,2015-10-01 20:00:00,2015-10-02 12:00:00,-1,275
1,2015,10,1,19,-17,-77.261,-34.67,692.9,902.6,2015-10-01 19:00:00,2015-10-02 12:00:00,-1,275
1,2015,10,1,18,-18,-76.599,-32.54,723.7,894,2015-10-01 18:00:00,2015-10-02 12:00:00,-1,275
1,2015,10,1,17,-19,-75.933,-30.765,746.7,890.2,2015-10-01 17:00:00,2015-10-02 12:00:00,-1,275
1,2015,10,1,16,-20,-75.286,-29.23,766.1,891.4,2015-10-01 16:00:00,2015-10-02 12:00:00,-1,275
1,2015,10,1,15,-21,-74.68,-27.874,782,892.3,2015-10-01 15:00:00,2015-10-02 12:00:00,-1,275
1,2015,10,1,14,-22,-74.128,-26.682,795.2,891,2015-10-01 14:00:00,2015-10-02 12:00:00,-1,275
1,2015,10,1,13,-23,-73.639,-25.617,807.6,892.6,2015-10-01 13:00:00,2015-10-02 12:00:00,-1,275
1,2015,10,1,12,-24,-73.218,-24.631,820,895.6,2015-10-01 12:00:00,2015-10-02 12:00:00,-1,275
1,2015,10,3,12,0,-80.3,-81.3,1500,734.9,2015-10-03 12:00:00,2015-10-03 12:00:00,24,276
1,2015,10,3,11,-1,-80.302,-79.942,1468.8,753.3,2015-10-03 11:00:00,2015-10-03 12:00:00,-1,276
1,2015,10,3,10,-2,-80.335,-78.545,1427.5,771.4,2015-10-03 10:00:00,2015-10-03 12:00:00,-1,276
1,2015,10,3,9,-3,-80.389,-77.099,1378.4,789.8,2015-10-03 09:00:00,2015-10-03 12:00:00,-1,276
1,2015,10,3,8,-4,-80.457,-75.593,1321.7,808,2015-10-03 08:00:00,2015-10-03 12:00:00,-1,276
1,2015,10,3,7,-5,-80.532,-74.027,1258,824.2,2015-10-03 07:00:00,2015-10-03 12:00:00,-1,276
1,2015,10,3,6,-6,-80.61,-72.41,1189.5,839.2,2015-10-03 06:00:00,2015-10-03 12:00:00,-1,276
1,2015,10,3,5,-7,-80.674,-70.753,1118.1,851.2,2015-10-03 05:00:00,2015-10-03 12:00:00,-1,276
1,2015,10,3,4,-8,-80.71,-69.068,1046.3,862,2015-10-03 04:00:00,2015-10-03 12:00:00,-1,276
1,2015,10,3,3,-9,-80.715,-67.361,974.9,871.9,2015-10-03 03:00:00,2015-10-03 12:00:00,-1,276
1,2015,10,3,2,-10,-80.688,-65.634,903.9,878.7,2015-10-03 02:00:00,2015-10-03 12:00:00,-1,276
1,2015,10,3,1,-11,-80.622,-63.899,834.3,883.4,2015-10-03 01:00:00,2015-10-03 12:00:00,-1,276
1,2015,10,3,0,-12,-80.518,-62.174,766.4,887,2015-10-03,2015-10-03 12:00:00,-1,276
1,2015,10,2,23,-13,-80.389,-60.5,702.9,891.1,2015-10-02 23:00:00,2015-10-03 12:00:00,-1,276
1,2015,10,2,22,-14,-80.251,-58.913,647.1,893.9,2015-10-02 22:00:00,2015-10-03 12:00:00,-1,276
1,2015,10,2,21,-15,-80.104,-57.427,599.8,895.3,2015-10-02 21:00:00,2015-10-03 12:00:00,-1,276
1,2015,10,2,20,-16,-79.949,-56.039,562,897.3,2015-10-02 20:00:00,2015-10-03 12:00:00,-1,276
1,2015,10,2,19,-17,-79.786,-54.735,534.7,898.5,2015-10-02 19:00:00,2015-10-03 12:00:00,-1,276
1,2015,10,2,18,-18,-79.618,-53.506,518.8,900.2,2015-10-02 18:00:00,2015-10-03 12:00:00,-1,276
1,2015,10,2,17,-19,-79.435,-52.296,509.6,900.8,2015-10-02 17:00:00,2015-10-03 12:00:00,-1,276
1,2015,10,2,16,-20,-79.226,-51.049,503.3,902.7,2015-10-02 16:00:00,2015-10-03 12:00:00,-1,276
1,2015,10,2,15,-21,-78.987,-49.767,499.8,904.8,2015-10-02 15:00:00,2015-10-03 12:00:00,-1,276
1,2015,10,2,14,-22,-78.72,-48.446,498.9,908.1,2015-10-02 14:00:00,2015-10-03 12:00:00,-1,276
1,2015,10,2,13,-23,-78.423,-47.079,499.5,911.4,2015-10-02 13:00:00,2015-10-03 12:00:00,-1,276
1,2015,10,2,12,-24,-78.095,-45.666,500.4,915.5,2015-10-02 12:00:00,2015-10-03 12:00:00,-1,276
1,2015,10,4,12,0,-80.3,-81.3,1500,742.2,2015-10-04 12:00:00,2015-10-04 12:00:00,24,277
1,2015,10,4,11,-1,-80.396,-80.229,1510,751.4,2015-10-04 11:00:00,2015-10-04 12:00:00,-1,277
1,2015,10,4,10,-2,-80.49,-79.204,1514.5,759.6,2015-10-04 10:00:00,2015-10-04 12:00:00,-1,277
1,2015,10,4,9,-3,-80.579,-78.218,1513.1,767.8,2015-10-04 09:00:00,2015-10-04 12:00:00,-1,277
1,2015,10,4,8,-4,-80.663,-77.26,1505.1,775.9,2015-10-04 08:00:00,2015-10-04 12:00:00,-1,277
1,2015,10,4,7,-5,-80.74,-76.322,1489.8,783.5,2015-10-04 07:00:00,2015-10-04 12:00:00,-1,277
1,2015,10,4,6,-6,-80.809,-75.396,1467.5,791.9,2015-10-04 06:00:00,2015-10-04 12:00:00,-1,277
1,2015,10,4,5,-7,-80.877,-74.442,1439.6,800.5,2015-10-04 05:00:00,2015-10-04 12:00:00,-1,277
1,2015,10,4,4,-8,-80.948,-73.424,1408.1,809,2015-10-04 04:00:00,2015-10-04 12:00:00,-1,277
1,2015,10,4,3,-9,-81.019,-72.341,1373.6,817.8,2015-10-04 03:00:00,2015-10-04 12:00:00,-1,277
1,2015,10,4,2,-10,-81.088,-71.192,1335.7,824.8,2015-10-04 02:00:00,2015-10-04 12:00:00,-1,277
1,2015,10,4,1,-11,-81.154,-69.979,1296.1,832.4,2015-10-04 01:00:00,2015-10-04 12:00:00,-1,277
1,2015,10,4,0,-12,-81.213,-68.701,1254.7,837.8,2015-10-04,2015-10-04 12:00:00,-1,277
1,2015,10,3,23,-13,-81.257,-67.361,1212.8,843.1,2015-10-03 23:00:00,2015-10-04 12:00:00,-1,277
1,2015,10,3,22,-14,-81.281,-65.965,1170.1,847.1,2015-10-03 22:00:00,2015-10-04 12:00:00,-1,277
1,2015,10,3,21,-15,-81.284,-64.513,1128.1,850.7,2015-10-03 21:00:00,2015-10-04 12:00:00,-1,277
1,2015,10,3,20,-16,-81.265,-63.006,1087.3,853,2015-10-03 20:00:00,2015-10-04 12:00:00,-1,277
1,2015,10,3,19,-17,-81.22,-61.453,1048.7,854.3,2015-10-03 19:00:00,2015-10-04 12:00:00,-1,277
1,2015,10,3,18,-18,-81.148,-59.865,1013.8,854.8,2015-10-03 18:00:00,2015-10-04 12:00:00,-1,277
1,2015,10,3,17,-19,-81.043,-58.282,981.3,854.3,2015-10-03 17:00:00,2015-10-04 12:00:00,-1,277
1,2015,10,3,16,-20,-80.897,-56.744,948.9,854.7,2015-10-03 16:00:00,2015-10-04 12:00:00,-1,277
1,2015,10,3,15,-21,-80.706,-55.268,915.9,856.1,2015-10-03 15:00:00,2015-10-04 12:00:00,-1,277
1,2015,10,3,14,-22,-80.467,-53.855,882.6,858.9,2015-10-03 14:00:00,2015-10-04 12:00:00,-1,277
1,2015,10,3,13,-23,-80.18,-52.497,848.6,863.2,2015-10-03 13:00:00,2015-10-04 12:00:00,-1,277
1,2015,10,3,12,-24,-79.845,-51.196,814.4,868.9,2015-10-03 12:00:00,2015-10-04 12:00:00,-1,277
1,2015,10,5,12,0,-80.3,-81.3,1500,738.8,2015-10-05 12:00:00,2015-10-05 12:00:00,24,278
1,2015,10,5,11,-1,-80.305,-80.476,1480.7,750.8,2015-10-05 11:00:00,2015-10-05 12:00:00,-1,278
1,2015,10,5,10,-2,-80.328,-79.753,1467.8,760.1,2015-10-05 10:00:00,2015-10-05 12:00:00,-1,278
1,2015,10,5,9,-3,-80.363,-79.133,1461.1,766.7,2015-10-05 09:00:00,2015-10-05 12:00:00,-1,278
1,2015,10,5,8,-4,-80.407,-78.616,1460.7,771.4,2015-10-05 08:00:00,2015-10-05 12:00:00,-1,278
1,2015,10,5,7,-5,-80.459,-78.21,1466.6,774.1,2015-10-05 07:00:00,2015-10-05 12:00:00,-1,278
1,2015,10,5,6,-6,-80.517,-77.922,1478.6,774.8,2015-10-05 06:00:00,2015-10-05 12:00:00,-1,278
1,2015,10,5,5,-7,-80.576,-77.718,1495,773.4,2015-10-05 05:00:00,2015-10-05 12:00:00,-1,278
1,2015,10,5,4,-8,-80.633,-77.558,1511.8,771.7,2015-10-05 04:00:00,2015-10-05 12:00:00,-1,278
1,2015,10,5,3,-9,-80.689,-77.434,1530.2,769.4,2015-10-05 03:00:00,2015-10-05 12:00:00,-1,278
1,2015,10,5,2,-10,-80.742,-77.34,1550.9,766.5,2015-10-05 02:00:00,2015-10-05 12:00:00,-1,278
1,2015,10,5,1,-11,-80.794,-77.27,1574.2,763.2,2015-10-05 01:00:00,2015-10-05 12:00:00,-1,278
1,2015,10,5,0,-12,-80.842,-77.218,1600.6,759.5,2015-10-05,2015-10-05 12:00:00,-1,278
1,2015,10,4,23,-13,-80.891,-77.167,1628.7,756.3,2015-10-04 23:00:00,2015-10-05 12:00:00,-1,278
1,2015,10,4,22,-14,-80.94,-77.103,1658,753.2,2015-10-04 22:00:00,2015-10-05 12:00:00,-1,278
1,2015,10,4,21,-15,-80.99,-77.029,1688.2,750.1,2015-10-04 21:00:00,2015-10-05 12:00:00,-1,278
1,2015,10,4,20,-16,-81.041,-76.946,1719.3,746.9,2015-10-04 20:00:00,2015-10-05 12:00:00,-1,278
1,2015,10,4,19,-17,-81.092,-76.855,1751.5,743.6,2015-10-04 19:00:00,2015-10-05 12:00:00,-1,278
1,2015,10,4,18,-18,-81.144,-76.758,1784.6,740.3,2015-10-04 18:00:00,2015-10-05 12:00:00,-1,278
1,2015,10,4,17,-19,-81.199,-76.593,1817.8,737.3,2015-10-04 17:00:00,2015-10-05 12:00:00,-1,278
1,2015,10,4,16,-20,-81.26,-76.299,1848.4,735.5,2015-10-04 16:00:00,2015-10-05 12:00:00,-1,278
1,2015,10,4,15,-21,-81.329,-75.875,1877.1,734.7,2015-10-04 15:00:00,2015-10-05 12:00:00,-1,278
1,2015,10,4,14,-22,-81.406,-75.32,1904.1,734.8,2015-10-04 14:00:00,2015-10-05 12:00:00,-1,278
1,2015,10,4,13,-23,-81.491,-74.63,1929.1,735.1,2015-10-04 13:00:00,2015-10-05 12:00:00,-1,278
1,2015,10,4,12,-24,-81.584,-73.805,1952.3,735.6,2015-10-04 12:00:00,2015-10-05 12:00:00,-1,278
1,2015,10,6,12,0,-80.3,-81.3,1500,732.4,2015-10-06 12:00:00,2015-10-06 12:00:00,24,279
1,2015,10,6,11,-1,-80.425,-78.913,1452.9,760.6,2015-10-06 11:00:00,2015-10-06 12:00:00,-1,279
1,2015,10,6,10,-2,-80.567,-76.661,1401.3,785.4,2015-10-06 10:00:00,2015-10-06 12:00:00,-1,279
1,2015,10,6,9,-3,-80.718,-74.487,1346,806.3,2015-10-06 09:00:00,2015-10-06 12:00:00,-1,279
1,2015,10,6,8,-4,-80.871,-72.334,1288.9,822.6,2015-10-06 08:00:00,2015-10-06 12:00:00,-1,279
1,2015,10,6,7,-5,-81.015,-70.165,1232.4,833.9,2015-10-06 07:00:00,2015-10-06 12:00:00,-1,279
1,2015,10,6,6,-6,-81.141,-67.963,1179.3,841.6,2015-10-06 06:00:00,2015-10-06 12:00:00,-1,279
1,2015,10,6,5,-7,-81.237,-65.677,1129.8,846.1,2015-10-06 05:00:00,2015-10-06 12:00:00,-1,279
1,2015,10,6,4,-8,-81.291,-63.257,1082.3,848.3,2015-10-06 04:00:00,2015-10-06 12:00:00,-1,279
1,2015,10,6,3,-9,-81.294,-60.742,1037.4,849,2015-10-06 03:00:00,2015-10-06 12:00:00,-1,279
1,2015,10,6,2,-10,-81.241,-58.185,994.5,848.6,2015-10-06 02:00:00,2015-10-06 12:00:00,-1,279
1,2015,10,6,1,-11,-81.127,-55.649,954.3,848.5,2015-10-06 01:00:00,2015-10-06 12:00:00,-1,279
1,2015,10,6,0,-12,-80.956,-53.193,917.9,849.5,2015-10-06,2015-10-06 12:00:00,-1,279
1,2015,10,5,23,-13,-80.745,-50.974,891.3,852.1,2015-10-05 23:00:00,2015-10-06 12:00:00,-1,279
1,2015,10,5,22,-14,-80.515,-49.087,878.5,856.1,2015-10-05 22:00:00,2015-10-06 12:00:00,-1,279
1,2015,10,5,21,-15,-80.276,-47.504,879.2,860.9,2015-10-05 21:00:00,2015-10-06 12:00:00,-1,279
1,2015,10,5,20,-16,-80.033,-46.192,891.8,866.7,2015-10-05 20:00:00,2015-10-06 12:00:00,-1,279
1,2015,10,5,19,-17,-79.789,-45.152,912.5,868,2015-10-05 19:00:00,2015-10-06 12:00:00,-1,279
1,2015,10,5,18,-18,-79.547,-44.397,939.7,867.6,2015-10-05 18:00:00,2015-10-06 12:00:00,-1,279
1,2015,10,5,17,-19,-79.303,-43.875,969.3,866.2,2015-10-05 17:00:00,2015-10-06 12:00:00,-1,279
1,2015,10,5,16,-20,-79.053,-43.527,996.7,865.3,2015-10-05 16:00:00,2015-10-06 12:00:00,-1,279
1,2015,10,5,15,-21,-78.799,-43.346,1022.5,864.2,2015-10-05 15:00:00,2015-10-06 12:00:00,-1,279
1,2015,10,5,14,-22,-78.545,-43.32,1046.8,863,2015-10-05 14:00:00,2015-10-06 12:00:00,-1,279
1,2015,10,5,13,-23,-78.295,-43.441,1069.7,861.6,2015-10-05 13:00:00,2015-10-06 12:00:00,-1,279
1,2015,10,5,12,-24,-78.051,-43.7,1091.6,859.9,2015-10-05 12:00:00,2015-10-06 12:00:00,-1,279
1,2015,10,7,12,0,-80.3,-81.3,1500,723.8,2015-10-07 12:00:00,2015-10-07 12:00:00,24,280
1,2015,10,7,11,-1,-80.219,-79.631,1443.7,748.8,2015-10-07 11:00:00,2015-10-07 12:00:00,-1,280
1,2015,10,7,10,-2,-80.184,-78.12,1387.7,771.7,2015-10-07 10:00:00,2015-10-07 12:00:00,-1,280
1,2015,10,7,9,-3,-80.186,-76.708,1332,791.1,2015-10-07 09:00:00,2015-10-07 12:00:00,-1,280
1,2015,10,7,8,-4,-80.219,-75.345,1277,808.1,2015-10-07 08:00:00,2015-10-07 12:00:00,-1,280
1,2015,10,7,7,-5,-80.275,-73.983,1222.6,821.7,2015-10-07 07:00:00,2015-10-07 12:00:00,-1,280
1,2015,10,7,6,-6,-80.347,-72.588,1170.3,834.3,2015-10-07 06:00:00,2015-10-07 12:00:00,-1,280
1,2015,10,7,5,-7,-80.425,-71.119,1115.3,843.8,2015-10-07 05:00:00,2015-10-07 12:00:00,-1,280
1,2015,10,7,4,-8,-80.499,-69.554,1054.4,853.6,2015-10-07 04:00:00,2015-10-07 12:00:00,-1,280
1,2015,10,7,3,-9,-80.566,-67.884,987.6,861.6,2015-10-07 03:00:00,2015-10-07 12:00:00,-1,280
1,2015,10,7,2,-10,-80.618,-66.096,915.1,868.1,2015-10-07 02:00:00,2015-10-07 12:00:00,-1,280
1,2015,10,7,1,-11,-80.648,-64.187,837.8,872.9,2015-10-07 01:00:00,2015-10-07 12:00:00,-1,280
1,2015,10,7,0,-12,-80.65,-62.163,756.5,876.9,2015-10-07,2015-10-07 12:00:00,-1,280
1,2015,10,6,23,-13,-80.618,-60.039,677.8,880.7,2015-10-06 23:00:00,2015-10-07 12:00:00,-1,280
1,2015,10,6,22,-14,-80.552,-57.839,609,882.5,2015-10-06 22:00:00,2015-10-07 12:00:00,-1,280
1,2015,10,6,21,-15,-80.451,-55.589,552.6,884.3,2015-10-06 21:00:00,2015-10-07 12:00:00,-1,280
1,2015,10,6,20,-16,-80.312,-53.311,511.1,886.7,2015-10-06 20:00:00,2015-10-07 12:00:00,-1,280
1,2015,10,6,19,-17,-80.134,-51.023,487.2,890.5,2015-10-06 19:00:00,2015-10-07 12:00:00,-1,280
1,2015,10,6,18,-18,-79.922,-48.738,482.8,895.5,2015-10-06 18:00:00,2015-10-07 12:00:00,-1,280
1,2015,10,6,17,-19,-79.67,-46.474,492.2,899.9,2015-10-06 17:00:00,2015-10-07 12:00:00,-1,280
1,2015,10,6,16,-20,-79.371,-44.241,509.6,904.6,2015-10-06 16:00:00,2015-10-07 12:00:00,-1,280
1,2015,10,6,15,-21,-79.031,-42.085,532.5,908.5,2015-10-06 15:00:00,2015-10-07 12:00:00,-1,280
1,2015,10,6,14,-22,-78.658,-40.056,559,912,2015-10-06 14:00:00,2015-10-07 12:00:00,-1,280
1,2015,10,6,13,-23,-78.265,-38.181,587.5,912.7,2015-10-06 13:00:00,2015-10-07 12:00:00,-1,280
1,2015,10,6,12,-24,-77.865,-36.47,618.4,911.7,2015-10-06 12:00:00,2015-10-07 12:00:00,-1,280
1,2015,10,8,12,0,-80.3,-81.3,1500,730.9,2015-10-08 12:00:00,2015-10-08 12:00:00,24,281
1,2015,10,8,11,-1,-80.198,-79.197,1427.3,761.8,2015-10-08 11:00:00,2015-10-08 12:00:00,-1,281
1,2015,10,8,10,-2,-80.138,-77.284,1354.3,789.9,2015-10-08 10:00:00,2015-10-08 12:00:00,-1,281
1,2015,10,8,9,-3,-80.103,-75.515,1280.2,813.1,2015-10-08 09:00:00,2015-10-08 12:00:00,-1,281
1,2015,10,8,8,-4,-80.078,-73.862,1206.9,832.6,2015-10-08 08:00:00,2015-10-08 12:00:00,-1,281
1,2015,10,8,7,-5,-80.052,-72.312,1135.9,849.8,2015-10-08 07:00:00,2015-10-08 12:00:00,-1,281
1,2015,10,8,6,-6,-80.017,-70.85,1067.1,862.3,2015-10-08 06:00:00,2015-10-08 12:00:00,-1,281
1,2015,10,8,5,-7,-79.977,-69.407,999.9,872.9,2015-10-08 05:00:00,2015-10-08 12:00:00,-1,281
1,2015,10,8,4,-8,-79.936,-67.908,932.1,881,2015-10-08 04:00:00,2015-10-08 12:00:00,-1,281
1,2015,10,8,3,-9,-79.891,-66.328,865.3,885.7,2015-10-08 03:00:00,2015-10-08 12:00:00,-1,281
1,2015,10,8,2,-10,-79.837,-64.65,801.1,888.9,2015-10-08 02:00:00,2015-10-08 12:00:00,-1,281
1,2015,10,8,1,-11,-79.77,-62.864,740.6,890.6,2015-10-08 01:00:00,2015-10-08 12:00:00,-1,281
1,2015,10,8,0,-12,-79.688,-60.969,685.1,890.6,2015-10-08,2015-10-08 12:00:00,-1,281
1,2015,10,7,23,-13,-79.591,-59.026,637.9,889.2,2015-10-07 23:00:00,2015-10-08 12:00:00,-1,281
1,2015,10,7,22,-14,-79.474,-57.1,601.7,887.1,2015-10-07 22:00:00,2015-10-08 12:00:00,-1,281
1,2015,10,7,21,-15,-79.336,-55.193,577.2,885.8,2015-10-07 21:00:00,2015-10-08 12:00:00,-1,281
1,2015,10,7,20,-16,-79.176,-53.299,565.1,885.4,2015-10-07 20:00:00,2015-10-08 12:00:00,-1,281
1,2015,10,7,19,-17,-78.993,-51.414,565,885.5,2015-10-07 19:00:00,2015-10-08 12:00:00,-1,281
1,2015,10,7,18,-18,-78.781,-49.532,575.9,886.1,2015-10-07 18:00:00,2015-10-08 12:00:00,-1,281
1,2015,10,7,17,-19,-78.523,-47.583,592.4,887.7,2015-10-07 17:00:00,2015-10-08 12:00:00,-1,281
1,2015,10,7,16,-20,-78.2,-45.511,610.3,891.1,2015-10-07 16:00:00,2015-10-08 12:00:00,-1,281
1,2015,10,7,15,-21,-77.811,-43.307,629.9,895.8,2015-10-07 15:00:00,2015-10-08 12:00:00,-1,281
1,2015,10,7,14,-22,-77.354,-40.942,651.2,900.7,2015-10-07 14:00:00,2015-10-08 12:00:00,-1,281
1,2015,10,7,13,-23,-76.846,-38.467,668.8,901.3,2015-10-07 13:00:00,2015-10-08 12:00:00,-1,281
1,2015,10,7,12,-24,-76.302,-35.935,680.4,900.3,2015-10-07 12:00:00,2015-10-08 12:00:00,-1,281
1,2015,10,9,12,0,-80.3,-81.3,1500,729.3,2015-10-09 12:00:00,2015-10-09 12:00:00,24,282
1,2015,10,9,11,-1,-80.337,-80.002,1474.4,746,2015-10-09 11:00:00,2015-10-09 12:00:00,-1,282
1,2015,10,9,10,-2,-80.377,-78.754,1445,761.4,2015-10-09 10:00:00,2015-10-09 12:00:00,-1,282
1,2015,10,9,9,-3,-80.414,-77.552,1412,776.5,2015-10-09 09:00:00,2015-10-09 12:00:00,-1,282
1,2015,10,9,8,-4,-80.447,-76.396,1373.8,790.4,2015-10-09 08:00:00,2015-10-09 12:00:00,-1,282
1,2015,10,9,7,-5,-80.471,-75.287,1330,804.7,2015-10-09 07:00:00,2015-10-09 12:00:00,-1,282
1,2015,10,9,6,-6,-80.485,-74.226,1278.8,817.4,2015-10-09 06:00:00,2015-10-09 12:00:00,-1,282
1,2015,10,9,5,-7,-80.495,-73.173,1221.7,829.9,2015-10-09 05:00:00,2015-10-09 12:00:00,-1,282
1,2015,10,9,4,-8,-80.508,-72.082,1159.7,842.4,2015-10-09 04:00:00,2015-10-09 12:00:00,-1,282
1,2015,10,9,3,-9,-80.523,-70.943,1094.1,854.1,2015-10-09 03:00:00,2015-10-09 12:00:00,-1,282
1,2015,10,9,2,-10,-80.537,-69.748,1026.9,865.6,2015-10-09 02:00:00,2015-10-09 12:00:00,-1,282
1,2015,10,9,1,-11,-80.551,-68.48,958.4,875,2015-10-09 01:00:00,2015-10-09 12:00:00,-1,282
1,2015,10,9,0,-12,-80.56,-67.117,890.5,883.3,2015-10-09,2015-10-09 12:00:00,-1,282
1,2015,10,8,23,-13,-80.555,-65.65,824.5,889,2015-10-08 23:00:00,2015-10-09 12:00:00,-1,282
1,2015,10,8,22,-14,-80.526,-64.082,761.3,893.2,2015-10-08 22:00:00,2015-10-09 12:00:00,-1,282
1,2015,10,8,21,-15,-80.469,-62.406,701.7,895.9,2015-10-08 21:00:00,2015-10-09 12:00:00,-1,282
1,2015,10,8,20,-16,-80.381,-60.613,646.6,897.7,2015-10-08 20:00:00,2015-10-09 12:00:00,-1,282
1,2015,10,8,19,-17,-80.255,-58.698,596.9,898.4,2015-10-08 19:00:00,2015-10-09 12:00:00,-1,282
1,2015,10,8,18,-18,-80.086,-56.67,553.8,898.1,2015-10-08 18:00:00,2015-10-09 12:00:00,-1,282
1,2015,10,8,17,-19,-79.888,-54.545,520.8,896.9,2015-10-08 17:00:00,2015-10-09 12:00:00,-1,282
1,2015,10,8,16,-20,-79.679,-52.318,501.6,897.8,2015-10-08 16:00:00,2015-10-09 12:00:00,-1,282
1,2015,10,8,15,-21,-79.456,-49.988,496.3,899.6,2015-10-08 15:00:00,2015-10-09 12:00:00,-1,282
1,2015,10,8,14,-22,-79.213,-47.559,504.8,902.5,2015-10-08 14:00:00,2015-10-09 12:00:00,-1,282
1,2015,10,8,13,-23,-78.94,-45.04,526.4,905.5,2015-10-08 13:00:00,2015-10-09 12:00:00,-1,282
1,2015,10,8,12,-24,-78.632,-42.45,558.9,908.6,2015-10-08 12:00:00,2015-10-09 12:00:00,-1,282
1,2015,10,10,12,0,-80.3,-81.3,1500,725.5,2015-10-10 12:00:00,2015-10-10 12:00:00,24,283
1,2015,10,10,11,-1,-80.36,-79.823,1497.3,740.5,2015-10-10 11:00:00,2015-10-10 12:00:00,-1,283
1,2015,10,10,10,-2,-80.441,-78.459,1486.9,754.2,2015-10-10 10:00:00,2015-10-10 12:00:00,-1,283
1,2015,10,10,9,-3,-80.535,-77.192,1470.4,766.4,2015-10-10 09:00:00,2015-10-10 12:00:00,-1,283
1,2015,10,10,8,-4,-80.634,-76.016,1448.3,776.3,2015-10-10 08:00:00,2015-10-10 12:00:00,-1,283
1,2015,10,10,7,-5,-80.737,-74.928,1422.5,785.7,2015-10-10 07:00:00,2015-10-10 12:00:00,-1,283
1,2015,10,10,6,-6,-80.841,-73.924,1393.3,793,2015-10-10 06:00:00,2015-10-10 12:00:00,-1,283
1,2015,10,10,5,-7,-80.942,-72.964,1360.8,800.2,2015-10-10 05:00:00,2015-10-10 12:00:00,-1,283
1,2015,10,10,4,-8,-81.038,-72.012,1323.4,807,2015-10-10 04:00:00,2015-10-10 12:00:00,-1,283
1,2015,10,10,3,-9,-81.126,-71.06,1282.2,813.4,2015-10-10 03:00:00,2015-10-10 12:00:00,-1,283
1,2015,10,10,2,-10,-81.206,-70.106,1238.4,820.2,2015-10-10 02:00:00,2015-10-10 12:00:00,-1,283
1,2015,10,10,1,-11,-81.278,-69.147,1192,825.4,2015-10-10 01:00:00,2015-10-10 12:00:00,-1,283
1,2015,10,10,0,-12,-81.341,-68.178,1144.5,830.8,2015-10-10,2015-10-10 12:00:00,-1,283
1,2015,10,9,23,-13,-81.397,-67.198,1097.4,836.5,2015-10-09 23:00:00,2015-10-10 12:00:00,-1,283
1,2015,10,9,22,-14,-81.444,-66.21,1051.8,841.6,2015-10-09 22:00:00,2015-10-10 12:00:00,-1,283
1,2015,10,9,21,-15,-81.485,-65.212,1008.5,846.8,2015-10-09 21:00:00,2015-10-10 12:00:00,-1,283
1,2015,10,9,20,-16,-81.52,-64.197,967.5,850.8,2015-10-09 20:00:00,2015-10-10 12:00:00,-1,283
1,2015,10,9,19,-17,-81.549,-63.157,929.4,854.2,2015-10-09 19:00:00,2015-10-10 12:00:00,-1,283
1,2015,10,9,18,-18,-81.571,-62.093,894.8,856.3,2015-10-09 18:00:00,2015-10-10 12:00:00,-1,283
1,2015,10,9,17,-19,-81.586,-60.959,865.5,857.2,2015-10-09 17:00:00,2015-10-10 12:00:00,-1,283
1,2015,10,9,16,-20,-81.592,-59.71,842.7,857.2,2015-10-09 16:00:00,2015-10-10 12:00:00,-1,283
1,2015,10,9,15,-21,-81.588,-58.349,826.4,856.2,2015-10-09 15:00:00,2015-10-10 12:00:00,-1,283
1,2015,10,9,14,-22,-81.57,-56.879,817.3,854,2015-10-09 14:00:00,2015-10-10 12:00:00,-1,283
1,2015,10,9,13,-23,-81.537,-55.302,815.9,850.8,2015-10-09 13:00:00,2015-10-10 12:00:00,-1,283
1,2015,10,9,12,-24,-81.485,-53.632,823,846.8,2015-10-09 12:00:00,2015-10-10 12:00:00,-1,283
1,2015,10,11,12,0,-80.3,-81.3,1500,729.8,2015-10-11 12:00:00,2015-10-11 12:00:00,24,284
1,2015,10,11,11,-1,-80.367,-80.064,1504.2,740.8,2015-10-11 11:00:00,2015-10-11 12:00:00,-1,284
1,2015,10,11,10,-2,-80.445,-78.812,1498.1,752.5,2015-10-11 10:00:00,2015-10-11 12:00:00,-1,284
1,2015,10,11,9,-3,-80.532,-77.525,1483.2,765.2,2015-10-11 09:00:00,2015-10-11 12:00:00,-1,284
1,2015,10,11,8,-4,-80.627,-76.181,1459,776.3,2015-10-11 08:00:00,2015-10-11 12:00:00,-1,284
1,2015,10,11,7,-5,-80.727,-74.756,1428.4,788.1,2015-10-11 07:00:00,2015-10-11 12:00:00,-1,284
1,2015,10,11,6,-6,-80.831,-73.222,1391.7,799.4,2015-10-11 06:00:00,2015-10-11 12:00:00,-1,284
1,2015,10,11,5,-7,-80.928,-71.629,1351.5,809.2,2015-10-11 05:00:00,2015-10-11 12:00:00,-1,284
1,2015,10,11,4,-8,-81.004,-70.044,1310.1,817.1,2015-10-11 04:00:00,2015-10-11 12:00:00,-1,284
1,2015,10,11,3,-9,-81.051,-68.469,1267.3,823.1,2015-10-11 03:00:00,2015-10-11 12:00:00,-1,284
1,2015,10,11,2,-10,-81.063,-66.912,1223.5,828.6,2015-10-11 02:00:00,2015-10-11 12:00:00,-1,284
1,2015,10,11,1,-11,-81.034,-65.374,1177.8,833,2015-10-11 01:00:00,2015-10-11 12:00:00,-1,284
1,2015,10,11,0,-12,-80.96,-63.863,1130.1,836.7,2015-10-11,2015-10-11 12:00:00,-1,284
1,2015,10,10,23,-13,-80.853,-62.361,1080.6,840.4,2015-10-10 23:00:00,2015-10-11 12:00:00,-1,284
1,2015,10,10,22,-14,-80.725,-60.853,1029.6,843.3,2015-10-10 22:00:00,2015-10-11 12:00:00,-1,284
1,2015,10,10,21,-15,-80.571,-59.358,978.4,846.4,2015-10-10 21:00:00,2015-10-11 12:00:00,-1,284
1,2015,10,10,20,-16,-80.387,-57.896,928,850,2015-10-10 20:00:00,2015-10-11 12:00:00,-1,284
1,2015,10,10,19,-17,-80.174,-56.499,880.6,852.9,2015-10-10 19:00:00,2015-10-11 12:00:00,-1,284
1,2015,10,10,18,-18,-79.933,-55.201,838.4,855.2,2015-10-10 18:00:00,2015-10-11 12:00:00,-1,284
1,2015,10,10,17,-19,-79.657,-53.996,799.5,858.6,2015-10-10 17:00:00,2015-10-11 12:00:00,-1,284
1,2015,10,10,16,-20,-79.34,-52.871,760.6,863.3,2015-10-10 16:00:00,2015-10-11 12:00:00,-1,284
1,2015,10,10,15,-21,-78.981,-51.834,722,869.1,2015-10-10 15:00:00,2015-10-11 12:00:00,-1,284
1,2015,10,10,14,-22,-78.584,-50.894,683.5,875.4,2015-10-10 14:00:00,2015-10-11 12:00:00,-1,284
1,2015,10,10,13,-23,-78.149,-50.064,644.3,882.2,2015-10-10 13:00:00,2015-10-11 12:00:00,-1,284
1,2015,10,10,12,-24,-77.678,-49.358,603.7,889.9,2015-10-10 12:00:00,2015-10-11 12:00:00,-1,284
1,2015,10,12,12,0,-80.3,-81.3,1500,733.5,2015-10-12 12:00:00,2015-10-12 12:00:00,24,285
1,2015,10,12,11,-1,-80.352,-81.015,1477.7,738.2,2015-10-12 11:00:00,2015-10-12 12:00:00,-1,285
1,2015,10,12,10,-2,-80.42,-80.614,1456.9,744,2015-10-12 10:00:00,2015-10-12 12:00:00,-1,285
1,2015,10,12,9,-3,-80.503,-80.098,1437.4,750.6,2015-10-12 09:00:00,2015-10-12 12:00:00,-1,285
1,2015,10,12,8,-4,-80.601,-79.463,1418.4,757.2,2015-10-12 08:00:00,2015-10-12 12:00:00,-1,285
1,2015,10,12,7,-5,-80.712,-78.709,1399.9,764.5,2015-10-12 07:00:00,2015-10-12 12:00:00,-1,285
1,2015,10,12,6,-6,-80.835,-77.833,1381.9,772.6,2015-10-12 06:00:00,2015-10-12 12:00:00,-1,285
1,2015,10,12,5,-7,-80.963,-76.911,1362.9,779.8,2015-10-12 05:00:00,2015-10-12 12:00:00,-1,285
1,2015,10,12,4,-8,-81.088,-76.013,1341.2,786.7,2015-10-12 04:00:00,2015-10-12 12:00:00,-1,285
1,2015,10,12,3,-9,-81.209,-75.132,1317.4,793.5,2015-10-12 03:00:00,2015-10-12 12:00:00,-1,285
1,2015,10,12,2,-10,-81.327,-74.26,1291.1,799,2015-10-12 02:00:00,2015-10-12 12:00:00,-1,285
1,2015,10,12,1,-11,-81.439,-73.391,1263,804.4,2015-10-12 01:00:00,2015-10-12 12:00:00,-1,285
1,2015,10,12,0,-12,-81.545,-72.522,1233.2,809.9,2015-10-12,2015-10-12 12:00:00,-1,285
1,2015,10,11,23,-13,-81.65,-71.626,1203.2,814.2,2015-10-11 23:00:00,2015-10-12 12:00:00,-1,285
1,2015,10,11,22,-14,-81.757,-70.673,1175.9,818.3,2015-10-11 22:00:00,2015-10-12 12:00:00,-1,285
1,2015,10,11,21,-15,-81.865,-69.662,1151.7,822,2015-10-11 21:00:00,2015-10-12 12:00:00,-1,285
1,2015,10,11,20,-16,-81.973,-68.585,1130.6,824.6,2015-10-11 20:00:00,2015-10-12 12:00:00,-1,285
1,2015,10,11,19,-17,-82.079,-67.435,1113.4,827.1,2015-10-11 19:00:00,2015-10-12 12:00:00,-1,285
1,2015,10,11,18,-18,-82.18,-66.2,1100.1,828.1,2015-10-11 18:00:00,2015-10-12 12:00:00,-1,285
1,2015,10,11,17,-19,-82.265,-64.918,1088.8,829.1,2015-10-11 17:00:00,2015-10-12 12:00:00,-1,285
1,2015,10,11,16,-20,-82.33,-63.631,1076.2,828.9,2015-10-11 16:00:00,2015-10-12 12:00:00,-1,285
1,2015,10,11,15,-21,-82.371,-62.345,1061.8,829.5,2015-10-11 15:00:00,2015-10-12 12:00:00,-1,285
1,2015,10,11,14,-22,-82.388,-61.072,1044.3,830,2015-10-11 14:00:00,2015-10-12 12:00:00,-1,285
1,2015,10,11,13,-23,-82.378,-59.817,1023.5,830.7,2015-10-11 13:00:00,2015-10-12 12:00:00,-1,285
1,2015,10,11,12,-24,-82.342,-58.579,998.4,831.2,2015-10-11 12:00:00,2015-10-12 12:00:00,-1,285
1,2015,10,13,12,0,-80.3,-81.3,1500,731.6,2015-10-13 12:00:00,2015-10-13 12:00:00,24,286
1,2015,10,13,11,-1,-80.351,-82.222,1548.3,715.6,2015-10-13 11:00:00,2015-10-13 12:00:00,-1,286
1,2015,10,13,10,-2,-80.391,-83.147,1589.7,700.8,2015-10-13 10:00:00,2015-10-13 12:00:00,-1,286
1,2015,10,13,9,-3,-80.421,-84.079,1625.1,686.9,2015-10-13 09:00:00,2015-10-13 12:00:00,-1,286
1,2015,10,13,8,-4,-80.441,-85.025,1655,673.6,2015-10-13 08:00:00,2015-10-13 12:00:00,-1,286
1,2015,10,13,7,-5,-80.447,-85.99,1679.1,660.7,2015-10-13 07:00:00,2015-10-13 12:00:00,-1,286
1,2015,10,13,6,-6,-80.439,-86.978,1697.4,648.3,2015-10-13 06:00:00,2015-10-13 12:00:00,-1,286
1,2015,10,13,5,-7,-80.421,-87.954,1710.5,637.3,2015-10-13 05:00:00,2015-10-13 12:00:00,-1,286
1,2015,10,13,4,-8,-80.402,-88.883,1718.2,628.2,2015-10-13 04:00:00,2015-10-13 12:00:00,-1,286
1,2015,10,13,3,-9,-80.384,-89.769,1720.8,620.1,2015-10-13 03:00:00,2015-10-13 12:00:00,-1,286
1,2015,10,13,2,-10,-80.368,-90.618,1719.6,613.9,2015-10-13 02:00:00,2015-10-13 12:00:00,-1,286
1,2015,10,13,1,-11,-80.357,-91.434,1714.9,608.7,2015-10-13 01:00:00,2015-10-13 12:00:00,-1,286
1,2015,10,13,0,-12,-80.351,-92.224,1707.3,603.7,2015-10-13,2015-10-13 12:00:00,-1,286
1,2015,10,12,23,-13,-80.339,-92.982,1701.8,600.2,2015-10-12 23:00:00,2015-10-13 12:00:00,-1,286
1,2015,10,12,22,-14,-80.31,-93.69,1699.8,597.1,2015-10-12 22:00:00,2015-10-13 12:00:00,-1,286
1,2015,10,12,21,-15,-80.264,-94.342,1701.6,594,2015-10-12 21:00:00,2015-10-13 12:00:00,-1,286
1,2015,10,12,20,-16,-80.204,-94.932,1706.9,590.8,2015-10-12 20:00:00,2015-10-13 12:00:00,-1,286
1,2015,10,12,19,-17,-80.13,-95.455,1716.3,588.5,2015-10-12 19:00:00,2015-10-13 12:00:00,-1,286
1,2015,10,12,18,-18,-80.044,-95.908,1729,586.2,2015-10-12 18:00:00,2015-10-13 12:00:00,-1,286
1,2015,10,12,17,-19,-79.954,-96.269,1741.4,584.6,2015-10-12 17:00:00,2015-10-13 12:00:00,-1,286
1,2015,10,12,16,-20,-79.87,-96.524,1750.8,584.8,2015-10-12 16:00:00,2015-10-13 12:00:00,-1,286
1,2015,10,12,15,-21,-79.792,-96.67,1756.6,585.5,2015-10-12 15:00:00,2015-10-13 12:00:00,-1,286
1,2015,10,12,14,-22,-79.722,-96.705,1759.1,586.7,2015-10-12 14:00:00,2015-10-13 12:00:00,-1,286
1,2015,10,12,13,-23,-79.661,-96.627,1758.7,588.1,2015-10-12 13:00:00,2015-10-13 12:00:00,-1,286
1,2015,10,12,12,-24,-79.608,-96.433,1755.4,589.8,2015-10-12 12:00:00,2015-10-13 12:00:00,-1,286
1,2015,10,14,12,0,-80.3,-81.3,1500,731.4,2015-10-14 12:00:00,2015-10-14 12:00:00,24,287
1,2015,10,14,11,-1,-80.302,-82.24,1564.2,714.5,2015-10-14 11:00:00,2015-10-14 12:00:00,-1,287
1,2015,10,14,10,-2,-80.281,-83.116,1622.7,699.4,2015-10-14 10:00:00,2015-10-14 12:00:00,-1,287
1,2015,10,14,9,-3,-80.242,-83.934,1673.8,686,2015-10-14 09:00:00,2015-10-14 12:00:00,-1,287
1,2015,10,14,8,-4,-80.188,-84.694,1716.9,674.2,2015-10-14 08:00:00,2015-10-14 12:00:00,-1,287
1,2015,10,14,7,-5,-80.123,-85.388,1751.8,664,2015-10-14 07:00:00,2015-10-14 12:00:00,-1,287
1,2015,10,14,6,-6,-80.05,-86.007,1779,655.4,2015-10-14 06:00:00,2015-10-14 12:00:00,-1,287
1,2015,10,14,5,-7,-79.97,-86.587,1801.2,647.7,2015-10-14 05:00:00,2015-10-14 12:00:00,-1,287
1,2015,10,14,4,-8,-79.877,-87.175,1819.6,640.1,2015-10-14 04:00:00,2015-10-14 12:00:00,-1,287
1,2015,10,14,3,-9,-79.772,-87.784,1834.4,633.2,2015-10-14 03:00:00,2015-10-14 12:00:00,-1,287
1,2015,10,14,2,-10,-79.655,-88.424,1845.9,627.2,2015-10-14 02:00:00,2015-10-14 12:00:00,-1,287
1,2015,10,14,1,-11,-79.527,-89.103,1853.7,621.4,2015-10-14 01:00:00,2015-10-14 12:00:00,-1,287
1,2015,10,14,0,-12,-79.388,-89.83,1857.9,615.8,2015-10-14,2015-10-14 12:00:00,-1,287
1,2015,10,13,23,-13,-79.235,-90.564,1859.5,612.2,2015-10-13 23:00:00,2015-10-14 12:00:00,-1,287
1,2015,10,13,22,-14,-79.064,-91.26,1858.2,610.1,2015-10-13 22:00:00,2015-10-14 12:00:00,-1,287
1,2015,10,13,21,-15,-78.878,-91.919,1854.2,609,2015-10-13 21:00:00,2015-10-14 12:00:00,-1,287
1,2015,10,13,20,-16,-78.676,-92.542,1848.4,609,2015-10-13 20:00:00,2015-10-14 12:00:00,-1,287
1,2015,10,13,19,-17,-78.462,-93.131,1842.8,611.1,2015-10-13 19:00:00,2015-10-14 12:00:00,-1,287
1,2015,10,13,18,-18,-78.235,-93.692,1836.8,614,2015-10-13 18:00:00,2015-10-14 12:00:00,-1,287
1,2015,10,13,17,-19,-78.012,-94.204,1832.3,617.3,2015-10-13 17:00:00,2015-10-14 12:00:00,-1,287
1,2015,10,13,16,-20,-77.809,-94.644,1830.8,620.3,2015-10-13 16:00:00,2015-10-14 12:00:00,-1,287
1,2015,10,13,15,-21,-77.627,-95.011,1831,623.1,2015-10-13 15:00:00,2015-10-14 12:00:00,-1,287
1,2015,10,13,14,-22,-77.465,-95.306,1832.8,626.4,2015-10-13 14:00:00,2015-10-14 12:00:00,-1,287
1,2015,10,13,13,-23,-77.324,-95.539,1835.5,630.5,2015-10-13 13:00:00,2015-10-14 12:00:00,-1,287
1,2015,10,13,12,-24,-77.204,-95.716,1837.8,634,2015-10-13 12:00:00,2015-10-14 12:00:00,-1,287
1,2015,10,15,12,0,-80.3,-81.3,1500,735.1,2015-10-15 12:00:00,2015-10-15 12:00:00,24,288
1,2015,10,15,11,-1,-80.154,-81.626,1468.3,737,2015-10-15 11:00:00,2015-10-15 12:00:00,-1,288
1,2015,10,15,10,-2,-79.996,-81.902,1440.8,738.8,2015-10-15 10:00:00,2015-10-15 12:00:00,-1,288
1,2015,10,15,9,-3,-79.827,-82.119,1415.9,739,2015-10-15 09:00:00,2015-10-15 12:00:00,-1,288
1,2015,10,15,8,-4,-79.644,-82.266,1394.3,739.8,2015-10-15 08:00:00,2015-10-15 12:00:00,-1,288
1,2015,10,15,7,-5,-79.448,-82.342,1375.6,741.2,2015-10-15 07:00:00,2015-10-15 12:00:00,-1,288
1,2015,10,15,6,-6,-79.242,-82.344,1359.6,743.2,2015-10-15 06:00:00,2015-10-15 12:00:00,-1,288
1,2015,10,15,5,-7,-79.027,-82.301,1342.3,745.4,2015-10-15 05:00:00,2015-10-15 12:00:00,-1,288
1,2015,10,15,4,-8,-78.807,-82.235,1318.7,748.9,2015-10-15 04:00:00,2015-10-15 12:00:00,-1,288
1,2015,10,15,3,-9,-78.58,-82.136,1288.1,753.7,2015-10-15 03:00:00,2015-10-15 12:00:00,-1,288
1,2015,10,15,2,-10,-78.344,-81.991,1250.2,759.7,2015-10-15 02:00:00,2015-10-15 12:00:00,-1,288
1,2015,10,15,1,-11,-78.097,-81.79,1204.3,766.9,2015-10-15 01:00:00,2015-10-15 12:00:00,-1,288
1,2015,10,15,0,-12,-77.84,-81.52,1150.4,775.7,2015-10-15,2015-10-15 12:00:00,-1,288
1,2015,10,14,23,-13,-77.574,-81.168,1095.1,785.7,2015-10-14 23:00:00,2015-10-15 12:00:00,-1,288
1,2015,10,14,22,-14,-77.298,-80.761,1047.7,793.9,2015-10-14 22:00:00,2015-10-15 12:00:00,-1,288
1,2015,10,14,21,-15,-77.005,-80.342,1007.3,800.5,2015-10-14 21:00:00,2015-10-15 12:00:00,-1,288
1,2015,10,14,20,-16,-76.686,-79.919,972.3,805.7,2015-10-14 20:00:00,2015-10-15 12:00:00,-1,288
1,2015,10,14,19,-17,-76.331,-79.487,940.9,809.3,2015-10-14 19:00:00,2015-10-15 12:00:00,-1,288
1,2015,10,14,18,-18,-75.93,-79.04,911.4,811.7,2015-10-14 18:00:00,2015-10-15 12:00:00,-1,288
1,2015,10,14,17,-19,-75.489,-78.613,880.4,812.4,2015-10-14 17:00:00,2015-10-15 12:00:00,-1,288
1,2015,10,14,16,-20,-75.019,-78.233,844.4,812.4,2015-10-14 16:00:00,2015-10-15 12:00:00,-1,288
1,2015,10,14,15,-21,-74.529,-77.881,809.5,829.3,2015-10-14 15:00:00,2015-10-15 12:00:00,-1,288
1,2015,10,14,14,-22,-74.034,-77.529,772.1,846.9,2015-10-14 14:00:00,2015-10-15 12:00:00,-1,288
1,2015,10,14,13,-23,-73.532,-77.141,732,863.1,2015-10-14 13:00:00,2015-10-15 12:00:00,-1,288
1,2015,10,14,12,-24,-73.026,-76.693,690.2,878.2,2015-10-14 12:00:00,2015-10-15 12:00:00,-1,288
1,2015,10,16,12,0,-80.3,-81.3,1500,735.1,2015-10-16 12:00:00,2015-10-16 12:00:00,24,289
1,2015,10,16,11,-1,-80.469,-81.289,1499.4,732.5,2015-10-16 11:00:00,2015-10-16 12:00:00,-1,289
1,2015,10,16,10,-2,-80.606,-81.365,1500.2,729.1,2015-10-16 10:00:00,2015-10-16 12:00:00,-1,289
1,2015,10,16,9,-3,-80.709,-81.525,1502,725.2,2015-10-16 09:00:00,2015-10-16 12:00:00,-1,289
1,2015,10,16,8,-4,-80.776,-81.763,1505.1,720.8,2015-10-16 08:00:00,2015-10-16 12:00:00,-1,289
1,2015,10,16,7,-5,-80.807,-82.07,1509.5,716.2,2015-10-16 07:00:00,2015-10-16 12:00:00,-1,289
1,2015,10,16,6,-6,-80.799,-82.432,1515.4,711.2,2015-10-16 06:00:00,2015-10-16 12:00:00,-1,289
1,2015,10,16,5,-7,-80.773,-82.78,1521.8,707.4,2015-10-16 05:00:00,2015-10-16 12:00:00,-1,289
1,2015,10,16,4,-8,-80.748,-83.067,1525.3,704.7,2015-10-16 04:00:00,2015-10-16 12:00:00,-1,289
1,2015,10,16,3,-9,-80.728,-83.301,1525.9,702.8,2015-10-16 03:00:00,2015-10-16 12:00:00,-1,289
1,2015,10,16,2,-10,-80.712,-83.487,1523.3,701.6,2015-10-16 02:00:00,2015-10-16 12:00:00,-1,289
1,2015,10,16,1,-11,-80.702,-83.632,1517.3,701.1,2015-10-16 01:00:00,2015-10-16 12:00:00,-1,289
1,2015,10,16,0,-12,-80.698,-83.741,1507.9,701.2,2015-10-16,2015-10-16 12:00:00,-1,289
1,2015,10,15,23,-13,-80.687,-83.838,1494.8,701.5,2015-10-15 23:00:00,2015-10-16 12:00:00,-1,289
1,2015,10,15,22,-14,-80.652,-83.941,1475.4,702.5,2015-10-15 22:00:00,2015-10-16 12:00:00,-1,289
1,2015,10,15,21,-15,-80.596,-84.04,1450.2,704.3,2015-10-15 21:00:00,2015-10-16 12:00:00,-1,289
1,2015,10,15,20,-16,-80.52,-84.123,1419.1,707.2,2015-10-15 20:00:00,2015-10-16 12:00:00,-1,289
1,2015,10,15,19,-17,-80.425,-84.181,1381.8,711.2,2015-10-15 19:00:00,2015-10-16 12:00:00,-1,289
1,2015,10,15,18,-18,-80.315,-84.202,1338.1,716.5,2015-10-15 18:00:00,2015-10-16 12:00:00,-1,289
1,2015,10,15,17,-19,-80.195,-84.199,1291.3,723.2,2015-10-15 17:00:00,2015-10-16 12:00:00,-1,289
1,2015,10,15,16,-20,-80.069,-84.194,1244.8,729.7,2015-10-15 16:00:00,2015-10-16 12:00:00,-1,289
1,2015,10,15,15,-21,-79.936,-84.187,1198.5,735.4,2015-10-15 15:00:00,2015-10-16 12:00:00,-1,289
1,2015,10,15,14,-22,-79.795,-84.178,1152.5,740.5,2015-10-15 14:00:00,2015-10-16 12:00:00,-1,289
1,2015,10,15,13,-23,-79.645,-84.166,1107.1,745.6,2015-10-15 13:00:00,2015-10-16 12:00:00,-1,289
1,2015,10,15,12,-24,-79.486,-84.147,1061.8,750.9,2015-10-15 12:00:00,2015-10-16 12:00:00,-1,289
1,2015,10,17,12,0,-80.3,-81.3,1500,732.2,2015-10-17 12:00:00,2015-10-17 12:00:00,24,290
1,2015,10,17,11,-1,-80.53,-82.442,1519.5,714.8,2015-10-17 11:00:00,2015-10-17 12:00:00,-1,290
1,2015,10,17,10,-2,-80.739,-83.65,1540.6,697.2,2015-10-17 10:00:00,2015-10-17 12:00:00,-1,290
1,2015,10,17,9,-3,-80.925,-84.922,1564.5,679.6,2015-10-17 09:00:00,2015-10-17 12:00:00,-1,290
1,2015,10,17,8,-4,-81.087,-86.254,1590.9,662,2015-10-17 08:00:00,2015-10-17 12:00:00,-1,290
1,2015,10,17,7,-5,-81.221,-87.639,1620.4,644.5,2015-10-17 07:00:00,2015-10-17 12:00:00,-1,290
1,2015,10,17,6,-6,-81.325,-89.062,1654,629,2015-10-17 06:00:00,2015-10-17 12:00:00,-1,290
1,2015,10,17,5,-7,-81.41,-90.472,1687.5,615.1,2015-10-17 05:00:00,2015-10-17 12:00:00,-1,290
1,2015,10,17,4,-8,-81.486,-91.824,1719.1,603.6,2015-10-17 04:00:00,2015-10-17 12:00:00,-1,290
1,2015,10,17,3,-9,-81.553,-93.115,1750.2,593.9,2015-10-17 03:00:00,2015-10-17 12:00:00,-1,290
1,2015,10,17,2,-10,-81.611,-94.337,1781.9,586,2015-10-17 02:00:00,2015-10-17 12:00:00,-1,290
1,2015,10,17,1,-11,-81.662,-95.48,1814.5,579.3,2015-10-17 01:00:00,2015-10-17 12:00:00,-1,290
1,2015,10,17,0,-12,-81.705,-96.538,1848.9,573.8,2015-10-17,2015-10-17 12:00:00,-1,290
1,2015,10,16,23,-13,-81.727,-97.542,1883.4,568.5,2015-10-16 23:00:00,2015-10-17 12:00:00,-1,290
1,2015,10,16,22,-14,-81.714,-98.508,1919.5,564.6,2015-10-16 22:00:00,2015-10-17 12:00:00,-1,290
1,2015,10,16,21,-15,-81.667,-99.414,1955.5,560.8,2015-10-16 21:00:00,2015-10-17 12:00:00,-1,290
1,2015,10,16,20,-16,-81.588,-100.243,1992.3,557.6,2015-10-16 20:00:00,2015-10-17 12:00:00,-1,290
1,2015,10,16,19,-17,-81.476,-100.98,2030.5,555.3,2015-10-16 19:00:00,2015-10-17 12:00:00,-1,290
1,2015,10,16,18,-18,-81.335,-101.616,2068.9,552.9,2015-10-16 18:00:00,2015-10-17 12:00:00,-1,290
1,2015,10,16,17,-19,-81.175,-102.156,2104.5,550.6,2015-10-16 17:00:00,2015-10-17 12:00:00,-1,290
1,2015,10,16,16,-20,-81.012,-102.62,2133,549.2,2015-10-16 16:00:00,2015-10-17 12:00:00,-1,290
1,2015,10,16,15,-21,-80.846,-103.014,2155,548.7,2015-10-16 15:00:00,2015-10-17 12:00:00,-1,290
1,2015,10,16,14,-22,-80.677,-103.344,2170.1,548.7,2015-10-16 14:00:00,2015-10-17 12:00:00,-1,290
1,2015,10,16,13,-23,-80.508,-103.614,2178.2,549.2,2015-10-16 13:00:00,2015-10-17 12:00:00,-1,290
1,2015,10,16,12,-24,-80.337,-103.824,2179.8,550.1,2015-10-16 12:00:00,2015-10-17 12:00:00,-1,290
1,2015,10,18,12,0,-80.3,-81.3,1500,738.1,2015-10-18 12:00:00,2015-10-18 12:00:00,24,291
1,2015,10,18,11,-1,-80.766,-82.266,1526.3,719.4,2015-10-18 11:00:00,2015-10-18 12:00:00,-1,291
1,2015,10,18,10,-2,-81.228,-83.358,1554.5,699.4,2015-10-18 10:00:00,2015-10-18 12:00:00,-1,291
1,2015,10,18,9,-3,-81.681,-84.61,1582.9,679.2,2015-10-18 09:00:00,2015-10-18 12:00:00,-1,291
1,2015,10,18,8,-4,-82.115,-86.069,1609.6,659.4,2015-10-18 08:00:00,2015-10-18 12:00:00,-1,291
1,2015,10,18,7,-5,-82.518,-87.803,1633.5,640.1,2015-10-18 07:00:00,2015-10-18 12:00:00,-1,291
1,2015,10,18,6,-6,-82.869,-89.89,1656.5,624.9,2015-10-18 06:00:00,2015-10-18 12:00:00,-1,291
1,2015,10,18,5,-7,-83.153,-92.356,1674.2,610.9,2015-10-18 05:00:00,2015-10-18 12:00:00,-1,291
1,2015,10,18,4,-8,-83.366,-95.142,1687.8,600.8,2015-10-18 04:00:00,2015-10-18 12:00:00,-1,291
1,2015,10,18,3,-9,-83.511,-98.153,1696.3,595.1,2015-10-18 03:00:00,2015-10-18 12:00:00,-1,291
1,2015,10,18,2,-10,-83.588,-101.271,1701.2,593.1,2015-10-18 02:00:00,2015-10-18 12:00:00,-1,291
1,2015,10,18,1,-11,-83.601,-104.411,1703.2,594.9,2015-10-18 01:00:00,2015-10-18 12:00:00,-1,291
1,2015,10,18,0,-12,-83.557,-107.49,1703.6,600.2,2015-10-18,2015-10-18 12:00:00,-1,291
1,2015,10,17,23,-13,-83.453,-110.489,1700.5,609.4,2015-10-17 23:00:00,2015-10-18 12:00:00,-1,291
1,2015,10,17,22,-14,-83.28,-113.386,1690.7,623.4,2015-10-17 22:00:00,2015-10-18 12:00:00,-1,291
1,2015,10,17,21,-15,-83.039,-116.194,1676.7,640.9,2015-10-17 21:00:00,2015-10-18 12:00:00,-1,291
1,2015,10,17,20,-16,-82.73,-118.912,1662,662.7,2015-10-17 20:00:00,2015-10-18 12:00:00,-1,291
1,2015,10,17,19,-17,-82.347,-121.548,1644.9,683.7,2015-10-17 19:00:00,2015-10-18 12:00:00,-1,291
1,2015,10,17,18,-18,-81.889,-123.948,1618,693.4,2015-10-17 18:00:00,2015-10-18 12:00:00,-1,291
1,2015,10,17,17,-19,-81.36,-126.073,1590.2,696.5,2015-10-17 17:00:00,2015-10-18 12:00:00,-1,291
1,2015,10,17,16,-20,-80.765,-127.97,1564.1,693.7,2015-10-17 16:00:00,2015-10-18 12:00:00,-1,291
1,2015,10,17,15,-21,-80.092,-129.782,1532.8,686.5,2015-10-17 15:00:00,2015-10-18 12:00:00,-1,291
1,2015,10,17,14,-22,-79.351,-131.45,1488,677,2015-10-17 14:00:00,2015-10-18 12:00:00,-1,291
1,2015,10,17,13,-23,-78.567,-132.855,1427.2,669.4,2015-10-17 13:00:00,2015-10-18 12:00:00,-1,291
1,2015,10,17,12,-24,-77.741,-134.069,1348.5,665.6,2015-10-17 12:00:00,2015-10-18 12:00:00,-1,291
1,2015,10,19,12,0,-80.3,-81.3,1500,736.4,2015-10-19 12:00:00,2015-10-19 12:00:00,24,292
1,2015,10,19,11,-1,-80.668,-82.176,1557.8,716.8,2015-10-19 11:00:00,2015-10-19 12:00:00,-1,292
1,2015,10,19,10,-2,-81.067,-83.157,1612.1,696.8,2015-10-19 10:00:00,2015-10-19 12:00:00,-1,292
1,2015,10,19,9,-3,-81.495,-84.312,1660.9,676.2,2015-10-19 09:00:00,2015-10-19 12:00:00,-1,292
1,2015,10,19,8,-4,-81.945,-85.726,1703.8,655.1,2015-10-19 08:00:00,2015-10-19 12:00:00,-1,292
1,2015,10,19,7,-5,-82.404,-87.49,1741.4,634.2,2015-10-19 07:00:00,2015-10-19 12:00:00,-1,292
1,2015,10,19,6,-6,-82.848,-89.691,1773.8,616.1,2015-10-19 06:00:00,2015-10-19 12:00:00,-1,292
1,2015,10,19,5,-7,-83.232,-92.406,1801.2,602.1,2015-10-19 05:00:00,2015-10-19 12:00:00,-1,292
1,2015,10,19,4,-8,-83.529,-95.664,1819.5,591.6,2015-10-19 04:00:00,2015-10-19 12:00:00,-1,292
1,2015,10,19,3,-9,-83.729,-99.399,1827.2,587,2015-10-19 03:00:00,2015-10-19 12:00:00,-1,292
1,2015,10,19,2,-10,-83.823,-103.431,1823.1,587.9,2015-10-19 02:00:00,2015-10-19 12:00:00,-1,292
1,2015,10,19,1,-11,-83.809,-107.553,1808.7,595.3,2015-10-19 01:00:00,2015-10-19 12:00:00,-1,292
1,2015,10,19,0,-12,-83.69,-111.509,1787.9,609.7,2015-10-19,2015-10-19 12:00:00,-1,292
1,2015,10,18,23,-13,-83.48,-115.13,1762.8,628.8,2015-10-18 23:00:00,2015-10-19 12:00:00,-1,292
1,2015,10,18,22,-14,-83.192,-118.368,1738.5,652.2,2015-10-18 22:00:00,2015-10-19 12:00:00,-1,292
1,2015,10,18,21,-15,-82.832,-121.222,1715.3,677.7,2015-10-18 21:00:00,2015-10-19 12:00:00,-1,292
1,2015,10,18,20,-16,-82.405,-123.741,1692.2,700.7,2015-10-18 20:00:00,2015-10-19 12:00:00,-1,292
1,2015,10,18,19,-17,-81.914,-125.889,1660.6,707.7,2015-10-18 19:00:00,2015-10-19 12:00:00,-1,292
1,2015,10,18,18,-18,-81.361,-127.714,1625.8,708.3,2015-10-18 18:00:00,2015-10-19 12:00:00,-1,292
1,2015,10,18,17,-19,-80.752,-129.351,1586.9,704,2015-10-18 17:00:00,2015-10-19 12:00:00,-1,292
1,2015,10,18,16,-20,-80.09,-130.926,1546,696.5,2015-10-18 16:00:00,2015-10-19 12:00:00,-1,292
1,2015,10,18,15,-21,-79.382,-132.387,1502.9,687.7,2015-10-18 15:00:00,2015-10-19 12:00:00,-1,292
1,2015,10,18,14,-22,-78.646,-133.639,1457.4,680.6,2015-10-18 14:00:00,2015-10-19 12:00:00,-1,292
1,2015,10,18,13,-23,-77.885,-134.689,1407.8,674.5,2015-10-18 13:00:00,2015-10-19 12:00:00,-1,292
1,2015,10,18,12,-24,-77.112,-135.507,1364.4,690.2,2015-10-18 12:00:00,2015-10-19 12:00:00,-1,292
1,2015,10,20,12,0,-80.3,-81.3,1500,735.8,2015-10-20 12:00:00,2015-10-20 12:00:00,24,293
1,2015,10,20,11,-1,-80.831,-81.299,1551.7,723.2,2015-10-20 11:00:00,2015-10-20 12:00:00,-1,293
1,2015,10,20,10,-2,-81.344,-81.361,1601,710.6,2015-10-20 10:00:00,2015-10-20 12:00:00,-1,293
1,2015,10,20,9,-3,-81.845,-81.48,1647.7,698,2015-10-20 09:00:00,2015-10-20 12:00:00,-1,293
1,2015,10,20,8,-4,-82.337,-81.669,1691.7,685.2,2015-10-20 08:00:00,2015-10-20 12:00:00,-1,293
1,2015,10,20,7,-5,-82.814,-81.962,1731.9,672.6,2015-10-20 07:00:00,2015-10-20 12:00:00,-1,293
1,2015,10,20,6,-6,-83.267,-82.406,1766.5,660.6,2015-10-20 06:00:00,2015-10-20 12:00:00,-1,293
1,2015,10,20,5,-7,-83.687,-83.017,1792.4,649.7,2015-10-20 05:00:00,2015-10-20 12:00:00,-1,293
1,2015,10,20,4,-8,-84.068,-83.806,1810.6,640.4,2015-10-20 04:00:00,2015-10-20 12:00:00,-1,293
1,2015,10,20,3,-9,-84.41,-84.828,1821.9,632.4,2015-10-20 03:00:00,2015-10-20 12:00:00,-1,293
1,2015,10,20,2,-10,-84.713,-86.133,1826.9,625.3,2015-10-20 02:00:00,2015-10-20 12:00:00,-1,293
1,2015,10,20,1,-11,-84.975,-87.781,1826.4,619.4,2015-10-20 01:00:00,2015-10-20 12:00:00,-1,293
1,2015,10,20,0,-12,-85.193,-89.756,1818.7,611.8,2015-10-20,2015-10-20 12:00:00,-1,293
1,2015,10,19,23,-13,-85.375,-92.049,1804.6,604.3,2015-10-19 23:00:00,2015-10-20 12:00:00,-1,293
1,2015,10,19,22,-14,-85.53,-94.662,1783.4,598.8,2015-10-19 22:00:00,2015-10-20 12:00:00,-1,293
1,2015,10,19,21,-15,-85.659,-97.591,1754.4,594.5,2015-10-19 21:00:00,2015-10-20 12:00:00,-1,293
1,2015,10,19,20,-16,-85.756,-100.784,1720.6,594.1,2015-10-19 20:00:00,2015-10-20 12:00:00,-1,293
1,2015,10,19,19,-17,-85.824,-104.164,1681.4,595.3,2015-10-19 19:00:00,2015-10-20 12:00:00,-1,293
1,2015,10,19,18,-18,-85.862,-107.673,1639.2,599.2,2015-10-19 18:00:00,2015-10-20 12:00:00,-1,293
1,2015,10,19,17,-19,-85.857,-111.175,1596.2,606.1,2015-10-19 17:00:00,2015-10-20 12:00:00,-1,293
1,2015,10,19,16,-20,-85.799,-114.516,1552.8,615.6,2015-10-19 16:00:00,2015-10-20 12:00:00,-1,293
1,2015,10,19,15,-21,-85.691,-117.598,1508,627.2,2015-10-19 15:00:00,2015-10-20 12:00:00,-1,293
1,2015,10,19,14,-22,-85.539,-120.348,1463,641.9,2015-10-19 14:00:00,2015-10-20 12:00:00,-1,293
1,2015,10,19,13,-23,-85.352,-122.731,1416.8,658.2,2015-10-19 13:00:00,2015-10-20 12:00:00,-1,293
1,2015,10,19,12,-24,-85.136,-124.742,1370.3,676.5,2015-10-19 12:00:00,2015-10-20 12:00:00,-1,293
1,2015,10,21,12,0,-80.3,-81.3,1500,726.5,2015-10-21 12:00:00,2015-10-21 12:00:00,24,294
1,2015,10,21,11,-1,-80.676,-81.986,1538.6,710.6,2015-10-21 11:00:00,2015-10-21 12:00:00,-1,294
1,2015,10,21,10,-2,-81.054,-82.648,1571.5,696.2,2015-10-21 10:00:00,2015-10-21 12:00:00,-1,294
1,2015,10,21,9,-3,-81.431,-83.334,1598.6,682.6,2015-10-21 09:00:00,2015-10-21 12:00:00,-1,294
1,2015,10,21,8,-4,-81.804,-84.095,1620.5,669.4,2015-10-21 08:00:00,2015-10-21 12:00:00,-1,294
1,2015,10,21,7,-5,-82.173,-84.993,1637.2,656.1,2015-10-21 07:00:00,2015-10-21 12:00:00,-1,294
1,2015,10,21,6,-6,-82.538,-86.078,1650,643.5,2015-10-21 06:00:00,2015-10-21 12:00:00,-1,294
1,2015,10,21,5,-7,-82.89,-87.195,1659.9,634.1,2015-10-21 05:00:00,2015-10-21 12:00:00,-1,294
1,2015,10,21,4,-8,-83.218,-88.169,1667,627.5,2015-10-21 04:00:00,2015-10-21 12:00:00,-1,294
1,2015,10,21,3,-9,-83.524,-89.058,1670.9,623,2015-10-21 03:00:00,2015-10-21 12:00:00,-1,294
1,2015,10,21,2,-10,-83.807,-89.921,1671.9,619.7,2015-10-21 02:00:00,2015-10-21 12:00:00,-1,294
1,2015,10,21,1,-11,-84.069,-90.817,1671.8,617.8,2015-10-21 01:00:00,2015-10-21 12:00:00,-1,294
1,2015,10,21,0,-12,-84.311,-91.805,1670.9,616.4,2015-10-21,2015-10-21 12:00:00,-1,294
1,2015,10,20,23,-13,-84.533,-92.875,1668.6,615.1,2015-10-20 23:00:00,2015-10-21 12:00:00,-1,294
1,2015,10,20,22,-14,-84.736,-93.986,1663.5,614.4,2015-10-20 22:00:00,2015-10-21 12:00:00,-1,294
1,2015,10,20,21,-15,-84.921,-95.164,1655,613.9,2015-10-20 21:00:00,2015-10-21 12:00:00,-1,294
1,2015,10,20,20,-16,-85.087,-96.37,1642.1,612.8,2015-10-20 20:00:00,2015-10-21 12:00:00,-1,294
1,2015,10,20,19,-17,-85.234,-97.523,1624.1,611,2015-10-20 19:00:00,2015-10-21 12:00:00,-1,294
1,2015,10,20,18,-18,-85.365,-98.589,1602.8,610.9,2015-10-20 18:00:00,2015-10-21 12:00:00,-1,294
1,2015,10,20,17,-19,-85.488,-99.663,1580.5,611,2015-10-20 17:00:00,2015-10-21 12:00:00,-1,294
1,2015,10,20,16,-20,-85.611,-100.863,1561.8,610.5,2015-10-20 16:00:00,2015-10-21 12:00:00,-1,294
1,2015,10,20,15,-21,-85.731,-102.236,1546.5,610,2015-10-20 15:00:00,2015-10-21 12:00:00,-1,294
1,2015,10,20,14,-22,-85.845,-103.814,1534.1,609.6,2015-10-20 14:00:00,2015-10-21 12:00:00,-1,294
1,2015,10,20,13,-23,-85.953,-105.632,1525.2,609.3,2015-10-20 13:00:00,2015-10-21 12:00:00,-1,294
1,2015,10,20,12,-24,-86.05,-107.74,1520.5,609.8,2015-10-20 12:00:00,2015-10-21 12:00:00,-1,294
1,2015,10,22,12,0,-80.3,-81.3,1500,730.2,2015-10-22 12:00:00,2015-10-22 12:00:00,24,295
1,2015,10,22,11,-1,-80.238,-80.693,1483.1,739.8,2015-10-22 11:00:00,2015-10-22 12:00:00,-1,295
1,2015,10,22,10,-2,-80.19,-80.185,1472.9,747.2,2015-10-22 10:00:00,2015-10-22 12:00:00,-1,295
1,2015,10,22,9,-3,-80.151,-79.791,1469.2,752.1,2015-10-22 09:00:00,2015-10-22 12:00:00,-1,295
1,2015,10,22,8,-4,-80.118,-79.523,1471.9,754.7,2015-10-22 08:00:00,2015-10-22 12:00:00,-1,295
1,2015,10,22,7,-5,-80.088,-79.393,1481.4,755.3,2015-10-22 07:00:00,2015-10-22 12:00:00,-1,295
1,2015,10,22,6,-6,-80.059,-79.408,1498.2,753.7,2015-10-22 06:00:00,2015-10-22 12:00:00,-1,295
1,2015,10,22,5,-7,-80.042,-79.535,1518,750,2015-10-22 05:00:00,2015-10-22 12:00:00,-1,295
1,2015,10,22,4,-8,-80.045,-79.733,1535.6,746,2015-10-22 04:00:00,2015-10-22 12:00:00,-1,295
1,2015,10,22,3,-9,-80.067,-80,1551.5,741.1,2015-10-22 03:00:00,2015-10-22 12:00:00,-1,295
1,2015,10,22,2,-10,-80.109,-80.336,1565.3,735.2,2015-10-22 02:00:00,2015-10-22 12:00:00,-1,295
1,2015,10,22,1,-11,-80.169,-80.738,1577,728.6,2015-10-22 01:00:00,2015-10-22 12:00:00,-1,295
1,2015,10,22,0,-12,-80.248,-81.203,1586.6,721.3,2015-10-22,2015-10-22 12:00:00,-1,295
1,2015,10,21,23,-13,-80.342,-81.684,1594.2,713.9,2015-10-21 23:00:00,2015-10-22 12:00:00,-1,295
1,2015,10,21,22,-14,-80.447,-82.137,1600,706.9,2015-10-21 22:00:00,2015-10-22 12:00:00,-1,295
1,2015,10,21,21,-15,-80.565,-82.556,1603.2,700.5,2015-10-21 21:00:00,2015-10-22 12:00:00,-1,295
1,2015,10,21,20,-16,-80.696,-82.938,1603.1,694.6,2015-10-21 20:00:00,2015-10-22 12:00:00,-1,295
1,2015,10,21,19,-17,-80.838,-83.284,1599.3,689.4,2015-10-21 19:00:00,2015-10-22 12:00:00,-1,295
1,2015,10,21,18,-18,-80.992,-83.587,1591.3,685,2015-10-21 18:00:00,2015-10-22 12:00:00,-1,295
1,2015,10,21,17,-19,-81.165,-83.883,1582.7,681.1,2015-10-21 17:00:00,2015-10-22 12:00:00,-1,295
1,2015,10,21,16,-20,-81.365,-84.21,1578.6,675.9,2015-10-21 16:00:00,2015-10-22 12:00:00,-1,295
1,2015,10,21,15,-21,-81.593,-84.566,1578.1,669.9,2015-10-21 15:00:00,2015-10-22 12:00:00,-1,295
1,2015,10,21,14,-22,-81.847,-84.949,1580.7,663.3,2015-10-21 14:00:00,2015-10-22 12:00:00,-1,295
1,2015,10,21,13,-23,-82.129,-85.362,1586.1,656.4,2015-10-21 13:00:00,2015-10-22 12:00:00,-1,295
1,2015,10,21,12,-24,-82.438,-85.818,1593.7,649.1,2015-10-21 12:00:00,2015-10-22 12:00:00,-1,295
1,2015,10,23,12,0,-80.3,-81.3,1500,733.1,2015-10-23 12:00:00,2015-10-23 12:00:00,24,296
1,2015,10,23,11,-1,-80.159,-80.806,1498.2,741.1,2015-10-23 11:00:00,2015-10-23 12:00:00,-1,296
1,2015,10,23,10,-2,-80.041,-80.263,1501.3,748.8,2015-10-23 10:00:00,2015-10-23 12:00:00,-1,296
1,2015,10,23,9,-3,-79.94,-79.665,1507.3,755.2,2015-10-23 09:00:00,2015-10-23 12:00:00,-1,296
1,2015,10,23,8,-4,-79.853,-79.018,1515.5,760.5,2015-10-23 08:00:00,2015-10-23 12:00:00,-1,296
1,2015,10,23,7,-5,-79.778,-78.329,1525.9,766.1,2015-10-23 07:00:00,2015-10-23 12:00:00,-1,296
1,2015,10,23,6,-6,-79.713,-77.6,1538.2,771.6,2015-10-23 06:00:00,2015-10-23 12:00:00,-1,296
1,2015,10,23,5,-7,-79.658,-76.825,1547.5,776.3,2015-10-23 05:00:00,2015-10-23 12:00:00,-1,296
1,2015,10,23,4,-8,-79.613,-75.989,1548.1,782.6,2015-10-23 04:00:00,2015-10-23 12:00:00,-1,296
1,2015,10,23,3,-9,-79.577,-75.081,1540.7,790.4,2015-10-23 03:00:00,2015-10-23 12:00:00,-1,296
1,2015,10,23,2,-10,-79.55,-74.095,1524,797.7,2015-10-23 02:00:00,2015-10-23 12:00:00,-1,296
1,2015,10,23,1,-11,-79.529,-73.03,1499.5,806,2015-10-23 01:00:00,2015-10-23 12:00:00,-1,296
1,2015,10,23,0,-12,-79.513,-71.881,1466.9,813.8,2015-10-23,2015-10-23 12:00:00,-1,296
1,2015,10,22,23,-13,-79.499,-70.709,1429.6,821.2,2015-10-22 23:00:00,2015-10-23 12:00:00,-1,296
1,2015,10,22,22,-14,-79.486,-69.577,1389.3,827.7,2015-10-22 22:00:00,2015-10-23 12:00:00,-1,296
1,2015,10,22,21,-15,-79.47,-68.499,1346.9,832.7,2015-10-22 21:00:00,2015-10-23 12:00:00,-1,296
1,2015,10,22,20,-16,-79.448,-67.487,1304.2,837.7,2015-10-22 20:00:00,2015-10-23 12:00:00,-1,296
1,2015,10,22,19,-17,-79.419,-66.55,1261.3,840.7,2015-10-22 19:00:00,2015-10-23 12:00:00,-1,296
1,2015,10,22,18,-18,-79.38,-65.701,1219.9,843.6,2015-10-22 18:00:00,2015-10-23 12:00:00,-1,296
1,2015,10,22,17,-19,-79.325,-64.911,1180.4,846.5,2015-10-22 17:00:00,2015-10-23 12:00:00,-1,296
1,2015,10,22,16,-20,-79.251,-64.161,1144.5,848.1,2015-10-22 16:00:00,2015-10-23 12:00:00,-1,296
1,2015,10,22,15,-21,-79.16,-63.451,1112.1,849.5,2015-10-22 15:00:00,2015-10-23 12:00:00,-1,296
1,2015,10,22,14,-22,-79.052,-62.784,1083.5,850.7,2015-10-22 14:00:00,2015-10-23 12:00:00,-1,296
1,2015,10,22,13,-23,-78.928,-62.163,1058.7,851.7,2015-10-22 13:00:00,2015-10-23 12:00:00,-1,296
1,2015,10,22,12,-24,-78.791,-61.593,1038,852.5,2015-10-22 12:00:00,2015-10-23 12:00:00,-1,296
1,2015,10,24,12,0,-80.3,-81.3,1500,732.1,2015-10-24 12:00:00,2015-10-24 12:00:00,24,297
1,2015,10,24,11,-1,-80.377,-80.74,1496.7,737.4,2015-10-24 11:00:00,2015-10-24 12:00:00,-1,297
1,2015,10,24,10,-2,-80.436,-80.061,1493.5,744.4,2015-10-24 10:00:00,2015-10-24 12:00:00,-1,297
1,2015,10,24,9,-3,-80.479,-79.274,1489.2,752.1,2015-10-24 09:00:00,2015-10-24 12:00:00,-1,297
1,2015,10,24,8,-4,-80.503,-78.395,1483.8,761.2,2015-10-24 08:00:00,2015-10-24 12:00:00,-1,297
1,2015,10,24,7,-5,-80.51,-77.442,1476.9,771.3,2015-10-24 07:00:00,2015-10-24 12:00:00,-1,297
1,2015,10,24,6,-6,-80.496,-76.443,1466.8,780.9,2015-10-24 06:00:00,2015-10-24 12:00:00,-1,297
1,2015,10,24,5,-7,-80.467,-75.452,1453.6,791,2015-10-24 05:00:00,2015-10-24 12:00:00,-1,297
1,2015,10,24,4,-8,-80.43,-74.493,1436.1,800.7,2015-10-24 04:00:00,2015-10-24 12:00:00,-1,297
1,2015,10,24,3,-9,-80.381,-73.554,1414.2,810.1,2015-10-24 03:00:00,2015-10-24 12:00:00,-1,297
1,2015,10,24,2,-10,-80.321,-72.622,1388.6,820.3,2015-10-24 02:00:00,2015-10-24 12:00:00,-1,297
1,2015,10,24,1,-11,-80.247,-71.691,1358.3,828.8,2015-10-24 01:00:00,2015-10-24 12:00:00,-1,297
1,2015,10,24,0,-12,-80.158,-70.76,1325,837.5,2015-10-24,2015-10-24 12:00:00,-1,297
1,2015,10,23,23,-13,-80.067,-69.877,1289.1,845.6,2015-10-23 23:00:00,2015-10-24 12:00:00,-1,297
1,2015,10,23,22,-14,-79.987,-69.101,1251.8,851,2015-10-23 22:00:00,2015-10-24 12:00:00,-1,297
1,2015,10,23,21,-15,-79.918,-68.434,1212.9,855,2015-10-23 21:00:00,2015-10-24 12:00:00,-1,297
1,2015,10,23,20,-16,-79.86,-67.864,1173.1,859.2,2015-10-23 20:00:00,2015-10-24 12:00:00,-1,297
1,2015,10,23,19,-17,-79.811,-67.38,1132.4,863.3,2015-10-23 19:00:00,2015-10-24 12:00:00,-1,297
1,2015,10,23,18,-18,-79.774,-66.97,1090.7,867.2,2015-10-23 18:00:00,2015-10-24 12:00:00,-1,297
1,2015,10,23,17,-19,-79.744,-66.541,1050.2,871.2,2015-10-23 17:00:00,2015-10-24 12:00:00,-1,297
1,2015,10,23,16,-20,-79.717,-66.003,1012.7,874.6,2015-10-23 16:00:00,2015-10-24 12:00:00,-1,297
1,2015,10,23,15,-21,-79.692,-65.349,978,877.5,2015-10-23 15:00:00,2015-10-24 12:00:00,-1,297
1,2015,10,23,14,-22,-79.666,-64.571,945.6,879.4,2015-10-23 14:00:00,2015-10-24 12:00:00,-1,297
1,2015,10,23,13,-23,-79.633,-63.673,915.1,879.9,2015-10-23 13:00:00,2015-10-24 12:00:00,-1,297
1,2015,10,23,12,-24,-79.59,-62.66,886.4,879.7,2015-10-23 12:00:00,2015-10-24 12:00:00,-1,297
1,2015,10,25,12,0,-80.3,-81.3,1500,730.9,2015-10-25 12:00:00,2015-10-25 12:00:00,24,298
1,2015,10,25,11,-1,-80.363,-82.102,1517.7,719.3,2015-10-25 11:00:00,2015-10-25 12:00:00,-1,298
1,2015,10,25,10,-2,-80.406,-82.934,1534.2,707.8,2015-10-25 10:00:00,2015-10-25 12:00:00,-1,298
1,2015,10,25,9,-3,-80.427,-83.794,1550.1,696.6,2015-10-25 09:00:00,2015-10-25 12:00:00,-1,298
1,2015,10,25,8,-4,-80.424,-84.681,1566,685.5,2015-10-25 08:00:00,2015-10-25 12:00:00,-1,298
1,2015,10,25,7,-5,-80.396,-85.599,1581.9,674.3,2015-10-25 07:00:00,2015-10-25 12:00:00,-1,298
1,2015,10,25,6,-6,-80.341,-86.552,1597.7,662.8,2015-10-25 06:00:00,2015-10-25 12:00:00,-1,298
1,2015,10,25,5,-7,-80.269,-87.524,1612.3,651.3,2015-10-25 05:00:00,2015-10-25 12:00:00,-1,298
1,2015,10,25,4,-8,-80.189,-88.494,1621.4,642,2015-10-25 04:00:00,2015-10-25 12:00:00,-1,298
1,2015,10,25,3,-9,-80.101,-89.468,1624.8,633,2015-10-25 03:00:00,2015-10-25 12:00:00,-1,298
1,2015,10,25,2,-10,-80.003,-90.453,1622.7,624.9,2015-10-25 02:00:00,2015-10-25 12:00:00,-1,298
1,2015,10,25,1,-11,-79.893,-91.436,1615.5,619.3,2015-10-25 01:00:00,2015-10-25 12:00:00,-1,298
1,2015,10,25,0,-12,-79.771,-92.401,1601.8,614.9,2015-10-25,2015-10-25 12:00:00,-1,298
1,2015,10,24,23,-13,-79.631,-93.285,1588.9,614.4,2015-10-24 23:00:00,2015-10-25 12:00:00,-1,298
1,2015,10,24,22,-14,-79.469,-94.031,1578.2,614.6,2015-10-24 22:00:00,2015-10-25 12:00:00,-1,298
1,2015,10,24,21,-15,-79.289,-94.646,1570,615.8,2015-10-24 21:00:00,2015-10-25 12:00:00,-1,298
1,2015,10,24,20,-16,-79.09,-95.138,1563.7,618.2,2015-10-24 20:00:00,2015-10-25 12:00:00,-1,298
1,2015,10,24,19,-17,-78.877,-95.514,1558.6,622,2015-10-24 19:00:00,2015-10-25 12:00:00,-1,298
1,2015,10,24,18,-18,-78.65,-95.786,1553.3,626.5,2015-10-24 18:00:00,2015-10-25 12:00:00,-1,298
1,2015,10,24,17,-19,-78.418,-95.97,1542.5,631.1,2015-10-24 17:00:00,2015-10-25 12:00:00,-1,298
1,2015,10,24,16,-20,-78.191,-96.081,1523,636.9,2015-10-24 16:00:00,2015-10-25 12:00:00,-1,298
1,2015,10,24,15,-21,-77.969,-96.123,1494.7,643.4,2015-10-24 15:00:00,2015-10-25 12:00:00,-1,298
1,2015,10,24,14,-22,-77.753,-96.102,1458,650.6,2015-10-24 14:00:00,2015-10-25 12:00:00,-1,298
1,2015,10,24,13,-23,-77.546,-96.02,1413.3,658.3,2015-10-24 13:00:00,2015-10-25 12:00:00,-1,298
1,2015,10,24,12,-24,-77.349,-95.889,1362.6,668.1,2015-10-24 12:00:00,2015-10-25 12:00:00,-1,298
1,2015,10,26,12,0,-80.3,-81.3,1500,728.4,2015-10-26 12:00:00,2015-10-26 12:00:00,24,299
1,2015,10,26,11,-1,-80.429,-81.222,1508.1,726.3,2015-10-26 11:00:00,2015-10-26 12:00:00,-1,299
1,2015,10,26,10,-2,-80.553,-81.085,1513.4,725.3,2015-10-26 10:00:00,2015-10-26 12:00:00,-1,299
1,2015,10,26,9,-3,-80.671,-80.891,1515.9,725.3,2015-10-26 09:00:00,2015-10-26 12:00:00,-1,299
1,2015,10,26,8,-4,-80.784,-80.641,1515.7,726.2,2015-10-26 08:00:00,2015-10-26 12:00:00,-1,299
1,2015,10,26,7,-5,-80.891,-80.335,1513.1,728,2015-10-26 07:00:00,2015-10-26 12:00:00,-1,299
1,2015,10,26,6,-6,-80.991,-79.973,1508.2,730.7,2015-10-26 06:00:00,2015-10-26 12:00:00,-1,299
1,2015,10,26,5,-7,-81.084,-79.616,1503.4,733.2,2015-10-26 05:00:00,2015-10-26 12:00:00,-1,299
1,2015,10,26,4,-8,-81.166,-79.325,1501.3,734.6,2015-10-26 04:00:00,2015-10-26 12:00:00,-1,299
1,2015,10,26,3,-9,-81.236,-79.101,1501.8,735.5,2015-10-26 03:00:00,2015-10-26 12:00:00,-1,299
1,2015,10,26,2,-10,-81.294,-78.94,1504.7,735.7,2015-10-26 02:00:00,2015-10-26 12:00:00,-1,299
1,2015,10,26,1,-11,-81.339,-78.843,1509.9,735.3,2015-10-26 01:00:00,2015-10-26 12:00:00,-1,299
1,2015,10,26,0,-12,-81.371,-78.807,1517.4,734.5,2015-10-26,2015-10-26 12:00:00,-1,299
1,2015,10,25,23,-13,-81.4,-78.859,1525,732.8,2015-10-25 23:00:00,2015-10-26 12:00:00,-1,299
1,2015,10,25,22,-14,-81.435,-79.027,1531,730.5,2015-10-25 22:00:00,2015-10-26 12:00:00,-1,299
1,2015,10,25,21,-15,-81.476,-79.315,1535.2,727.2,2015-10-25 21:00:00,2015-10-26 12:00:00,-1,299
1,2015,10,25,20,-16,-81.521,-79.723,1537.8,723.1,2015-10-25 20:00:00,2015-10-26 12:00:00,-1,299
1,2015,10,25,19,-17,-81.568,-80.255,1538.5,717.8,2015-10-25 19:00:00,2015-10-26 12:00:00,-1,299
1,2015,10,25,18,-18,-81.616,-80.917,1537.3,711,2015-10-25 18:00:00,2015-10-26 12:00:00,-1,299
1,2015,10,25,17,-19,-81.663,-81.658,1536.7,703.5,2015-10-25 17:00:00,2015-10-26 12:00:00,-1,299
1,2015,10,25,16,-20,-81.709,-82.431,1537.9,695.5,2015-10-25 16:00:00,2015-10-26 12:00:00,-1,299
1,2015,10,25,15,-21,-81.753,-83.234,1540,687.2,2015-10-25 15:00:00,2015-10-26 12:00:00,-1,299
1,2015,10,25,14,-22,-81.795,-84.066,1543,678.4,2015-10-25 14:00:00,2015-10-26 12:00:00,-1,299
1,2015,10,25,13,-23,-81.836,-84.931,1546.5,669.2,2015-10-25 13:00:00,2015-10-26 12:00:00,-1,299
1,2015,10,25,12,-24,-81.877,-85.837,1550.3,660.6,2015-10-25 12:00:00,2015-10-26 12:00:00,-1,299
1,2015,10,27,12,0,-80.3,-81.3,1500,728.8,2015-10-27 12:00:00,2015-10-27 12:00:00,24,300
1,2015,10,27,11,-1,-80.426,-81.217,1512.1,726.6,2015-10-27 11:00:00,2015-10-27 12:00:00,-1,300
1,2015,10,27,10,-2,-80.552,-81.212,1523.1,723.6,2015-10-27 10:00:00,2015-10-27 12:00:00,-1,300
1,2015,10,27,9,-3,-80.68,-81.276,1532.7,720,2015-10-27 09:00:00,2015-10-27 12:00:00,-1,300
1,2015,10,27,8,-4,-80.81,-81.4,1540.6,715.9,2015-10-27 08:00:00,2015-10-27 12:00:00,-1,300
1,2015,10,27,7,-5,-80.942,-81.577,1546.3,711.5,2015-10-27 07:00:00,2015-10-27 12:00:00,-1,300
1,2015,10,27,6,-6,-81.077,-81.8,1549.6,706.9,2015-10-27 06:00:00,2015-10-27 12:00:00,-1,300
1,2015,10,27,5,-7,-81.216,-82.072,1553.2,702.2,2015-10-27 05:00:00,2015-10-27 12:00:00,-1,300
1,2015,10,27,4,-8,-81.357,-82.397,1559.7,696.6,2015-10-27 04:00:00,2015-10-27 12:00:00,-1,300
1,2015,10,27,3,-9,-81.501,-82.775,1569.7,690.2,2015-10-27 03:00:00,2015-10-27 12:00:00,-1,300
1,2015,10,27,2,-10,-81.648,-83.209,1584,682.8,2015-10-27 02:00:00,2015-10-27 12:00:00,-1,300
1,2015,10,27,1,-11,-81.799,-83.699,1603.5,674.7,2015-10-27 01:00:00,2015-10-27 12:00:00,-1,300
1,2015,10,27,0,-12,-81.955,-84.246,1628.8,665.6,2015-10-27,2015-10-27 12:00:00,-1,300
1,2015,10,26,23,-13,-82.117,-84.849,1655.5,655.4,2015-10-26 23:00:00,2015-10-27 12:00:00,-1,300
1,2015,10,26,22,-14,-82.283,-85.502,1680.1,645.7,2015-10-26 22:00:00,2015-10-27 12:00:00,-1,300
1,2015,10,26,21,-15,-82.45,-86.206,1702.3,636.2,2015-10-26 21:00:00,2015-10-27 12:00:00,-1,300
1,2015,10,26,20,-16,-82.615,-86.926,1722.3,627.7,2015-10-26 20:00:00,2015-10-27 12:00:00,-1,300
1,2015,10,26,19,-17,-82.773,-87.616,1739.4,620.7,2015-10-26 19:00:00,2015-10-27 12:00:00,-1,300
1,2015,10,26,18,-18,-82.92,-88.258,1753.7,615.5,2015-10-26 18:00:00,2015-10-27 12:00:00,-1,300
1,2015,10,26,17,-19,-83.064,-88.835,1766.1,611.3,2015-10-26 17:00:00,2015-10-27 12:00:00,-1,300
1,2015,10,26,16,-20,-83.211,-89.336,1777.1,607.8,2015-10-26 16:00:00,2015-10-27 12:00:00,-1,300
1,2015,10,26,15,-21,-83.364,-89.766,1786.8,605,2015-10-26 15:00:00,2015-10-27 12:00:00,-1,300
1,2015,10,26,14,-22,-83.521,-90.133,1795.5,602.9,2015-10-26 14:00:00,2015-10-27 12:00:00,-1,300
1,2015,10,26,13,-23,-83.682,-90.44,1803.1,601.6,2015-10-26 13:00:00,2015-10-27 12:00:00,-1,300
1,2015,10,26,12,-24,-83.848,-90.692,1809.7,600.7,2015-10-26 12:00:00,2015-10-27 12:00:00,-1,300
1,2015,10,28,12,0,-80.3,-81.3,1500,732,2015-10-28 12:00:00,2015-10-28 12:00:00,24,301
1,2015,10,28,11,-1,-80.403,-80.28,1483.3,743.8,2015-10-28 11:00:00,2015-10-28 12:00:00,-1,301
1,2015,10,28,10,-2,-80.505,-79.355,1468.4,752.7,2015-10-28 10:00:00,2015-10-28 12:00:00,-1,301
1,2015,10,28,9,-3,-80.601,-78.509,1454.4,760.1,2015-10-28 09:00:00,2015-10-28 12:00:00,-1,301
1,2015,10,28,8,-4,-80.688,-77.733,1441.1,767,2015-10-28 08:00:00,2015-10-28 12:00:00,-1,301
1,2015,10,28,7,-5,-80.765,-77.016,1427.4,773,2015-10-28 07:00:00,2015-10-28 12:00:00,-1,301
1,2015,10,28,6,-6,-80.829,-76.345,1413.2,778.8,2015-10-28 06:00:00,2015-10-28 12:00:00,-1,301
1,2015,10,28,5,-7,-80.89,-75.696,1401.5,784.7,2015-10-28 05:00:00,2015-10-28 12:00:00,-1,301
1,2015,10,28,4,-8,-80.957,-75.051,1394,789.6,2015-10-28 04:00:00,2015-10-28 12:00:00,-1,301
1,2015,10,28,3,-9,-81.029,-74.411,1390.8,792.3,2015-10-28 03:00:00,2015-10-28 12:00:00,-1,301
1,2015,10,28,2,-10,-81.102,-73.777,1392.7,794.2,2015-10-28 02:00:00,2015-10-28 12:00:00,-1,301
1,2015,10,28,1,-11,-81.178,-73.151,1400.1,795.5,2015-10-28 01:00:00,2015-10-28 12:00:00,-1,301
1,2015,10,28,0,-12,-81.255,-72.536,1413.3,796.2,2015-10-28,2015-10-28 12:00:00,-1,301
1,2015,10,27,23,-13,-81.333,-71.968,1428.1,794.4,2015-10-27 23:00:00,2015-10-28 12:00:00,-1,301
1,2015,10,27,22,-14,-81.409,-71.478,1441.7,792.9,2015-10-27 22:00:00,2015-10-28 12:00:00,-1,301
1,2015,10,27,21,-15,-81.484,-71.069,1453.9,791.3,2015-10-27 21:00:00,2015-10-28 12:00:00,-1,301
1,2015,10,27,20,-16,-81.558,-70.739,1464.5,789.6,2015-10-27 20:00:00,2015-10-28 12:00:00,-1,301
1,2015,10,27,19,-17,-81.631,-70.49,1473.3,787.9,2015-10-27 19:00:00,2015-10-28 12:00:00,-1,301
1,2015,10,27,18,-18,-81.703,-70.32,1480,786.2,2015-10-27 18:00:00,2015-10-28 12:00:00,-1,301
1,2015,10,27,17,-19,-81.775,-70.216,1486.5,784.4,2015-10-27 17:00:00,2015-10-28 12:00:00,-1,301
1,2015,10,27,16,-20,-81.85,-70.16,1495.6,781.9,2015-10-27 16:00:00,2015-10-28 12:00:00,-1,301
1,2015,10,27,15,-21,-81.927,-70.157,1506.8,779,2015-10-27 15:00:00,2015-10-28 12:00:00,-1,301
1,2015,10,27,14,-22,-82.007,-70.207,1520.2,775.6,2015-10-27 14:00:00,2015-10-28 12:00:00,-1,301
1,2015,10,27,13,-23,-82.091,-70.314,1535.6,771.7,2015-10-27 13:00:00,2015-10-28 12:00:00,-1,301
1,2015,10,27,12,-24,-82.178,-70.485,1552.9,767.3,2015-10-27 12:00:00,2015-10-28 12:00:00,-1,301
1,2015,10,29,12,0,-80.3,-81.3,1500,729.7,2015-10-29 12:00:00,2015-10-29 12:00:00,24,302
1,2015,10,29,11,-1,-80.357,-81.424,1522.9,725.2,2015-10-29 11:00:00,2015-10-29 12:00:00,-1,302
1,2015,10,29,10,-2,-80.407,-81.462,1542.9,722.1,2015-10-29 10:00:00,2015-10-29 12:00:00,-1,302
1,2015,10,29,9,-3,-80.452,-81.417,1559.9,720.4,2015-10-29 09:00:00,2015-10-29 12:00:00,-1,302
1,2015,10,29,8,-4,-80.497,-81.291,1573.7,719.8,2015-10-29 08:00:00,2015-10-29 12:00:00,-1,302
1,2015,10,29,7,-5,-80.542,-81.09,1584.5,720.4,2015-10-29 07:00:00,2015-10-29 12:00:00,-1,302
1,2015,10,29,6,-6,-80.591,-80.817,1592.2,721.9,2015-10-29 06:00:00,2015-10-29 12:00:00,-1,302
1,2015,10,29,5,-7,-80.646,-80.508,1598.8,724.1,2015-10-29 05:00:00,2015-10-29 12:00:00,-1,302
1,2015,10,29,4,-8,-80.708,-80.194,1604.7,726.1,2015-10-29 04:00:00,2015-10-29 12:00:00,-1,302
1,2015,10,29,3,-9,-80.778,-79.873,1610.6,727.8,2015-10-29 03:00:00,2015-10-29 12:00:00,-1,302
1,2015,10,29,2,-10,-80.855,-79.543,1616.9,729.1,2015-10-29 02:00:00,2015-10-29 12:00:00,-1,302
1,2015,10,29,1,-11,-80.938,-79.204,1624.5,730.1,2015-10-29 01:00:00,2015-10-29 12:00:00,-1,302
1,2015,10,29,0,-12,-81.029,-78.854,1634.1,730.9,2015-10-29,2015-10-29 12:00:00,-1,302
1,2015,10,28,23,-13,-81.124,-78.469,1644.7,731.6,2015-10-28 23:00:00,2015-10-29 12:00:00,-1,302
1,2015,10,28,22,-14,-81.222,-78.03,1655.9,732.7,2015-10-28 22:00:00,2015-10-29 12:00:00,-1,302
1,2015,10,28,21,-15,-81.322,-77.54,1666.8,734.2,2015-10-28 21:00:00,2015-10-29 12:00:00,-1,302
1,2015,10,28,20,-16,-81.423,-77.001,1676.5,735.5,2015-10-28 20:00:00,2015-10-29 12:00:00,-1,302
1,2015,10,28,19,-17,-81.526,-76.414,1685.2,737,2015-10-28 19:00:00,2015-10-29 12:00:00,-1,302
1,2015,10,28,18,-18,-81.629,-75.783,1692.4,738.9,2015-10-28 18:00:00,2015-10-29 12:00:00,-1,302
1,2015,10,28,17,-19,-81.739,-75.135,1697.6,740.7,2015-10-28 17:00:00,2015-10-29 12:00:00,-1,302
1,2015,10,28,16,-20,-81.858,-74.491,1701.5,741.7,2015-10-28 16:00:00,2015-10-29 12:00:00,-1,302
1,2015,10,28,15,-21,-81.985,-73.847,1704.2,742.5,2015-10-28 15:00:00,2015-10-29 12:00:00,-1,302
1,2015,10,28,14,-22,-82.119,-73.2,1705.8,743.4,2015-10-28 14:00:00,2015-10-29 12:00:00,-1,302
1,2015,10,28,13,-23,-82.258,-72.55,1706.5,744.3,2015-10-28 13:00:00,2015-10-29 12:00:00,-1,302
1,2015,10,28,12,-24,-82.404,-71.891,1705.7,744.3,2015-10-28 12:00:00,2015-10-29 12:00:00,-1,302
1,2015,10,30,12,0,-80.3,-81.3,1500,726.1,2015-10-30 12:00:00,2015-10-30 12:00:00,24,303
1,2015,10,30,11,-1,-80.389,-82.127,1551.3,710.6,2015-10-30 11:00:00,2015-10-30 12:00:00,-1,303
1,2015,10,30,10,-2,-80.473,-82.988,1597,695.6,2015-10-30 10:00:00,2015-10-30 12:00:00,-1,303
1,2015,10,30,9,-3,-80.55,-83.881,1636.7,681.3,2015-10-30 09:00:00,2015-10-30 12:00:00,-1,303
1,2015,10,30,8,-4,-80.621,-84.798,1670,667.7,2015-10-30 08:00:00,2015-10-30 12:00:00,-1,303
1,2015,10,30,7,-5,-80.682,-85.732,1695.7,654.7,2015-10-30 07:00:00,2015-10-30 12:00:00,-1,303
1,2015,10,30,6,-6,-80.734,-86.677,1713.9,642.5,2015-10-30 06:00:00,2015-10-30 12:00:00,-1,303
1,2015,10,30,5,-7,-80.767,-87.617,1729.2,631.8,2015-10-30 05:00:00,2015-10-30 12:00:00,-1,303
1,2015,10,30,4,-8,-80.772,-88.54,1745.4,622.4,2015-10-30 04:00:00,2015-10-30 12:00:00,-1,303
1,2015,10,30,3,-9,-80.75,-89.449,1762.4,613.3,2015-10-30 03:00:00,2015-10-30 12:00:00,-1,303
1,2015,10,30,2,-10,-80.7,-90.341,1780.7,604.7,2015-10-30 02:00:00,2015-10-30 12:00:00,-1,303
1,2015,10,30,1,-11,-80.622,-91.212,1800.4,597.1,2015-10-30 01:00:00,2015-10-30 12:00:00,-1,303
1,2015,10,30,0,-12,-80.515,-92.059,1820.2,589.6,2015-10-30,2015-10-30 12:00:00,-1,303
1,2015,10,29,23,-13,-80.391,-92.842,1840.1,583.4,2015-10-29 23:00:00,2015-10-30 12:00:00,-1,303
1,2015,10,29,22,-14,-80.259,-93.523,1858.6,578.9,2015-10-29 22:00:00,2015-10-30 12:00:00,-1,303
1,2015,10,29,21,-15,-80.12,-94.103,1875.7,575,2015-10-29 21:00:00,2015-10-30 12:00:00,-1,303
1,2015,10,29,20,-16,-79.971,-94.58,1892.2,572.2,2015-10-29 20:00:00,2015-10-30 12:00:00,-1,303
1,2015,10,29,19,-17,-79.812,-94.944,1909.5,572,2015-10-29 19:00:00,2015-10-30 12:00:00,-1,303
1,2015,10,29,18,-18,-79.641,-95.186,1925.8,573.2,2015-10-29 18:00:00,2015-10-30 12:00:00,-1,303
1,2015,10,29,17,-19,-79.464,-95.33,1938.9,574.8,2015-10-29 17:00:00,2015-10-30 12:00:00,-1,303
1,2015,10,29,16,-20,-79.282,-95.396,1947.7,577.2,2015-10-29 16:00:00,2015-10-30 12:00:00,-1,303
1,2015,10,29,15,-21,-79.098,-95.385,1951.6,580.1,2015-10-29 15:00:00,2015-10-30 12:00:00,-1,303
1,2015,10,29,14,-22,-78.912,-95.298,1950.4,583.6,2015-10-29 14:00:00,2015-10-30 12:00:00,-1,303
1,2015,10,29,13,-23,-78.722,-95.135,1944.2,587.5,2015-10-29 13:00:00,2015-10-30 12:00:00,-1,303
1,2015,10,29,12,-24,-78.53,-94.898,1933.1,592.1,2015-10-29 12:00:00,2015-10-30 12:00:00,-1,303
1,2015,10,31,12,0,-80.3,-81.3,1500,725.1,2015-10-31 12:00:00,2015-10-31 12:00:00,24,304
1,2015,10,31,11,-1,-80.538,-82.304,1547.8,706.4,2015-10-31 11:00:00,2015-10-31 12:00:00,-1,304
1,2015,10,31,10,-2,-80.783,-83.328,1589.2,688.7,2015-10-31 10:00:00,2015-10-31 12:00:00,-1,304
1,2015,10,31,9,-3,-81.029,-84.396,1623.1,672,2015-10-31 09:00:00,2015-10-31 12:00:00,-1,304
1,2015,10,31,8,-4,-81.272,-85.53,1648.8,655.8,2015-10-31 08:00:00,2015-10-31 12:00:00,-1,304
1,2015,10,31,7,-5,-81.506,-86.746,1665,640.3,2015-10-31 07:00:00,2015-10-31 12:00:00,-1,304
1,2015,10,31,6,-6,-81.725,-88.052,1671.3,627,2015-10-31 06:00:00,2015-10-31 12:00:00,-1,304
1,2015,10,31,5,-7,-81.92,-89.46,1674.2,616,2015-10-31 05:00:00,2015-10-31 12:00:00,-1,304
1,2015,10,31,4,-8,-82.081,-90.99,1679.6,605.2,2015-10-31 04:00:00,2015-10-31 12:00:00,-1,304
1,2015,10,31,3,-9,-82.206,-92.649,1688.7,594.9,2015-10-31 03:00:00,2015-10-31 12:00:00,-1,304
1,2015,10,31,2,-10,-82.295,-94.431,1701.7,586,2015-10-31 02:00:00,2015-10-31 12:00:00,-1,304
1,2015,10,31,1,-11,-82.347,-96.324,1719.6,578.6,2015-10-31 01:00:00,2015-10-31 12:00:00,-1,304
1,2015,10,31,0,-12,-82.364,-98.319,1742.3,572.5,2015-10-31,2015-10-31 12:00:00,-1,304
1,2015,10,30,23,-13,-82.351,-100.377,1762.8,568.9,2015-10-30 23:00:00,2015-10-31 12:00:00,-1,304
1,2015,10,30,22,-14,-82.311,-102.433,1775.2,569.2,2015-10-30 22:00:00,2015-10-31 12:00:00,-1,304
1,2015,10,30,21,-15,-82.242,-104.462,1779.9,572.2,2015-10-30 21:00:00,2015-10-31 12:00:00,-1,304
1,2015,10,30,20,-16,-82.143,-106.443,1780.3,578.2,2015-10-30 20:00:00,2015-10-31 12:00:00,-1,304
1,2015,10,30,19,-17,-82.011,-108.355,1774.9,586.1,2015-10-30 19:00:00,2015-10-31 12:00:00,-1,304
1,2015,10,30,18,-18,-81.844,-110.193,1763.8,594.7,2015-10-30 18:00:00,2015-10-31 12:00:00,-1,304
1,2015,10,30,17,-19,-81.649,-111.963,1753.4,605.2,2015-10-30 17:00:00,2015-10-31 12:00:00,-1,304
1,2015,10,30,16,-20,-81.433,-113.674,1746.4,614.7,2015-10-30 16:00:00,2015-10-31 12:00:00,-1,304
1,2015,10,30,15,-21,-81.195,-115.321,1741.4,623.2,2015-10-30 15:00:00,2015-10-31 12:00:00,-1,304
1,2015,10,30,14,-22,-80.938,-116.894,1737,630.3,2015-10-30 14:00:00,2015-10-31 12:00:00,-1,304
1,2015,10,30,13,-23,-80.664,-118.396,1732.2,635.5,2015-10-30 13:00:00,2015-10-31 12:00:00,-1,304
1,2015,10,30,12,-24,-80.373,-119.844,1726.5,638.8,2015-10-30 12:00:00,2015-10-31 12:00:00,-1,304
1,2015,11,1,12,0,-80.3,-81.3,1500,725.2,2015-11-01 12:00:00,2015-11-01 12:00:00,24,305
1,2015,11,1,11,-1,-80.537,-82.005,1515.2,712.8,2015-11-01 11:00:00,2015-11-01 12:00:00,-1,305
1,2015,11,1,10,-2,-80.753,-82.854,1528.3,699.7,2015-11-01 10:00:00,2015-11-01 12:00:00,-1,305
1,2015,11,1,9,-3,-80.945,-83.856,1539.4,685.7,2015-11-01 09:00:00,2015-11-01 12:00:00,-1,305
1,2015,11,1,8,-4,-81.111,-85.01,1548.8,671,2015-11-01 08:00:00,2015-11-01 12:00:00,-1,305
1,2015,11,1,7,-5,-81.253,-86.303,1556.5,656.1,2015-11-01 07:00:00,2015-11-01 12:00:00,-1,305
1,2015,11,1,6,-6,-81.368,-87.722,1562.4,641.3,2015-11-01 06:00:00,2015-11-01 12:00:00,-1,305
1,2015,11,1,5,-7,-81.469,-89.249,1568.1,627.8,2015-11-01 05:00:00,2015-11-01 12:00:00,-1,305
1,2015,11,1,4,-8,-81.566,-90.886,1574.1,615.2,2015-11-01 04:00:00,2015-11-01 12:00:00,-1,305
1,2015,11,1,3,-9,-81.657,-92.664,1579.7,603.6,2015-11-01 03:00:00,2015-11-01 12:00:00,-1,305
1,2015,11,1,2,-10,-81.738,-94.594,1585,594.1,2015-11-01 02:00:00,2015-11-01 12:00:00,-1,305
1,2015,11,1,1,-11,-81.805,-96.681,1589.7,587.2,2015-11-01 01:00:00,2015-11-01 12:00:00,-1,305
1,2015,11,1,0,-12,-81.853,-98.924,1593.6,582.9,2015-11-01,2015-11-01 12:00:00,-1,305
1,2015,10,31,23,-13,-81.873,-101.296,1597.3,582.6,2015-10-31 23:00:00,2015-11-01 12:00:00,-1,305
1,2015,10,31,22,-14,-81.859,-103.742,1599.6,585.8,2015-10-31 22:00:00,2015-11-01 12:00:00,-1,305
1,2015,10,31,21,-15,-81.81,-106.211,1601.9,592.7,2015-10-31 21:00:00,2015-11-01 12:00:00,-1,305
1,2015,10,31,20,-16,-81.725,-108.634,1601.9,602.9,2015-10-31 20:00:00,2015-11-01 12:00:00,-1,305
1,2015,10,31,19,-17,-81.604,-110.961,1597.8,614.4,2015-10-31 19:00:00,2015-11-01 12:00:00,-1,305
1,2015,10,31,18,-18,-81.453,-113.153,1588.5,626.4,2015-10-31 18:00:00,2015-11-01 12:00:00,-1,305
1,2015,10,31,17,-19,-81.278,-115.167,1573.7,638.7,2015-10-31 17:00:00,2015-11-01 12:00:00,-1,305
1,2015,10,31,16,-20,-81.087,-116.985,1553.7,649.4,2015-10-31 16:00:00,2015-11-01 12:00:00,-1,305
1,2015,10,31,15,-21,-80.881,-118.619,1529.9,658.1,2015-10-31 15:00:00,2015-11-01 12:00:00,-1,305
1,2015,10,31,14,-22,-80.663,-120.081,1503.8,665,2015-10-31 14:00:00,2015-11-01 12:00:00,-1,305
1,2015,10,31,13,-23,-80.431,-121.393,1476.8,670.2,2015-10-31 13:00:00,2015-11-01 12:00:00,-1,305
1,2015,10,31,12,-24,-80.187,-122.581,1449.9,673.9,2015-10-31 12:00:00,2015-11-01 12:00:00,-1,305
1,2015,11,2,12,0,-80.3,-81.3,1500,726.6,2015-11-02 12:00:00,2015-11-02 12:00:00,24,306
1,2015,11,2,11,-1,-80.575,-82.229,1521.8,710.2,2015-11-02 11:00:00,2015-11-02 12:00:00,-1,306
1,2015,11,2,10,-2,-80.821,-83.259,1539.2,694.1,2015-11-02 10:00:00,2015-11-02 12:00:00,-1,306
1,2015,11,2,9,-3,-81.032,-84.43,1553.7,677.8,2015-11-02 09:00:00,2015-11-02 12:00:00,-1,306
1,2015,11,2,8,-4,-81.202,-85.765,1565.5,661.4,2015-11-02 08:00:00,2015-11-02 12:00:00,-1,306
1,2015,11,2,7,-5,-81.33,-87.279,1573.7,644.7,2015-11-02 07:00:00,2015-11-02 12:00:00,-1,306
1,2015,11,2,6,-6,-81.416,-88.979,1577.4,629.5,2015-11-02 06:00:00,2015-11-02 12:00:00,-1,306
1,2015,11,2,5,-7,-81.485,-90.844,1578.3,615.8,2015-11-02 05:00:00,2015-11-02 12:00:00,-1,306
1,2015,11,2,4,-8,-81.565,-92.869,1579.8,603.3,2015-11-02 04:00:00,2015-11-02 12:00:00,-1,306
1,2015,11,2,3,-9,-81.652,-95.055,1583.4,592.6,2015-11-02 03:00:00,2015-11-02 12:00:00,-1,306
1,2015,11,2,2,-10,-81.742,-97.385,1592.5,585.7,2015-11-02 02:00:00,2015-11-02 12:00:00,-1,306
1,2015,11,2,1,-11,-81.832,-99.843,1608.8,582.3,2015-11-02 01:00:00,2015-11-02 12:00:00,-1,306
1,2015,11,2,0,-12,-81.921,-102.411,1632.8,581.8,2015-11-02,2015-11-02 12:00:00,-1,306
1,2015,11,1,23,-13,-81.995,-105.03,1660.5,584.1,2015-11-01 23:00:00,2015-11-02 12:00:00,-1,306
1,2015,11,1,22,-14,-82.045,-107.658,1690.6,590.3,2015-11-01 22:00:00,2015-11-02 12:00:00,-1,306
1,2015,11,1,21,-15,-82.072,-110.267,1721.2,599.7,2015-11-01 21:00:00,2015-11-02 12:00:00,-1,306
1,2015,11,1,20,-16,-82.078,-112.829,1752,610.6,2015-11-01 20:00:00,2015-11-02 12:00:00,-1,306
1,2015,11,1,19,-17,-82.07,-115.317,1781.5,623,2015-11-01 19:00:00,2015-11-02 12:00:00,-1,306
1,2015,11,1,18,-18,-82.051,-117.733,1808.9,635.2,2015-11-01 18:00:00,2015-11-02 12:00:00,-1,306
1,2015,11,1,17,-19,-82.031,-120.092,1832.5,648.3,2015-11-01 17:00:00,2015-11-02 12:00:00,-1,306
1,2015,11,1,16,-20,-82.015,-122.396,1848.4,660.9,2015-11-01 16:00:00,2015-11-02 12:00:00,-1,306
1,2015,11,1,15,-21,-82.003,-124.635,1856.1,672.3,2015-11-01 15:00:00,2015-11-02 12:00:00,-1,306
1,2015,11,1,14,-22,-81.995,-126.789,1856.4,683.3,2015-11-01 14:00:00,2015-11-02 12:00:00,-1,306
1,2015,11,1,13,-23,-81.991,-128.844,1851.3,693.8,2015-11-01 13:00:00,2015-11-02 12:00:00,-1,306
1,2015,11,1,12,-24,-81.993,-130.799,1841.3,704.3,2015-11-01 12:00:00,2015-11-02 12:00:00,-1,306
1,2015,11,3,12,0,-80.3,-81.3,1500,727.4,2015-11-03 12:00:00,2015-11-03 12:00:00,24,307
1,2015,11,3,11,-1,-80.643,-82.572,1560.2,701.8,2015-11-03 11:00:00,2015-11-03 12:00:00,-1,307
1,2015,11,3,10,-2,-80.978,-83.915,1606.5,679.4,2015-11-03 10:00:00,2015-11-03 12:00:00,-1,307
1,2015,11,3,9,-3,-81.295,-85.383,1639,658.3,2015-11-03 09:00:00,2015-11-03 12:00:00,-1,307
1,2015,11,3,8,-4,-81.592,-87.012,1657.6,637.8,2015-11-03 08:00:00,2015-11-03 12:00:00,-1,307
1,2015,11,3,7,-5,-81.868,-88.832,1663.8,620,2015-11-03 07:00:00,2015-11-03 12:00:00,-1,307
1,2015,11,3,6,-6,-82.124,-90.866,1658.3,605.7,2015-11-03 06:00:00,2015-11-03 12:00:00,-1,307
1,2015,11,3,5,-7,-82.359,-93.073,1645.5,595,2015-11-03 05:00:00,2015-11-03 12:00:00,-1,307
1,2015,11,3,4,-8,-82.573,-95.39,1629.5,587.2,2015-11-03 04:00:00,2015-11-03 12:00:00,-1,307
1,2015,11,3,3,-9,-82.762,-97.725,1616.2,584.6,2015-11-03 03:00:00,2015-11-03 12:00:00,-1,307
1,2015,11,3,2,-10,-82.924,-100.024,1605.2,584.6,2015-11-03 02:00:00,2015-11-03 12:00:00,-1,307
1,2015,11,3,1,-11,-83.058,-102.251,1598,587.6,2015-11-03 01:00:00,2015-11-03 12:00:00,-1,307
1,2015,11,3,0,-12,-83.169,-104.381,1594.5,592.1,2015-11-03,2015-11-03 12:00:00,-1,307
1,2015,11,2,23,-13,-83.265,-106.458,1595.8,597.9,2015-11-02 23:00:00,2015-11-03 12:00:00,-1,307
1,2015,11,2,22,-14,-83.356,-108.523,1602.8,604.1,2015-11-02 22:00:00,2015-11-03 12:00:00,-1,307
1,2015,11,2,21,-15,-83.442,-110.567,1615.1,610.6,2015-11-02 21:00:00,2015-11-03 12:00:00,-1,307
1,2015,11,2,20,-16,-83.525,-112.585,1631.5,617.1,2015-11-02 20:00:00,2015-11-03 12:00:00,-1,307
1,2015,11,2,19,-17,-83.605,-114.58,1652.4,624.7,2015-11-02 19:00:00,2015-11-03 12:00:00,-1,307
1,2015,11,2,18,-18,-83.681,-116.543,1676,632.1,2015-11-02 18:00:00,2015-11-03 12:00:00,-1,307
1,2015,11,2,17,-19,-83.751,-118.491,1700.1,639.3,2015-11-02 17:00:00,2015-11-03 12:00:00,-1,307
1,2015,11,2,16,-20,-83.818,-120.438,1724.7,646.3,2015-11-02 16:00:00,2015-11-03 12:00:00,-1,307
1,2015,11,2,15,-21,-83.885,-122.376,1750.1,652.7,2015-11-02 15:00:00,2015-11-03 12:00:00,-1,307
1,2015,11,2,14,-22,-83.955,-124.296,1777.2,657.9,2015-11-02 14:00:00,2015-11-03 12:00:00,-1,307
1,2015,11,2,13,-23,-84.029,-126.198,1807.4,662.4,2015-11-02 13:00:00,2015-11-03 12:00:00,-1,307
1,2015,11,2,12,-24,-84.11,-128.086,1840.6,666.2,2015-11-02 12:00:00,2015-11-03 12:00:00,-1,307
1,2015,11,4,12,0,-80.3,-81.3,1500,732.3,2015-11-04 12:00:00,2015-11-04 12:00:00,24,308
1,2015,11,4,11,-1,-80.527,-81.933,1563.6,715.8,2015-11-04 11:00:00,2015-11-04 12:00:00,-1,308
1,2015,11,4,10,-2,-80.766,-82.64,1623.1,699.5,2015-11-04 10:00:00,2015-11-04 12:00:00,-1,308
1,2015,11,4,9,-3,-81.016,-83.452,1677.7,682.9,2015-11-04 09:00:00,2015-11-04 12:00:00,-1,308
1,2015,11,4,8,-4,-81.275,-84.399,1726.6,665.5,2015-11-04 08:00:00,2015-11-04 12:00:00,-1,308
1,2015,11,4,7,-5,-81.544,-85.503,1769.4,648.2,2015-11-04 07:00:00,2015-11-04 12:00:00,-1,308
1,2015,11,4,6,-6,-81.819,-86.774,1805.5,631.6,2015-11-04 06:00:00,2015-11-04 12:00:00,-1,308
1,2015,11,4,5,-7,-82.094,-88.219,1837.4,615.6,2015-11-04 05:00:00,2015-11-04 12:00:00,-1,308
1,2015,11,4,4,-8,-82.366,-89.864,1868.3,599.2,2015-11-04 04:00:00,2015-11-04 12:00:00,-1,308
1,2015,11,4,3,-9,-82.631,-91.728,1901.6,585.4,2015-11-04 03:00:00,2015-11-04 12:00:00,-1,308
1,2015,11,4,2,-10,-82.884,-93.807,1937.2,575,2015-11-04 02:00:00,2015-11-04 12:00:00,-1,308
1,2015,11,4,1,-11,-83.119,-96.11,1973.4,567,2015-11-04 01:00:00,2015-11-04 12:00:00,-1,308
1,2015,11,4,0,-12,-83.33,-98.644,2008.6,561.5,2015-11-04,2015-11-04 12:00:00,-1,308
1,2015,11,3,23,-13,-83.5,-101.328,2039.8,559,2015-11-03 23:00:00,2015-11-04 12:00:00,-1,308
1,2015,11,3,22,-14,-83.616,-104.059,2064.1,559.7,2015-11-03 22:00:00,2015-11-04 12:00:00,-1,308
1,2015,11,3,21,-15,-83.68,-106.792,2080.8,562.9,2015-11-03 21:00:00,2015-11-04 12:00:00,-1,308
1,2015,11,3,20,-16,-83.691,-109.501,2090.6,569,2015-11-03 20:00:00,2015-11-04 12:00:00,-1,308
1,2015,11,3,19,-17,-83.654,-112.149,2094.6,578.2,2015-11-03 19:00:00,2015-11-04 12:00:00,-1,308
1,2015,11,3,18,-18,-83.571,-114.708,2092.5,589.7,2015-11-03 18:00:00,2015-11-04 12:00:00,-1,308
1,2015,11,3,17,-19,-83.453,-117.208,2088.3,603.4,2015-11-03 17:00:00,2015-11-04 12:00:00,-1,308
1,2015,11,3,16,-20,-83.309,-119.681,2085.2,618.2,2015-11-03 16:00:00,2015-11-04 12:00:00,-1,308
1,2015,11,3,15,-21,-83.139,-122.114,2084.5,633.8,2015-11-03 15:00:00,2015-11-04 12:00:00,-1,308
1,2015,11,3,14,-22,-82.947,-124.498,2084.8,650.5,2015-11-03 14:00:00,2015-11-04 12:00:00,-1,308
1,2015,11,3,13,-23,-82.736,-126.829,2086.5,667.5,2015-11-03 13:00:00,2015-11-04 12:00:00,-1,308
1,2015,11,3,12,-24,-82.509,-129.113,2090,685.3,2015-11-03 12:00:00,2015-11-04 12:00:00,-1,308
1,2015,11,5,12,0,-80.3,-81.3,1500,728.7,2015-11-05 12:00:00,2015-11-05 12:00:00,24,309
1,2015,11,5,11,-1,-80.158,-81.342,1472,733.2,2015-11-05 11:00:00,2015-11-05 12:00:00,-1,309
1,2015,11,5,10,-2,-80.011,-81.27,1442.1,739.6,2015-11-05 10:00:00,2015-11-05 12:00:00,-1,309
1,2015,11,5,9,-3,-79.86,-81.092,1408.8,745.6,2015-11-05 09:00:00,2015-11-05 12:00:00,-1,309
1,2015,11,5,8,-4,-79.706,-80.825,1373,752.8,2015-11-05 08:00:00,2015-11-05 12:00:00,-1,309
1,2015,11,5,7,-5,-79.551,-80.472,1334.6,761.3,2015-11-05 07:00:00,2015-11-05 12:00:00,-1,309
1,2015,11,5,6,-6,-79.397,-80.036,1293.8,771.3,2015-11-05 06:00:00,2015-11-05 12:00:00,-1,309
1,2015,11,5,5,-7,-79.254,-79.576,1250.9,780.8,2015-11-05 05:00:00,2015-11-05 12:00:00,-1,309
1,2015,11,5,4,-8,-79.127,-79.15,1210,789.4,2015-11-05 04:00:00,2015-11-05 12:00:00,-1,309
1,2015,11,5,3,-9,-79.013,-78.757,1171.2,797.5,2015-11-05 03:00:00,2015-11-05 12:00:00,-1,309
1,2015,11,5,2,-10,-78.909,-78.396,1135.3,805.1,2015-11-05 02:00:00,2015-11-05 12:00:00,-1,309
1,2015,11,5,1,-11,-78.815,-78.069,1102.9,811.9,2015-11-05 01:00:00,2015-11-05 12:00:00,-1,309
1,2015,11,5,0,-12,-78.728,-77.775,1074.5,818.1,2015-11-05,2015-11-05 12:00:00,-1,309
1,2015,11,4,23,-13,-78.66,-77.55,1053.2,823.3,2015-11-04 23:00:00,2015-11-05 12:00:00,-1,309
1,2015,11,4,22,-14,-78.622,-77.433,1041.6,825.8,2015-11-04 22:00:00,2015-11-05 12:00:00,-1,309
1,2015,11,4,21,-15,-78.612,-77.427,1039.6,826.3,2015-11-04 21:00:00,2015-11-05 12:00:00,-1,309
1,2015,11,4,20,-16,-78.631,-77.535,1047.2,824.9,2015-11-04 20:00:00,2015-11-05 12:00:00,-1,309
1,2015,11,4,19,-17,-78.677,-77.757,1064.2,821.2,2015-11-04 19:00:00,2015-11-05 12:00:00,-1,309
1,2015,11,4,18,-18,-78.749,-78.096,1091.2,815.4,2015-11-04 18:00:00,2015-11-05 12:00:00,-1,309
1,2015,11,4,17,-19,-78.841,-78.516,1125.6,807.4,2015-11-04 17:00:00,2015-11-05 12:00:00,-1,309
1,2015,11,4,16,-20,-78.948,-78.975,1165.3,798.8,2015-11-04 16:00:00,2015-11-05 12:00:00,-1,309
1,2015,11,4,15,-21,-79.074,-79.472,1210.3,789.4,2015-11-04 15:00:00,2015-11-05 12:00:00,-1,309
1,2015,11,4,14,-22,-79.223,-80.002,1261.2,779,2015-11-04 14:00:00,2015-11-05 12:00:00,-1,309
1,2015,11,4,13,-23,-79.396,-80.565,1317.1,766.2,2015-11-04 13:00:00,2015-11-05 12:00:00,-1,309
1,2015,11,4,12,-24,-79.597,-81.158,1378.5,752.3,2015-11-04 12:00:00,2015-11-05 12:00:00,-1,309
1,2015,11,6,12,0,-80.3,-81.3,1500,727.4,2015-11-06 12:00:00,2015-11-06 12:00:00,24,310
1,2015,11,6,11,-1,-80.592,-81.518,1532,717.7,2015-11-06 11:00:00,2015-11-06 12:00:00,-1,310
1,2015,11,6,10,-2,-80.883,-81.714,1562,708.6,2015-11-06 10:00:00,2015-11-06 12:00:00,-1,310
1,2015,11,6,9,-3,-81.175,-81.913,1591.1,699.7,2015-11-06 09:00:00,2015-11-06 12:00:00,-1,310
1,2015,11,6,8,-4,-81.467,-82.138,1620.1,690.6,2015-11-06 08:00:00,2015-11-06 12:00:00,-1,310
1,2015,11,6,7,-5,-81.763,-82.412,1650.1,681,2015-11-06 07:00:00,2015-11-06 12:00:00,-1,310
1,2015,11,6,6,-6,-82.064,-82.759,1681.9,670.4,2015-11-06 06:00:00,2015-11-06 12:00:00,-1,310
1,2015,11,6,5,-7,-82.358,-83.167,1715.2,660.1,2015-11-06 05:00:00,2015-11-06 12:00:00,-1,310
1,2015,11,6,4,-8,-82.63,-83.599,1744.8,651,2015-11-06 04:00:00,2015-11-06 12:00:00,-1,310
1,2015,11,6,3,-9,-82.873,-84.043,1772,643.2,2015-11-06 03:00:00,2015-11-06 12:00:00,-1,310
1,2015,11,6,2,-10,-83.084,-84.494,1796.1,636.4,2015-11-06 02:00:00,2015-11-06 12:00:00,-1,310
1,2015,11,6,1,-11,-83.263,-84.953,1816.8,630.3,2015-11-06 01:00:00,2015-11-06 12:00:00,-1,310
1,2015,11,6,0,-12,-83.409,-85.423,1834.4,625,2015-11-06,2015-11-06 12:00:00,-1,310
1,2015,11,5,23,-13,-83.519,-85.92,1850.5,620,2015-11-05 23:00:00,2015-11-06 12:00:00,-1,310
1,2015,11,5,22,-14,-83.588,-86.464,1867.6,615.1,2015-11-05 22:00:00,2015-11-06 12:00:00,-1,310
1,2015,11,5,21,-15,-83.617,-87.062,1885.8,610.2,2015-11-05 21:00:00,2015-11-06 12:00:00,-1,310
1,2015,11,5,20,-16,-83.607,-87.715,1905.3,605.1,2015-11-05 20:00:00,2015-11-06 12:00:00,-1,310
1,2015,11,5,19,-17,-83.559,-88.423,1926,599.6,2015-11-05 19:00:00,2015-11-06 12:00:00,-1,310
1,2015,11,5,18,-18,-83.474,-89.185,1948.1,593.6,2015-11-05 18:00:00,2015-11-06 12:00:00,-1,310
1,2015,11,5,17,-19,-83.356,-89.975,1969.3,586.8,2015-11-05 17:00:00,2015-11-06 12:00:00,-1,310
1,2015,11,5,16,-20,-83.205,-90.759,1987.5,581,2015-11-05 16:00:00,2015-11-06 12:00:00,-1,310
1,2015,11,5,15,-21,-83.023,-91.534,2001.1,575.3,2015-11-05 15:00:00,2015-11-06 12:00:00,-1,310
1,2015,11,5,14,-22,-82.808,-92.305,2009.2,569.5,2015-11-05 14:00:00,2015-11-06 12:00:00,-1,310
1,2015,11,5,13,-23,-82.559,-93.077,2011.6,564.2,2015-11-05 13:00:00,2015-11-06 12:00:00,-1,310
1,2015,11,5,12,-24,-82.271,-93.824,2008.3,561,2015-11-05 12:00:00,2015-11-06 12:00:00,-1,310
1,2015,11,7,12,0,-80.3,-81.3,1500,728.8,2015-11-07 12:00:00,2015-11-07 12:00:00,24,311
1,2015,11,7,11,-1,-80.67,-80.874,1535.5,724.5,2015-11-07 11:00:00,2015-11-07 12:00:00,-1,311
1,2015,11,7,10,-2,-81.021,-80.303,1566,722.1,2015-11-07 10:00:00,2015-11-07 12:00:00,-1,311
1,2015,11,7,9,-3,-81.356,-79.586,1591.2,720.9,2015-11-07 09:00:00,2015-11-07 12:00:00,-1,311
1,2015,11,7,8,-4,-81.677,-78.722,1611.4,720.8,2015-11-07 08:00:00,2015-11-07 12:00:00,-1,311
1,2015,11,7,7,-5,-81.985,-77.712,1627.3,722.1,2015-11-07 07:00:00,2015-11-07 12:00:00,-1,311
1,2015,11,7,6,-6,-82.282,-76.559,1639,723.7,2015-11-07 06:00:00,2015-11-07 12:00:00,-1,311
1,2015,11,7,5,-7,-82.563,-75.268,1647.4,726.1,2015-11-07 05:00:00,2015-11-07 12:00:00,-1,311
1,2015,11,7,4,-8,-82.819,-73.803,1652.3,727.2,2015-11-07 04:00:00,2015-11-07 12:00:00,-1,311
1,2015,11,7,3,-9,-83.047,-72.123,1656,728.4,2015-11-07 03:00:00,2015-11-07 12:00:00,-1,311
1,2015,11,7,2,-10,-83.246,-70.221,1658.4,728.8,2015-11-07 02:00:00,2015-11-07 12:00:00,-1,311
1,2015,11,7,1,-11,-83.413,-68.107,1659.1,727.9,2015-11-07 01:00:00,2015-11-07 12:00:00,-1,311
1,2015,11,7,0,-12,-83.548,-65.797,1660,726.5,2015-11-07,2015-11-07 12:00:00,-1,311
1,2015,11,6,23,-13,-83.651,-63.305,1659.5,723.5,2015-11-06 23:00:00,2015-11-07 12:00:00,-1,311
1,2015,11,6,22,-14,-83.72,-60.67,1656.6,719.6,2015-11-06 22:00:00,2015-11-07 12:00:00,-1,311
1,2015,11,6,21,-15,-83.754,-57.966,1651.2,714.7,2015-11-06 21:00:00,2015-11-07 12:00:00,-1,311
1,2015,11,6,20,-16,-83.755,-55.262,1645.1,708.8,2015-11-06 20:00:00,2015-11-07 12:00:00,-1,311
1,2015,11,6,19,-17,-83.723,-52.619,1639.7,703.4,2015-11-06 19:00:00,2015-11-07 12:00:00,-1,311
1,2015,11,6,18,-18,-83.661,-50.108,1637.2,698.5,2015-11-06 18:00:00,2015-11-07 12:00:00,-1,311
1,2015,11,6,17,-19,-83.565,-47.78,1637.4,693.9,2015-11-06 17:00:00,2015-11-07 12:00:00,-1,311
1,2015,11,6,16,-20,-83.427,-45.67,1639.5,691.1,2015-11-06 16:00:00,2015-11-07 12:00:00,-1,311
1,2015,11,6,15,-21,-83.251,-43.81,1643.5,690.3,2015-11-06 15:00:00,2015-11-07 12:00:00,-1,311
1,2015,11,6,14,-22,-83.037,-42.21,1648.6,691.4,2015-11-06 14:00:00,2015-11-07 12:00:00,-1,311
1,2015,11,6,13,-23,-82.787,-40.866,1652.9,693.7,2015-11-06 13:00:00,2015-11-07 12:00:00,-1,311
1,2015,11,6,12,-24,-82.507,-39.758,1656.3,698.2,2015-11-06 12:00:00,2015-11-07 12:00:00,-1,311
1,2015,11,8,12,0,-80.3,-81.3,1500,723.7,2015-11-08 12:00:00,2015-11-08 12:00:00,24,312
1,2015,11,8,11,-1,-80.638,-82.035,1541.3,707.5,2015-11-08 11:00:00,2015-11-08 12:00:00,-1,312
1,2015,11,8,10,-2,-80.968,-82.542,1577.1,695.1,2015-11-08 10:00:00,2015-11-08 12:00:00,-1,312
1,2015,11,8,9,-3,-81.291,-82.839,1607.7,685.8,2015-11-08 09:00:00,2015-11-08 12:00:00,-1,312
1,2015,11,8,8,-4,-81.608,-82.934,1634,679.1,2015-11-08 08:00:00,2015-11-08 12:00:00,-1,312
1,2015,11,8,7,-5,-81.922,-82.828,1656.7,674.7,2015-11-08 07:00:00,2015-11-08 12:00:00,-1,312
1,2015,11,8,6,-6,-82.237,-82.517,1676.8,672.4,2015-11-08 06:00:00,2015-11-08 12:00:00,-1,312
1,2015,11,8,5,-7,-82.548,-81.961,1696.2,671.5,2015-11-08 05:00:00,2015-11-08 12:00:00,-1,312
1,2015,11,8,4,-8,-82.845,-81.056,1720.2,672.5,2015-11-08 04:00:00,2015-11-08 12:00:00,-1,312
1,2015,11,8,3,-9,-83.123,-79.726,1747.1,675.4,2015-11-08 03:00:00,2015-11-08 12:00:00,-1,312
1,2015,11,8,2,-10,-83.378,-77.985,1775.4,679.4,2015-11-08 02:00:00,2015-11-08 12:00:00,-1,312
1,2015,11,8,1,-11,-83.608,-75.852,1803,683.5,2015-11-08 01:00:00,2015-11-08 12:00:00,-1,312
1,2015,11,8,0,-12,-83.811,-73.337,1829,686.6,2015-11-08,2015-11-08 12:00:00,-1,312
1,2015,11,7,23,-13,-83.977,-70.466,1850.4,688.6,2015-11-07 23:00:00,2015-11-08 12:00:00,-1,312
1,2015,11,7,22,-14,-84.094,-67.309,1865.7,689.2,2015-11-07 22:00:00,2015-11-08 12:00:00,-1,312
1,2015,11,7,21,-15,-84.159,-63.962,1873.6,687.9,2015-11-07 21:00:00,2015-11-08 12:00:00,-1,312
1,2015,11,7,20,-16,-84.17,-60.521,1876.8,685.4,2015-11-07 20:00:00,2015-11-08 12:00:00,-1,312
1,2015,11,7,19,-17,-84.127,-57.093,1876.3,682,2015-11-07 19:00:00,2015-11-08 12:00:00,-1,312
1,2015,11,7,18,-18,-84.033,-53.787,1873.7,678.4,2015-11-07 18:00:00,2015-11-08 12:00:00,-1,312
1,2015,11,7,17,-19,-83.893,-50.638,1871.4,674.3,2015-11-07 17:00:00,2015-11-08 12:00:00,-1,312
1,2015,11,7,16,-20,-83.712,-47.653,1869.6,671.3,2015-11-07 16:00:00,2015-11-08 12:00:00,-1,312
1,2015,11,7,15,-21,-83.489,-44.895,1868.5,669.4,2015-11-07 15:00:00,2015-11-08 12:00:00,-1,312
1,2015,11,7,14,-22,-83.226,-42.396,1867.1,669.6,2015-11-07 14:00:00,2015-11-08 12:00:00,-1,312
1,2015,11,7,13,-23,-82.925,-40.159,1862.6,670.7,2015-11-07 13:00:00,2015-11-08 12:00:00,-1,312
1,2015,11,7,12,-24,-82.589,-38.183,1853.8,673.4,2015-11-07 12:00:00,2015-11-08 12:00:00,-1,312
1,2015,11,9,12,0,-80.3,-81.3,1500,717.4,2015-11-09 12:00:00,2015-11-09 12:00:00,24,313
1,2015,11,9,11,-1,-80.682,-81.519,1538.2,705.8,2015-11-09 11:00:00,2015-11-09 12:00:00,-1,313
1,2015,11,9,10,-2,-81.043,-81.711,1567.4,696.1,2015-11-09 10:00:00,2015-11-09 12:00:00,-1,313
1,2015,11,9,9,-3,-81.38,-81.917,1588.1,687.4,2015-11-09 09:00:00,2015-11-09 12:00:00,-1,313
1,2015,11,9,8,-4,-81.694,-82.178,1600.3,679.4,2015-11-09 08:00:00,2015-11-09 12:00:00,-1,313
1,2015,11,9,7,-5,-81.983,-82.535,1604.3,671.7,2015-11-09 07:00:00,2015-11-09 12:00:00,-1,313
1,2015,11,9,6,-6,-82.247,-83.026,1600.3,664,2015-11-09 06:00:00,2015-11-09 12:00:00,-1,313
1,2015,11,9,5,-7,-82.498,-83.644,1593.8,657.1,2015-11-09 05:00:00,2015-11-09 12:00:00,-1,313
1,2015,11,9,4,-8,-82.743,-84.294,1591.2,650.7,2015-11-09 04:00:00,2015-11-09 12:00:00,-1,313
1,2015,11,9,3,-9,-82.976,-84.911,1594,644.6,2015-11-09 03:00:00,2015-11-09 12:00:00,-1,313
1,2015,11,9,2,-10,-83.198,-85.513,1602.9,639.3,2015-11-09 02:00:00,2015-11-09 12:00:00,-1,313
1,2015,11,9,1,-11,-83.41,-86.116,1618.3,633.9,2015-11-09 01:00:00,2015-11-09 12:00:00,-1,313
1,2015,11,9,0,-12,-83.613,-86.738,1640.8,628.3,2015-11-09,2015-11-09 12:00:00,-1,313
1,2015,11,8,23,-13,-83.799,-87.279,1666.5,622.6,2015-11-08 23:00:00,2015-11-09 12:00:00,-1,313
1,2015,11,8,22,-14,-83.962,-87.613,1691.9,618.8,2015-11-08 22:00:00,2015-11-09 12:00:00,-1,313
1,2015,11,8,21,-15,-84.104,-87.72,1716.4,616.2,2015-11-08 21:00:00,2015-11-09 12:00:00,-1,313
1,2015,11,8,20,-16,-84.228,-87.586,1740,614.8,2015-11-08 20:00:00,2015-11-09 12:00:00,-1,313
1,2015,11,8,19,-17,-84.336,-87.192,1762.8,614.6,2015-11-08 19:00:00,2015-11-09 12:00:00,-1,313
1,2015,11,8,18,-18,-84.431,-86.52,1785.2,615.7,2015-11-08 18:00:00,2015-11-09 12:00:00,-1,313
1,2015,11,8,17,-19,-84.516,-85.559,1807.6,618,2015-11-08 17:00:00,2015-11-09 12:00:00,-1,313
1,2015,11,8,16,-20,-84.597,-84.294,1832.4,620.6,2015-11-08 16:00:00,2015-11-09 12:00:00,-1,313
1,2015,11,8,15,-21,-84.672,-82.703,1858.8,624,2015-11-08 15:00:00,2015-11-09 12:00:00,-1,313
1,2015,11,8,14,-22,-84.74,-80.748,1886.3,628.8,2015-11-08 14:00:00,2015-11-09 12:00:00,-1,313
1,2015,11,8,13,-23,-84.797,-78.375,1914.3,633.8,2015-11-08 13:00:00,2015-11-09 12:00:00,-1,313
1,2015,11,8,12,-24,-84.843,-75.55,1943.1,639.4,2015-11-08 12:00:00,2015-11-09 12:00:00,-1,313
1,2015,11,10,12,0,-80.3,-81.3,1500,726.3,2015-11-10 12:00:00,2015-11-10 12:00:00,24,314
1,2015,11,10,11,-1,-80.438,-80.528,1489.3,733.2,2015-11-10 11:00:00,2015-11-10 12:00:00,-1,314
1,2015,11,10,10,-2,-80.571,-79.689,1475.5,740.9,2015-11-10 10:00:00,2015-11-10 12:00:00,-1,314
1,2015,11,10,9,-3,-80.699,-78.789,1458.2,748.8,2015-11-10 09:00:00,2015-11-10 12:00:00,-1,314
1,2015,11,10,8,-4,-80.821,-77.837,1438,757.2,2015-11-10 08:00:00,2015-11-10 12:00:00,-1,314
1,2015,11,10,7,-5,-80.936,-76.841,1414.5,765.1,2015-11-10 07:00:00,2015-11-10 12:00:00,-1,314
1,2015,11,10,6,-6,-81.043,-75.816,1388,773,2015-11-10 06:00:00,2015-11-10 12:00:00,-1,314
1,2015,11,10,5,-7,-81.145,-74.756,1358.9,781.5,2015-11-10 05:00:00,2015-11-10 12:00:00,-1,314
1,2015,11,10,4,-8,-81.244,-73.643,1326,789.1,2015-11-10 04:00:00,2015-11-10 12:00:00,-1,314
1,2015,11,10,3,-9,-81.341,-72.477,1290.7,797.4,2015-11-10 03:00:00,2015-11-10 12:00:00,-1,314
1,2015,11,10,2,-10,-81.436,-71.26,1252.3,803.6,2015-11-10 02:00:00,2015-11-10 12:00:00,-1,314
1,2015,11,10,1,-11,-81.531,-69.988,1212.6,810.3,2015-11-10 01:00:00,2015-11-10 12:00:00,-1,314
1,2015,11,10,0,-12,-81.626,-68.656,1171.2,815,2015-11-10,2015-11-10 12:00:00,-1,314
1,2015,11,9,23,-13,-81.71,-67.289,1131.6,819.7,2015-11-09 23:00:00,2015-11-10 12:00:00,-1,314
1,2015,11,9,22,-14,-81.775,-65.932,1096.3,822,2015-11-09 22:00:00,2015-11-10 12:00:00,-1,314
1,2015,11,9,21,-15,-81.82,-64.597,1065.5,823.8,2015-11-09 21:00:00,2015-11-10 12:00:00,-1,314
1,2015,11,9,20,-16,-81.847,-63.294,1038.7,824.7,2015-11-09 20:00:00,2015-11-10 12:00:00,-1,314
1,2015,11,9,19,-17,-81.856,-62.032,1016,825,2015-11-09 19:00:00,2015-11-10 12:00:00,-1,314
1,2015,11,9,18,-18,-81.85,-60.816,996.9,824.4,2015-11-09 18:00:00,2015-11-10 12:00:00,-1,314
1,2015,11,9,17,-19,-81.831,-59.619,981.9,823.5,2015-11-09 17:00:00,2015-11-10 12:00:00,-1,314
1,2015,11,9,16,-20,-81.799,-58.403,970.9,822,2015-11-09 16:00:00,2015-11-10 12:00:00,-1,314
1,2015,11,9,15,-21,-81.752,-57.162,963.4,819.8,2015-11-09 15:00:00,2015-11-10 12:00:00,-1,314
1,2015,11,9,14,-22,-81.691,-55.891,958.8,816.9,2015-11-09 14:00:00,2015-11-10 12:00:00,-1,314
1,2015,11,9,13,-23,-81.615,-54.587,956.3,814.1,2015-11-09 13:00:00,2015-11-10 12:00:00,-1,314
1,2015,11,9,12,-24,-81.523,-53.244,955.3,811.4,2015-11-09 12:00:00,2015-11-10 12:00:00,-1,314
1,2015,11,11,12,0,-80.3,-81.3,1500,729.1,2015-11-11 12:00:00,2015-11-11 12:00:00,24,315
1,2015,11,11,11,-1,-80.447,-80.115,1487.4,741.2,2015-11-11 11:00:00,2015-11-11 12:00:00,-1,315
1,2015,11,11,10,-2,-80.579,-78.895,1472.4,752.9,2015-11-11 10:00:00,2015-11-11 12:00:00,-1,315
1,2015,11,11,9,-3,-80.696,-77.651,1455.5,764.6,2015-11-11 09:00:00,2015-11-11 12:00:00,-1,315
1,2015,11,11,8,-4,-80.796,-76.396,1436.1,775.2,2015-11-11 08:00:00,2015-11-11 12:00:00,-1,315
1,2015,11,11,7,-5,-80.879,-75.146,1414.7,786.1,2015-11-11 07:00:00,2015-11-11 12:00:00,-1,315
1,2015,11,11,6,-6,-80.945,-73.914,1390.1,795,2015-11-11 06:00:00,2015-11-11 12:00:00,-1,315
1,2015,11,11,5,-7,-80.996,-72.646,1361.1,804.7,2015-11-11 05:00:00,2015-11-11 12:00:00,-1,315
1,2015,11,11,4,-8,-81.035,-71.29,1323.9,813.5,2015-11-11 04:00:00,2015-11-11 12:00:00,-1,315
1,2015,11,11,3,-9,-81.063,-69.854,1280.7,822.8,2015-11-11 03:00:00,2015-11-11 12:00:00,-1,315
1,2015,11,11,2,-10,-81.08,-68.336,1231.8,829.7,2015-11-11 02:00:00,2015-11-11 12:00:00,-1,315
1,2015,11,11,1,-11,-81.084,-66.737,1179.1,836,2015-11-11 01:00:00,2015-11-11 12:00:00,-1,315
1,2015,11,11,0,-12,-81.074,-65.06,1123.8,841.1,2015-11-11,2015-11-11 12:00:00,-1,315
1,2015,11,10,23,-13,-81.043,-63.375,1070.9,845.1,2015-11-10 23:00:00,2015-11-11 12:00:00,-1,315
1,2015,11,10,22,-14,-80.979,-61.75,1023,848,2015-11-10 22:00:00,2015-11-11 12:00:00,-1,315
1,2015,11,10,21,-15,-80.884,-60.193,980.4,849.7,2015-11-10 21:00:00,2015-11-11 12:00:00,-1,315
1,2015,11,10,20,-16,-80.755,-58.714,943.4,850.7,2015-11-10 20:00:00,2015-11-11 12:00:00,-1,315
1,2015,11,10,19,-17,-80.591,-57.326,911.5,851.2,2015-11-10 19:00:00,2015-11-11 12:00:00,-1,315
1,2015,11,10,18,-18,-80.392,-56.048,885,852.7,2015-11-10 18:00:00,2015-11-11 12:00:00,-1,315
1,2015,11,10,17,-19,-80.167,-54.881,863.3,853.5,2015-11-10 17:00:00,2015-11-11 12:00:00,-1,315
1,2015,11,10,16,-20,-79.927,-53.803,845.9,855.4,2015-11-10 16:00:00,2015-11-11 12:00:00,-1,315
1,2015,11,10,15,-21,-79.673,-52.788,831.5,856.5,2015-11-10 15:00:00,2015-11-11 12:00:00,-1,315
1,2015,11,10,14,-22,-79.404,-51.822,819.6,858.1,2015-11-10 14:00:00,2015-11-11 12:00:00,-1,315
1,2015,11,10,13,-23,-79.123,-50.91,809.6,859.9,2015-11-10 13:00:00,2015-11-11 12:00:00,-1,315
1,2015,11,10,12,-24,-78.829,-50.052,800.7,861.9,2015-11-10 12:00:00,2015-11-11 12:00:00,-1,315
1,2015,11,12,12,0,-80.3,-81.3,1500,730.1,2015-11-12 12:00:00,2015-11-12 12:00:00,24,316
1,2015,11,12,11,-1,-80.441,-81.402,1511.2,725.7,2015-11-12 11:00:00,2015-11-12 12:00:00,-1,316
1,2015,11,12,10,-2,-80.571,-81.44,1520.8,722.5,2015-11-12 10:00:00,2015-11-12 12:00:00,-1,316
1,2015,11,12,9,-3,-80.692,-81.421,1529.1,720.3,2015-11-12 09:00:00,2015-11-12 12:00:00,-1,316
1,2015,11,12,8,-4,-80.803,-81.348,1535.9,718.8,2015-11-12 08:00:00,2015-11-12 12:00:00,-1,316
1,2015,11,12,7,-5,-80.907,-81.225,1541.4,718.2,2015-11-12 07:00:00,2015-11-12 12:00:00,-1,316
1,2015,11,12,6,-6,-81.005,-81.054,1545.5,718.2,2015-11-12 06:00:00,2015-11-12 12:00:00,-1,316
1,2015,11,12,5,-7,-81.1,-80.811,1546.5,719.3,2015-11-12 05:00:00,2015-11-12 12:00:00,-1,316
1,2015,11,12,4,-8,-81.198,-80.468,1540.2,722.1,2015-11-12 04:00:00,2015-11-12 12:00:00,-1,316
1,2015,11,12,3,-9,-81.297,-80.024,1526.6,726.5,2015-11-12 03:00:00,2015-11-12 12:00:00,-1,316
1,2015,11,12,2,-10,-81.397,-79.478,1505.1,732.2,2015-11-12 02:00:00,2015-11-12 12:00:00,-1,316
1,2015,11,12,1,-11,-81.495,-78.83,1475.7,739.5,2015-11-12 01:00:00,2015-11-12 12:00:00,-1,316
1,2015,11,12,0,-12,-81.59,-78.079,1438.4,748.6,2015-11-12,2015-11-12 12:00:00,-1,316
1,2015,11,11,23,-13,-81.676,-77.218,1396.7,759.1,2015-11-11 23:00:00,2015-11-12 12:00:00,-1,316
1,2015,11,11,22,-14,-81.746,-76.241,1355.6,769.6,2015-11-11 22:00:00,2015-11-12 12:00:00,-1,316
1,2015,11,11,21,-15,-81.802,-75.151,1315.5,781.1,2015-11-11 21:00:00,2015-11-12 12:00:00,-1,316
1,2015,11,11,20,-16,-81.844,-73.953,1276,791.8,2015-11-11 20:00:00,2015-11-12 12:00:00,-1,316
1,2015,11,11,19,-17,-81.872,-72.654,1238.4,802.7,2015-11-11 19:00:00,2015-11-12 12:00:00,-1,316
1,2015,11,11,18,-18,-81.886,-71.254,1202.2,812.7,2015-11-11 18:00:00,2015-11-12 12:00:00,-1,316
1,2015,11,11,17,-19,-81.893,-69.792,1167.3,822,2015-11-11 17:00:00,2015-11-12 12:00:00,-1,316
1,2015,11,11,16,-20,-81.896,-68.309,1134.2,828.6,2015-11-11 16:00:00,2015-11-12 12:00:00,-1,316
1,2015,11,11,15,-21,-81.894,-66.804,1103.5,833.7,2015-11-11 15:00:00,2015-11-12 12:00:00,-1,316
1,2015,11,11,14,-22,-81.884,-65.263,1075.4,836.9,2015-11-11 14:00:00,2015-11-12 12:00:00,-1,316
1,2015,11,11,13,-23,-81.865,-63.685,1050.6,838.6,2015-11-11 13:00:00,2015-11-12 12:00:00,-1,316
1,2015,11,11,12,-24,-81.833,-62.082,1029.6,839.2,2015-11-11 12:00:00,2015-11-12 12:00:00,-1,316
1,2015,11,13,12,0,-80.3,-81.3,1500,732.9,2015-11-13 12:00:00,2015-11-13 12:00:00,24,317
1,2015,11,13,11,-1,-80.444,-80.403,1512.3,739.5,2015-11-13 11:00:00,2015-11-13 12:00:00,-1,317
1,2015,11,13,10,-2,-80.585,-79.524,1525.5,744.5,2015-11-13 10:00:00,2015-11-13 12:00:00,-1,317
1,2015,11,13,9,-3,-80.72,-78.659,1538.6,748.7,2015-11-13 09:00:00,2015-11-13 12:00:00,-1,317
1,2015,11,13,8,-4,-80.848,-77.805,1550.9,753,2015-11-13 08:00:00,2015-11-13 12:00:00,-1,317
1,2015,11,13,7,-5,-80.969,-76.96,1561,756.5,2015-11-13 07:00:00,2015-11-13 12:00:00,-1,317
1,2015,11,13,6,-6,-81.08,-76.123,1568.4,759.6,2015-11-13 06:00:00,2015-11-13 12:00:00,-1,317
1,2015,11,13,5,-7,-81.187,-75.307,1573.9,763,2015-11-13 05:00:00,2015-11-13 12:00:00,-1,317
1,2015,11,13,4,-8,-81.294,-74.525,1579.7,765.1,2015-11-13 04:00:00,2015-11-13 12:00:00,-1,317
1,2015,11,13,3,-9,-81.4,-73.778,1585.6,766.5,2015-11-13 03:00:00,2015-11-13 12:00:00,-1,317
1,2015,11,13,2,-10,-81.505,-73.068,1592.1,767.8,2015-11-13 02:00:00,2015-11-13 12:00:00,-1,317
1,2015,11,13,1,-11,-81.61,-72.394,1599.3,768.6,2015-11-13 01:00:00,2015-11-13 12:00:00,-1,317
1,2015,11,13,0,-12,-81.715,-71.751,1607,767.9,2015-11-13,2015-11-13 12:00:00,-1,317
1,2015,11,12,23,-13,-81.814,-71.14,1614.1,767.1,2015-11-12 23:00:00,2015-11-13 12:00:00,-1,317
1,2015,11,12,22,-14,-81.9,-70.573,1620.1,766.7,2015-11-12 22:00:00,2015-11-13 12:00:00,-1,317
1,2015,11,12,21,-15,-81.977,-70.054,1624.4,766.6,2015-11-12 21:00:00,2015-11-13 12:00:00,-1,317
1,2015,11,12,20,-16,-82.043,-69.584,1626.9,765.9,2015-11-12 20:00:00,2015-11-13 12:00:00,-1,317
1,2015,11,12,19,-17,-82.1,-69.169,1628.1,765.5,2015-11-12 19:00:00,2015-11-13 12:00:00,-1,317
1,2015,11,12,18,-18,-82.148,-68.81,1628.1,765.4,2015-11-12 18:00:00,2015-11-13 12:00:00,-1,317
1,2015,11,12,17,-19,-82.191,-68.48,1628,765.5,2015-11-12 17:00:00,2015-11-13 12:00:00,-1,317
1,2015,11,12,16,-20,-82.232,-68.143,1627.9,765.7,2015-11-12 16:00:00,2015-11-13 12:00:00,-1,317
1,2015,11,12,15,-21,-82.27,-67.797,1628.3,765.9,2015-11-12 15:00:00,2015-11-13 12:00:00,-1,317
1,2015,11,12,14,-22,-82.305,-67.439,1629.2,766.1,2015-11-12 14:00:00,2015-11-13 12:00:00,-1,317
1,2015,11,12,13,-23,-82.337,-67.064,1630.6,765.9,2015-11-12 13:00:00,2015-11-13 12:00:00,-1,317
1,2015,11,12,12,-24,-82.365,-66.668,1632.8,765.8,2015-11-12 12:00:00,2015-11-13 12:00:00,-1,317
1,2015,11,14,12,0,-80.3,-81.3,1500,737.5,2015-11-14 12:00:00,2015-11-14 12:00:00,24,318
1,2015,11,14,11,-1,-80.509,-80.734,1516.7,738.8,2015-11-14 11:00:00,2015-11-14 12:00:00,-1,318
1,2015,11,14,10,-2,-80.695,-80.186,1532,740.2,2015-11-14 10:00:00,2015-11-14 12:00:00,-1,318
1,2015,11,14,9,-3,-80.856,-79.667,1545.7,741.2,2015-11-14 09:00:00,2015-11-14 12:00:00,-1,318
1,2015,11,14,8,-4,-80.995,-79.19,1558,742,2015-11-14 08:00:00,2015-11-14 12:00:00,-1,318
1,2015,11,14,7,-5,-81.111,-78.764,1569.5,742.5,2015-11-14 07:00:00,2015-11-14 12:00:00,-1,318
1,2015,11,14,6,-6,-81.206,-78.398,1580.3,742.8,2015-11-14 06:00:00,2015-11-14 12:00:00,-1,318
1,2015,11,14,5,-7,-81.294,-78.033,1589.6,743.5,2015-11-14 05:00:00,2015-11-14 12:00:00,-1,318
1,2015,11,14,4,-8,-81.388,-77.611,1593.3,745.2,2015-11-14 04:00:00,2015-11-14 12:00:00,-1,318
1,2015,11,14,3,-9,-81.488,-77.13,1592.1,747.5,2015-11-14 03:00:00,2015-11-14 12:00:00,-1,318
1,2015,11,14,2,-10,-81.595,-76.586,1586.3,750.4,2015-11-14 02:00:00,2015-11-14 12:00:00,-1,318
1,2015,11,14,1,-11,-81.709,-75.979,1576.3,753.8,2015-11-14 01:00:00,2015-11-14 12:00:00,-1,318
1,2015,11,14,0,-12,-81.829,-75.307,1562.5,757.8,2015-11-14,2015-11-14 12:00:00,-1,318
1,2015,11,13,23,-13,-81.944,-74.549,1545.6,762,2015-11-13 23:00:00,2015-11-14 12:00:00,-1,318
1,2015,11,13,22,-14,-82.039,-73.682,1526,766.9,2015-11-13 22:00:00,2015-11-14 12:00:00,-1,318
1,2015,11,13,21,-15,-82.117,-72.704,1503.8,772.9,2015-11-13 21:00:00,2015-11-14 12:00:00,-1,318
1,2015,11,13,20,-16,-82.177,-71.611,1478.1,779.2,2015-11-13 20:00:00,2015-11-14 12:00:00,-1,318
1,2015,11,13,19,-17,-82.218,-70.404,1449.5,786.3,2015-11-13 19:00:00,2015-11-14 12:00:00,-1,318
1,2015,11,13,18,-18,-82.24,-69.086,1417.5,793.4,2015-11-13 18:00:00,2015-11-14 12:00:00,-1,318
1,2015,11,13,17,-19,-82.25,-67.713,1386.8,800.3,2015-11-13 17:00:00,2015-11-14 12:00:00,-1,318
1,2015,11,13,16,-20,-82.254,-66.342,1361.6,803.9,2015-11-13 16:00:00,2015-11-14 12:00:00,-1,318
1,2015,11,13,15,-21,-82.246,-64.969,1343,806.4,2015-11-13 15:00:00,2015-11-14 12:00:00,-1,318
1,2015,11,13,14,-22,-82.225,-63.587,1330.3,807.4,2015-11-13 14:00:00,2015-11-14 12:00:00,-1,318
1,2015,11,13,13,-23,-82.188,-62.19,1323.7,807.5,2015-11-13 13:00:00,2015-11-14 12:00:00,-1,318
1,2015,11,13,12,-24,-82.132,-60.785,1322.4,806.4,2015-11-13 12:00:00,2015-11-14 12:00:00,-1,318
1,2015,11,15,12,0,-80.3,-81.3,1500,735.2,2015-11-15 12:00:00,2015-11-15 12:00:00,24,319
1,2015,11,15,11,-1,-80.526,-80.921,1503.6,736.3,2015-11-15 11:00:00,2015-11-15 12:00:00,-1,319
1,2015,11,15,10,-2,-80.739,-80.454,1508.1,738.2,2015-11-15 10:00:00,2015-11-15 12:00:00,-1,319
1,2015,11,15,9,-3,-80.941,-79.897,1513.2,740.7,2015-11-15 09:00:00,2015-11-15 12:00:00,-1,319
1,2015,11,15,8,-4,-81.133,-79.252,1518.5,743.2,2015-11-15 08:00:00,2015-11-15 12:00:00,-1,319
1,2015,11,15,7,-5,-81.316,-78.521,1524,746.3,2015-11-15 07:00:00,2015-11-15 12:00:00,-1,319
1,2015,11,15,6,-6,-81.491,-77.706,1529.6,749.8,2015-11-15 06:00:00,2015-11-15 12:00:00,-1,319
1,2015,11,15,5,-7,-81.665,-76.805,1534.8,753.8,2015-11-15 05:00:00,2015-11-15 12:00:00,-1,319
1,2015,11,15,4,-8,-81.84,-75.805,1537.3,758.3,2015-11-15 04:00:00,2015-11-15 12:00:00,-1,319
1,2015,11,15,3,-9,-82.014,-74.688,1538.4,762.9,2015-11-15 03:00:00,2015-11-15 12:00:00,-1,319
1,2015,11,15,2,-10,-82.185,-73.429,1537.9,766.6,2015-11-15 02:00:00,2015-11-15 12:00:00,-1,319
1,2015,11,15,1,-11,-82.351,-72.005,1537.1,770.5,2015-11-15 01:00:00,2015-11-15 12:00:00,-1,319
1,2015,11,15,0,-12,-82.507,-70.378,1536.5,774.3,2015-11-15,2015-11-15 12:00:00,-1,319
1,2015,11,14,23,-13,-82.637,-68.603,1534.6,775.9,2015-11-14 23:00:00,2015-11-15 12:00:00,-1,319
1,2015,11,14,22,-14,-82.731,-66.784,1531.4,776.7,2015-11-14 22:00:00,2015-11-15 12:00:00,-1,319
1,2015,11,14,21,-15,-82.788,-64.957,1526.8,776.6,2015-11-14 21:00:00,2015-11-15 12:00:00,-1,319
1,2015,11,14,20,-16,-82.81,-63.157,1521.5,776.5,2015-11-14 20:00:00,2015-11-15 12:00:00,-1,319
1,2015,11,14,19,-17,-82.798,-61.423,1515.8,776.3,2015-11-14 19:00:00,2015-11-15 12:00:00,-1,319
1,2015,11,14,18,-18,-82.754,-59.779,1510.1,776.2,2015-11-14 18:00:00,2015-11-15 12:00:00,-1,319
1,2015,11,14,17,-19,-82.684,-58.167,1505.4,775.7,2015-11-14 17:00:00,2015-11-15 12:00:00,-1,319
1,2015,11,14,16,-20,-82.59,-56.526,1504.5,775.6,2015-11-14 16:00:00,2015-11-15 12:00:00,-1,319
1,2015,11,14,15,-21,-82.468,-54.875,1506.5,775.1,2015-11-14 15:00:00,2015-11-15 12:00:00,-1,319
1,2015,11,14,14,-22,-82.315,-53.244,1508.8,771.4,2015-11-14 14:00:00,2015-11-15 12:00:00,-1,319
1,2015,11,14,13,-23,-82.131,-51.666,1513.2,768.6,2015-11-14 13:00:00,2015-11-15 12:00:00,-1,319
1,2015,11,14,12,-24,-81.915,-50.161,1519.7,766.9,2015-11-14 12:00:00,2015-11-15 12:00:00,-1,319
1,2015,11,16,12,0,-80.3,-81.3,1500,733.7,2015-11-16 12:00:00,2015-11-16 12:00:00,24,320
1,2015,11,16,11,-1,-80.529,-80.524,1488.9,740.2,2015-11-16 11:00:00,2015-11-16 12:00:00,-1,320
1,2015,11,16,10,-2,-80.738,-79.72,1481.2,746,2015-11-16 10:00:00,2015-11-16 12:00:00,-1,320
1,2015,11,16,9,-3,-80.93,-78.899,1475.5,751.1,2015-11-16 09:00:00,2015-11-16 12:00:00,-1,320
1,2015,11,16,8,-4,-81.107,-78.067,1471.6,756,2015-11-16 08:00:00,2015-11-16 12:00:00,-1,320
1,2015,11,16,7,-5,-81.272,-77.227,1468.9,760.4,2015-11-16 07:00:00,2015-11-16 12:00:00,-1,320
1,2015,11,16,6,-6,-81.428,-76.381,1466.4,764,2015-11-16 06:00:00,2015-11-16 12:00:00,-1,320
1,2015,11,16,5,-7,-81.583,-75.543,1463.6,767.6,2015-11-16 05:00:00,2015-11-16 12:00:00,-1,320
1,2015,11,16,4,-8,-81.744,-74.723,1459.5,770.6,2015-11-16 04:00:00,2015-11-16 12:00:00,-1,320
1,2015,11,16,3,-9,-81.913,-73.911,1455.5,772.3,2015-11-16 03:00:00,2015-11-16 12:00:00,-1,320
1,2015,11,16,2,-10,-82.09,-73.097,1453.3,773.6,2015-11-16 02:00:00,2015-11-16 12:00:00,-1,320
1,2015,11,16,1,-11,-82.276,-72.269,1453.9,774.1,2015-11-16 01:00:00,2015-11-16 12:00:00,-1,320
1,2015,11,16,0,-12,-82.471,-71.411,1458.2,773.2,2015-11-16,2015-11-16 12:00:00,-1,320
1,2015,11,15,23,-13,-82.66,-70.462,1463.9,771,2015-11-15 23:00:00,2015-11-16 12:00:00,-1,320
1,2015,11,15,22,-14,-82.826,-69.367,1468.1,768.9,2015-11-15 22:00:00,2015-11-16 12:00:00,-1,320
1,2015,11,15,21,-15,-82.967,-68.124,1471.4,767.1,2015-11-15 21:00:00,2015-11-16 12:00:00,-1,320
1,2015,11,15,20,-16,-83.081,-66.732,1474.1,765.2,2015-11-15 20:00:00,2015-11-16 12:00:00,-1,320
1,2015,11,15,19,-17,-83.167,-65.193,1476.3,763.7,2015-11-15 19:00:00,2015-11-16 12:00:00,-1,320
1,2015,11,15,18,-18,-83.225,-63.508,1477.6,761.3,2015-11-15 18:00:00,2015-11-16 12:00:00,-1,320
1,2015,11,15,17,-19,-83.258,-61.683,1479.3,759.1,2015-11-15 17:00:00,2015-11-16 12:00:00,-1,320
1,2015,11,15,16,-20,-83.269,-59.726,1480.2,756.6,2015-11-15 16:00:00,2015-11-16 12:00:00,-1,320
1,2015,11,15,15,-21,-83.255,-57.641,1479.9,754,2015-11-15 15:00:00,2015-11-16 12:00:00,-1,320
1,2015,11,15,14,-22,-83.215,-55.442,1477.5,751,2015-11-15 14:00:00,2015-11-16 12:00:00,-1,320
1,2015,11,15,13,-23,-83.149,-53.148,1472.9,747.8,2015-11-15 13:00:00,2015-11-16 12:00:00,-1,320
1,2015,11,15,12,-24,-83.054,-50.8,1466.7,745.3,2015-11-15 12:00:00,2015-11-16 12:00:00,-1,320
1,2015,11,17,12,0,-80.3,-81.3,1500,743.1,2015-11-17 12:00:00,2015-11-17 12:00:00,24,321
1,2015,11,17,11,-1,-80.4,-80.261,1513.3,751.5,2015-11-17 11:00:00,2015-11-17 12:00:00,-1,321
1,2015,11,17,10,-2,-80.503,-79.203,1515.7,760.3,2015-11-17 10:00:00,2015-11-17 12:00:00,-1,321
1,2015,11,17,9,-3,-80.609,-78.132,1509,769.7,2015-11-17 09:00:00,2015-11-17 12:00:00,-1,321
1,2015,11,17,8,-4,-80.719,-77.049,1494.3,779.3,2015-11-17 08:00:00,2015-11-17 12:00:00,-1,321
1,2015,11,17,7,-5,-80.834,-75.953,1472.9,788.2,2015-11-17 07:00:00,2015-11-17 12:00:00,-1,321
1,2015,11,17,6,-6,-80.957,-74.84,1446.9,797.1,2015-11-17 06:00:00,2015-11-17 12:00:00,-1,321
1,2015,11,17,5,-7,-81.078,-73.703,1418.3,804.5,2015-11-17 05:00:00,2015-11-17 12:00:00,-1,321
1,2015,11,17,4,-8,-81.185,-72.541,1389,812.1,2015-11-17 04:00:00,2015-11-17 12:00:00,-1,321
1,2015,11,17,3,-9,-81.277,-71.35,1358,817.7,2015-11-17 03:00:00,2015-11-17 12:00:00,-1,321
1,2015,11,17,2,-10,-81.35,-70.127,1326.4,823.9,2015-11-17 02:00:00,2015-11-17 12:00:00,-1,321
1,2015,11,17,1,-11,-81.405,-68.872,1293.2,828.4,2015-11-17 01:00:00,2015-11-17 12:00:00,-1,321
1,2015,11,17,0,-12,-81.438,-67.588,1259.6,832.9,2015-11-17,2015-11-17 12:00:00,-1,321
1,2015,11,16,23,-13,-81.459,-66.291,1225.5,835.3,2015-11-16 23:00:00,2015-11-17 12:00:00,-1,321
1,2015,11,16,22,-14,-81.472,-64.98,1193.6,837.3,2015-11-16 22:00:00,2015-11-17 12:00:00,-1,321
1,2015,11,16,21,-15,-81.478,-63.645,1163.6,838.1,2015-11-16 21:00:00,2015-11-17 12:00:00,-1,321
1,2015,11,16,20,-16,-81.476,-62.276,1136,838.6,2015-11-16 20:00:00,2015-11-17 12:00:00,-1,321
1,2015,11,16,19,-17,-81.465,-60.865,1110.1,837.5,2015-11-16 19:00:00,2015-11-17 12:00:00,-1,321
1,2015,11,16,18,-18,-81.443,-59.4,1086.4,835.9,2015-11-16 18:00:00,2015-11-17 12:00:00,-1,321
1,2015,11,16,17,-19,-81.402,-57.924,1064.1,834.6,2015-11-16 17:00:00,2015-11-17 12:00:00,-1,321
1,2015,11,16,16,-20,-81.334,-56.487,1042.3,833.5,2015-11-16 16:00:00,2015-11-17 12:00:00,-1,321
1,2015,11,16,15,-21,-81.239,-55.093,1021,832.5,2015-11-16 15:00:00,2015-11-17 12:00:00,-1,321
1,2015,11,16,14,-22,-81.118,-53.748,1000.5,832.4,2015-11-16 14:00:00,2015-11-17 12:00:00,-1,321
1,2015,11,16,13,-23,-80.97,-52.456,980.8,832.7,2015-11-16 13:00:00,2015-11-17 12:00:00,-1,321
1,2015,11,16,12,-24,-80.797,-51.202,962.5,835.3,2015-11-16 12:00:00,2015-11-17 12:00:00,-1,321
1,2015,11,18,12,0,-80.3,-81.3,1500,739.8,2015-11-18 12:00:00,2015-11-18 12:00:00,24,322
1,2015,11,18,11,-1,-80.299,-81.288,1528.7,737.2,2015-11-18 11:00:00,2015-11-18 12:00:00,-1,322
1,2015,11,18,10,-2,-80.289,-81.306,1554.7,734.7,2015-11-18 10:00:00,2015-11-18 12:00:00,-1,322
1,2015,11,18,9,-3,-80.268,-81.355,1577.9,732.4,2015-11-18 09:00:00,2015-11-18 12:00:00,-1,322
1,2015,11,18,8,-4,-80.237,-81.434,1598.4,730.1,2015-11-18 08:00:00,2015-11-18 12:00:00,-1,322
1,2015,11,18,7,-5,-80.195,-81.54,1616.2,727.9,2015-11-18 07:00:00,2015-11-18 12:00:00,-1,322
1,2015,11,18,6,-6,-80.142,-81.671,1631.2,725.9,2015-11-18 06:00:00,2015-11-18 12:00:00,-1,322
1,2015,11,18,5,-7,-80.096,-81.766,1648.5,724.5,2015-11-18 05:00:00,2015-11-18 12:00:00,-1,322
1,2015,11,18,4,-8,-80.076,-81.766,1671.5,722.8,2015-11-18 04:00:00,2015-11-18 12:00:00,-1,322
1,2015,11,18,3,-9,-80.084,-81.674,1701,721,2015-11-18 03:00:00,2015-11-18 12:00:00,-1,322
1,2015,11,18,2,-10,-80.121,-81.49,1736.8,719.1,2015-11-18 02:00:00,2015-11-18 12:00:00,-1,322
1,2015,11,18,1,-11,-80.187,-81.213,1778.9,717.2,2015-11-18 01:00:00,2015-11-18 12:00:00,-1,322
1,2015,11,18,0,-12,-80.285,-80.837,1827.1,715.2,2015-11-18,2015-11-18 12:00:00,-1,322
1,2015,11,17,23,-13,-80.396,-80.363,1873.6,713.4,2015-11-17 23:00:00,2015-11-18 12:00:00,-1,322
1,2015,11,17,22,-14,-80.504,-79.796,1907.7,714.4,2015-11-17 22:00:00,2015-11-18 12:00:00,-1,322
1,2015,11,17,21,-15,-80.606,-79.132,1928.3,717.1,2015-11-17 21:00:00,2015-11-18 12:00:00,-1,322
1,2015,11,17,20,-16,-80.699,-78.368,1935.1,722.1,2015-11-17 20:00:00,2015-11-18 12:00:00,-1,322
1,2015,11,17,19,-17,-80.784,-77.501,1927.8,729.5,2015-11-17 19:00:00,2015-11-18 12:00:00,-1,322
1,2015,11,17,18,-18,-80.856,-76.531,1905.2,738.1,2015-11-17 18:00:00,2015-11-18 12:00:00,-1,322
1,2015,11,17,17,-19,-80.917,-75.494,1876.1,748.7,2015-11-17 17:00:00,2015-11-18 12:00:00,-1,322
1,2015,11,17,16,-20,-80.97,-74.415,1846.9,758,2015-11-17 16:00:00,2015-11-18 12:00:00,-1,322
1,2015,11,17,15,-21,-81.009,-73.295,1817.2,766.8,2015-11-17 15:00:00,2015-11-18 12:00:00,-1,322
1,2015,11,17,14,-22,-81.033,-72.136,1786.9,775.3,2015-11-17 14:00:00,2015-11-18 12:00:00,-1,322
1,2015,11,17,13,-23,-81.038,-70.943,1755.1,782.7,2015-11-17 13:00:00,2015-11-18 12:00:00,-1,322
1,2015,11,17,12,-24,-81.021,-69.725,1722,790.4,2015-11-17 12:00:00,2015-11-18 12:00:00,-1,322
1,2015,11,19,12,0,-80.3,-81.3,1500,737.6,2015-11-19 12:00:00,2015-11-19 12:00:00,24,323
1,2015,11,19,11,-1,-80.364,-82.389,1549.4,720,2015-11-19 11:00:00,2015-11-19 12:00:00,-1,323
1,2015,11,19,10,-2,-80.404,-83.41,1594.7,703.3,2015-11-19 10:00:00,2015-11-19 12:00:00,-1,323
1,2015,11,19,9,-3,-80.421,-84.35,1634.7,688.7,2015-11-19 09:00:00,2015-11-19 12:00:00,-1,323
1,2015,11,19,8,-4,-80.417,-85.194,1668.9,676,2015-11-19 08:00:00,2015-11-19 12:00:00,-1,323
1,2015,11,19,7,-5,-80.398,-85.927,1697,665.7,2015-11-19 07:00:00,2015-11-19 12:00:00,-1,323
1,2015,11,19,6,-6,-80.364,-86.538,1718.7,657.6,2015-11-19 06:00:00,2015-11-19 12:00:00,-1,323
1,2015,11,19,5,-7,-80.319,-87.071,1733.7,651,2015-11-19 05:00:00,2015-11-19 12:00:00,-1,323
1,2015,11,19,4,-8,-80.263,-87.573,1743.1,645.2,2015-11-19 04:00:00,2015-11-19 12:00:00,-1,323
1,2015,11,19,3,-9,-80.196,-88.049,1747,640.7,2015-11-19 03:00:00,2015-11-19 12:00:00,-1,323
1,2015,11,19,2,-10,-80.119,-88.498,1744.7,637.1,2015-11-19 02:00:00,2015-11-19 12:00:00,-1,323
1,2015,11,19,1,-11,-80.03,-88.924,1736.5,634.3,2015-11-19 01:00:00,2015-11-19 12:00:00,-1,323
1,2015,11,19,0,-12,-79.929,-89.323,1722.8,632.7,2015-11-19,2015-11-19 12:00:00,-1,323
1,2015,11,18,23,-13,-79.813,-89.684,1705.7,632.1,2015-11-18 23:00:00,2015-11-19 12:00:00,-1,323
1,2015,11,18,22,-14,-79.684,-90.001,1689.1,631.8,2015-11-18 22:00:00,2015-11-19 12:00:00,-1,323
1,2015,11,18,21,-15,-79.541,-90.267,1672.6,632.9,2015-11-18 21:00:00,2015-11-19 12:00:00,-1,323
1,2015,11,18,20,-16,-79.386,-90.477,1655.3,634.7,2015-11-18 20:00:00,2015-11-19 12:00:00,-1,323
1,2015,11,18,19,-17,-79.218,-90.629,1636.4,637.4,2015-11-18 19:00:00,2015-11-19 12:00:00,-1,323
1,2015,11,18,18,-18,-79.039,-90.724,1615.2,640.9,2015-11-18 18:00:00,2015-11-19 12:00:00,-1,323
1,2015,11,18,17,-19,-78.852,-90.731,1592.3,645.3,2015-11-18 17:00:00,2015-11-19 12:00:00,-1,323
1,2015,11,18,16,-20,-78.659,-90.629,1568.1,650.5,2015-11-18 16:00:00,2015-11-19 12:00:00,-1,323
1,2015,11,18,15,-21,-78.458,-90.427,1542.9,656.5,2015-11-18 15:00:00,2015-11-19 12:00:00,-1,323
1,2015,11,18,14,-22,-78.249,-90.136,1516.6,663.1,2015-11-18 14:00:00,2015-11-19 12:00:00,-1,323
1,2015,11,18,13,-23,-78.029,-89.768,1489.8,670.8,2015-11-18 13:00:00,2015-11-19 12:00:00,-1,323
1,2015,11,18,12,-24,-77.798,-89.332,1463,679,2015-11-18 12:00:00,2015-11-19 12:00:00,-1,323
1,2015,11,20,12,0,-80.3,-81.3,1500,732.6,2015-11-20 12:00:00,2015-11-20 12:00:00,24,324
1,2015,11,20,11,-1,-80.233,-81.422,1518.9,730.8,2015-11-20 11:00:00,2015-11-20 12:00:00,-1,324
1,2015,11,20,10,-2,-80.164,-81.59,1538.7,728.4,2015-11-20 10:00:00,2015-11-20 12:00:00,-1,324
1,2015,11,20,9,-3,-80.094,-81.798,1559.8,725.4,2015-11-20 09:00:00,2015-11-20 12:00:00,-1,324
1,2015,11,20,8,-4,-80.022,-82.039,1582.7,721.9,2015-11-20 08:00:00,2015-11-20 12:00:00,-1,324
1,2015,11,20,7,-5,-79.948,-82.3,1606.9,717.3,2015-11-20 07:00:00,2015-11-20 12:00:00,-1,324
1,2015,11,20,6,-6,-79.874,-82.572,1632.5,712.3,2015-11-20 06:00:00,2015-11-20 12:00:00,-1,324
1,2015,11,20,5,-7,-79.803,-82.866,1659.8,707.2,2015-11-20 05:00:00,2015-11-20 12:00:00,-1,324
1,2015,11,20,4,-8,-79.737,-83.202,1687.1,701.4,2015-11-20 04:00:00,2015-11-20 12:00:00,-1,324
1,2015,11,20,3,-9,-79.678,-83.582,1714.7,695.1,2015-11-20 03:00:00,2015-11-20 12:00:00,-1,324
1,2015,11,20,2,-10,-79.623,-84.008,1742.6,688.4,2015-11-20 02:00:00,2015-11-20 12:00:00,-1,324
1,2015,11,20,1,-11,-79.573,-84.481,1770.9,681.1,2015-11-20 01:00:00,2015-11-20 12:00:00,-1,324
1,2015,11,20,0,-12,-79.526,-85.002,1799.4,673.4,2015-11-20,2015-11-20 12:00:00,-1,324
1,2015,11,19,23,-13,-79.479,-85.539,1827.2,665.2,2015-11-19 23:00:00,2015-11-20 12:00:00,-1,324
1,2015,11,19,22,-14,-79.431,-86.063,1853.8,657.6,2015-11-19 22:00:00,2015-11-20 12:00:00,-1,324
1,2015,11,19,21,-15,-79.384,-86.578,1878.7,650.3,2015-11-19 21:00:00,2015-11-20 12:00:00,-1,324
1,2015,11,19,20,-16,-79.338,-87.091,1901.9,643.3,2015-11-19 20:00:00,2015-11-20 12:00:00,-1,324
1,2015,11,19,19,-17,-79.295,-87.607,1923.1,636.8,2015-11-19 19:00:00,2015-11-20 12:00:00,-1,324
1,2015,11,19,18,-18,-79.254,-88.133,1942.4,631.3,2015-11-19 18:00:00,2015-11-20 12:00:00,-1,324
1,2015,11,19,17,-19,-79.208,-88.693,1958.5,625.5,2015-11-19 17:00:00,2015-11-20 12:00:00,-1,324
1,2015,11,19,16,-20,-79.152,-89.301,1971.7,619.8,2015-11-19 16:00:00,2015-11-20 12:00:00,-1,324
1,2015,11,19,15,-21,-79.081,-89.951,1981.7,614.3,2015-11-19 15:00:00,2015-11-20 12:00:00,-1,324
1,2015,11,19,14,-22,-78.995,-90.633,1989.7,610.1,2015-11-19 14:00:00,2015-11-20 12:00:00,-1,324
1,2015,11,19,13,-23,-78.89,-91.327,1995.2,606.6,2015-11-19 13:00:00,2015-11-20 12:00:00,-1,324
1,2015,11,19,12,-24,-78.765,-92.019,1998.5,603.8,2015-11-19 12:00:00,2015-11-20 12:00:00,-1,324
1,2015,11,21,12,0,-80.3,-81.3,1500,728.1,2015-11-21 12:00:00,2015-11-21 12:00:00,24,325
1,2015,11,21,11,-1,-80.326,-81.049,1486.9,732,2015-11-21 11:00:00,2015-11-21 12:00:00,-1,325
1,2015,11,21,10,-2,-80.343,-80.814,1477.6,735.4,2015-11-21 10:00:00,2015-11-21 12:00:00,-1,325
1,2015,11,21,9,-3,-80.351,-80.595,1472.2,738.3,2015-11-21 09:00:00,2015-11-21 12:00:00,-1,325
1,2015,11,21,8,-4,-80.352,-80.393,1470.5,740.8,2015-11-21 08:00:00,2015-11-21 12:00:00,-1,325
1,2015,11,21,7,-5,-80.345,-80.206,1472.4,743,2015-11-21 07:00:00,2015-11-21 12:00:00,-1,325
1,2015,11,21,6,-6,-80.331,-80.036,1477.8,744.7,2015-11-21 06:00:00,2015-11-21 12:00:00,-1,325
1,2015,11,21,5,-7,-80.309,-79.848,1484,746.6,2015-11-21 05:00:00,2015-11-21 12:00:00,-1,325
1,2015,11,21,4,-8,-80.276,-79.606,1486.6,749.9,2015-11-21 04:00:00,2015-11-21 12:00:00,-1,325
1,2015,11,21,3,-9,-80.234,-79.307,1486,754.2,2015-11-21 03:00:00,2015-11-21 12:00:00,-1,325
1,2015,11,21,2,-10,-80.182,-78.948,1482.2,759.7,2015-11-21 02:00:00,2015-11-21 12:00:00,-1,325
1,2015,11,21,1,-11,-80.121,-78.527,1474.7,766.2,2015-11-21 01:00:00,2015-11-21 12:00:00,-1,325
1,2015,11,21,0,-12,-80.052,-78.043,1463.3,773.9,2015-11-21,2015-11-21 12:00:00,-1,325
1,2015,11,20,23,-13,-79.985,-77.54,1447.7,781.9,2015-11-20 23:00:00,2015-11-21 12:00:00,-1,325
1,2015,11,20,22,-14,-79.926,-77.078,1430.1,787.7,2015-11-20 22:00:00,2015-11-21 12:00:00,-1,325
1,2015,11,20,21,-15,-79.875,-76.669,1410.9,793.2,2015-11-20 21:00:00,2015-11-21 12:00:00,-1,325
1,2015,11,20,20,-16,-79.834,-76.315,1390.2,798.5,2015-11-20 20:00:00,2015-11-21 12:00:00,-1,325
1,2015,11,20,19,-17,-79.803,-76.02,1368.3,803.5,2015-11-20 19:00:00,2015-11-21 12:00:00,-1,325
1,2015,11,20,18,-18,-79.783,-75.786,1345.3,808.2,2015-11-20 18:00:00,2015-11-21 12:00:00,-1,325
1,2015,11,20,17,-19,-79.774,-75.608,1323.6,812.5,2015-11-20 17:00:00,2015-11-21 12:00:00,-1,325
1,2015,11,20,16,-20,-79.778,-75.487,1309,815.4,2015-11-20 16:00:00,2015-11-21 12:00:00,-1,325
1,2015,11,20,15,-21,-79.794,-75.425,1300.4,817.1,2015-11-20 15:00:00,2015-11-21 12:00:00,-1,325
1,2015,11,20,14,-22,-79.82,-75.427,1298.2,817.6,2015-11-20 14:00:00,2015-11-21 12:00:00,-1,325
1,2015,11,20,13,-23,-79.856,-75.494,1302.4,816.9,2015-11-20 13:00:00,2015-11-21 12:00:00,-1,325
1,2015,11,20,12,-24,-79.901,-75.629,1313.3,814.8,2015-11-20 12:00:00,2015-11-21 12:00:00,-1,325
1,2015,11,22,12,0,-80.3,-81.3,1500,724.8,2015-11-22 12:00:00,2015-11-22 12:00:00,24,326
1,2015,11,22,11,-1,-80.557,-80.966,1498,725,2015-11-22 11:00:00,2015-11-22 12:00:00,-1,326
1,2015,11,22,10,-2,-80.81,-80.552,1494.4,726.2,2015-11-22 10:00:00,2015-11-22 12:00:00,-1,326
1,2015,11,22,9,-3,-81.058,-80.065,1490.1,728,2015-11-22 09:00:00,2015-11-22 12:00:00,-1,326
1,2015,11,22,8,-4,-81.301,-79.509,1485.5,729.9,2015-11-22 08:00:00,2015-11-22 12:00:00,-1,326
1,2015,11,22,7,-5,-81.537,-78.89,1481.8,731.9,2015-11-22 07:00:00,2015-11-22 12:00:00,-1,326
1,2015,11,22,6,-6,-81.766,-78.211,1479.8,734.1,2015-11-22 06:00:00,2015-11-22 12:00:00,-1,326
1,2015,11,22,5,-7,-81.985,-77.51,1479.1,736,2015-11-22 05:00:00,2015-11-22 12:00:00,-1,326
1,2015,11,22,4,-8,-82.19,-76.835,1477.2,737.1,2015-11-22 04:00:00,2015-11-22 12:00:00,-1,326
1,2015,11,22,3,-9,-82.38,-76.199,1475.1,738.1,2015-11-22 03:00:00,2015-11-22 12:00:00,-1,326
1,2015,11,22,2,-10,-82.554,-75.604,1472.4,738.9,2015-11-22 02:00:00,2015-11-22 12:00:00,-1,326
1,2015,11,22,1,-11,-82.71,-75.042,1468.2,739.3,2015-11-22 01:00:00,2015-11-22 12:00:00,-1,326
1,2015,11,22,0,-12,-82.848,-74.505,1461.8,739.4,2015-11-22,2015-11-22 12:00:00,-1,326
1,2015,11,21,23,-13,-82.963,-73.99,1452.3,739.6,2015-11-21 23:00:00,2015-11-22 12:00:00,-1,326
1,2015,11,21,22,-14,-83.052,-73.503,1440.7,740.7,2015-11-21 22:00:00,2015-11-22 12:00:00,-1,326
1,2015,11,21,21,-15,-83.118,-73.05,1427.1,742.3,2015-11-21 21:00:00,2015-11-22 12:00:00,-1,326
1,2015,11,21,20,-16,-83.163,-72.641,1411.7,744.5,2015-11-21 20:00:00,2015-11-22 12:00:00,-1,326
1,2015,11,21,19,-17,-83.19,-72.287,1394.8,746.8,2015-11-21 19:00:00,2015-11-22 12:00:00,-1,326
1,2015,11,21,18,-18,-83.2,-71.997,1376.5,749.2,2015-11-21 18:00:00,2015-11-22 12:00:00,-1,326
1,2015,11,21,17,-19,-83.197,-71.737,1358.5,752.2,2015-11-21 17:00:00,2015-11-22 12:00:00,-1,326
1,2015,11,21,16,-20,-83.184,-71.467,1344.1,755.1,2015-11-21 16:00:00,2015-11-22 12:00:00,-1,326
1,2015,11,21,15,-21,-83.16,-71.196,1332.6,757.9,2015-11-21 15:00:00,2015-11-22 12:00:00,-1,326
1,2015,11,21,14,-22,-83.127,-70.932,1323.9,760.8,2015-11-21 14:00:00,2015-11-22 12:00:00,-1,326
1,2015,11,21,13,-23,-83.083,-70.684,1318,763.7,2015-11-21 13:00:00,2015-11-22 12:00:00,-1,326
1,2015,11,21,12,-24,-83.028,-70.462,1314.8,766.5,2015-11-21 12:00:00,2015-11-22 12:00:00,-1,326
1,2015,11,23,12,0,-80.3,-81.3,1500,726.3,2015-11-23 12:00:00,2015-11-23 12:00:00,24,327
1,2015,11,23,11,-1,-80.445,-80.368,1517.2,732.2,2015-11-23 11:00:00,2015-11-23 12:00:00,-1,327
1,2015,11,23,10,-2,-80.567,-79.452,1523.5,739.1,2015-11-23 10:00:00,2015-11-23 12:00:00,-1,327
1,2015,11,23,9,-3,-80.668,-78.567,1520,746.3,2015-11-23 09:00:00,2015-11-23 12:00:00,-1,327
1,2015,11,23,8,-4,-80.75,-77.729,1508,754,2015-11-23 08:00:00,2015-11-23 12:00:00,-1,327
1,2015,11,23,7,-5,-80.816,-76.949,1487.9,761.1,2015-11-23 07:00:00,2015-11-23 12:00:00,-1,327
1,2015,11,23,6,-6,-80.868,-76.233,1461.2,767.9,2015-11-23 06:00:00,2015-11-23 12:00:00,-1,327
1,2015,11,23,5,-7,-80.917,-75.569,1433.1,775.3,2015-11-23 05:00:00,2015-11-23 12:00:00,-1,327
1,2015,11,23,4,-8,-80.974,-74.93,1405.3,781.8,2015-11-23 04:00:00,2015-11-23 12:00:00,-1,327
1,2015,11,23,3,-9,-81.036,-74.304,1378.1,787.1,2015-11-23 03:00:00,2015-11-23 12:00:00,-1,327
1,2015,11,23,2,-10,-81.103,-73.681,1352.1,792.2,2015-11-23 02:00:00,2015-11-23 12:00:00,-1,327
1,2015,11,23,1,-11,-81.175,-73.054,1327.4,797.1,2015-11-23 01:00:00,2015-11-23 12:00:00,-1,327
1,2015,11,23,0,-12,-81.25,-72.417,1304,801.5,2015-11-23,2015-11-23 12:00:00,-1,327
1,2015,11,22,23,-13,-81.321,-71.735,1279.4,805,2015-11-22 23:00:00,2015-11-23 12:00:00,-1,327
1,2015,11,22,22,-14,-81.38,-70.984,1252.5,809.4,2015-11-22 22:00:00,2015-11-23 12:00:00,-1,327
1,2015,11,22,21,-15,-81.427,-70.168,1223.2,814.6,2015-11-22 21:00:00,2015-11-23 12:00:00,-1,327
1,2015,11,22,20,-16,-81.462,-69.286,1191.1,819.1,2015-11-22 20:00:00,2015-11-23 12:00:00,-1,327
1,2015,11,22,19,-17,-81.486,-68.331,1156.7,824,2015-11-22 19:00:00,2015-11-23 12:00:00,-1,327
1,2015,11,22,18,-18,-81.497,-67.301,1119.9,829.3,2015-11-22 18:00:00,2015-11-23 12:00:00,-1,327
1,2015,11,22,17,-19,-81.499,-66.234,1083.1,833.3,2015-11-22 17:00:00,2015-11-23 12:00:00,-1,327
1,2015,11,22,16,-20,-81.496,-65.166,1049.7,836.8,2015-11-22 16:00:00,2015-11-23 12:00:00,-1,327
1,2015,11,22,15,-21,-81.485,-64.095,1019.4,839.1,2015-11-22 15:00:00,2015-11-23 12:00:00,-1,327
1,2015,11,22,14,-22,-81.466,-63.019,992.5,841,2015-11-22 14:00:00,2015-11-23 12:00:00,-1,327
1,2015,11,22,13,-23,-81.436,-61.936,968.2,842,2015-11-22 13:00:00,2015-11-23 12:00:00,-1,327
1,2015,11,22,12,-24,-81.395,-60.85,946.4,842.1,2015-11-22 12:00:00,2015-11-23 12:00:00,-1,327
1,2015,11,24,12,0,-80.3,-81.3,1500,728.5,2015-11-24 12:00:00,2015-11-24 12:00:00,24,328
1,2015,11,24,11,-1,-80.464,-80.794,1488.7,732.7,2015-11-24 11:00:00,2015-11-24 12:00:00,-1,328
1,2015,11,24,10,-2,-80.617,-80.147,1471.7,739.3,2015-11-24 10:00:00,2015-11-24 12:00:00,-1,328
1,2015,11,24,9,-3,-80.758,-79.373,1448,747.2,2015-11-24 09:00:00,2015-11-24 12:00:00,-1,328
1,2015,11,24,8,-4,-80.888,-78.486,1417.8,756.7,2015-11-24 08:00:00,2015-11-24 12:00:00,-1,328
1,2015,11,24,7,-5,-81.007,-77.504,1381,767.7,2015-11-24 07:00:00,2015-11-24 12:00:00,-1,328
1,2015,11,24,6,-6,-81.116,-76.441,1336.6,778.8,2015-11-24 06:00:00,2015-11-24 12:00:00,-1,328
1,2015,11,24,5,-7,-81.212,-75.322,1287.4,791.6,2015-11-24 05:00:00,2015-11-24 12:00:00,-1,328
1,2015,11,24,4,-8,-81.293,-74.157,1234.7,803.1,2015-11-24 04:00:00,2015-11-24 12:00:00,-1,328
1,2015,11,24,3,-9,-81.356,-72.937,1179.9,814.9,2015-11-24 03:00:00,2015-11-24 12:00:00,-1,328
1,2015,11,24,2,-10,-81.401,-71.656,1123.3,825.9,2015-11-24 02:00:00,2015-11-24 12:00:00,-1,328
1,2015,11,24,1,-11,-81.427,-70.31,1065.9,836.9,2015-11-24 01:00:00,2015-11-24 12:00:00,-1,328
1,2015,11,24,0,-12,-81.435,-68.89,1008.1,846.8,2015-11-24,2015-11-24 12:00:00,-1,328
1,2015,11,23,23,-13,-81.424,-67.426,952.8,855.9,2015-11-23 23:00:00,2015-11-24 12:00:00,-1,328
1,2015,11,23,22,-14,-81.393,-65.972,900.4,861.3,2015-11-23 22:00:00,2015-11-24 12:00:00,-1,328
1,2015,11,23,21,-15,-81.342,-64.543,851.7,865.8,2015-11-23 21:00:00,2015-11-24 12:00:00,-1,328
1,2015,11,23,20,-16,-81.27,-63.142,806,869.1,2015-11-23 20:00:00,2015-11-24 12:00:00,-1,328
1,2015,11,23,19,-17,-81.176,-61.778,763,871.9,2015-11-23 19:00:00,2015-11-24 12:00:00,-1,328
1,2015,11,23,18,-18,-81.062,-60.466,721.9,874.4,2015-11-23 18:00:00,2015-11-24 12:00:00,-1,328
1,2015,11,23,17,-19,-80.93,-59.208,683.3,876.5,2015-11-23 17:00:00,2015-11-24 12:00:00,-1,328
1,2015,11,23,16,-20,-80.78,-57.999,648.2,878.1,2015-11-23 16:00:00,2015-11-24 12:00:00,-1,328
1,2015,11,23,15,-21,-80.613,-56.843,616.5,879.9,2015-11-23 15:00:00,2015-11-24 12:00:00,-1,328
1,2015,11,23,14,-22,-80.427,-55.749,587.6,881.8,2015-11-23 14:00:00,2015-11-24 12:00:00,-1,328
1,2015,11,23,13,-23,-80.222,-54.724,561.1,884,2015-11-23 13:00:00,2015-11-24 12:00:00,-1,328
1,2015,11,23,12,-24,-79.999,-53.773,537.2,886.8,2015-11-23 12:00:00,2015-11-24 12:00:00,-1,328
1,2015,11,25,12,0,-80.3,-81.3,1500,725.7,2015-11-25 12:00:00,2015-11-25 12:00:00,24,329
1,2015,11,25,11,-1,-80.434,-80.56,1490.2,732.6,2015-11-25 11:00:00,2015-11-25 12:00:00,-1,329
1,2015,11,25,10,-2,-80.56,-79.792,1476.7,740,2015-11-25 10:00:00,2015-11-25 12:00:00,-1,329
1,2015,11,25,9,-3,-80.678,-79.008,1459.8,747.4,2015-11-25 09:00:00,2015-11-25 12:00:00,-1,329
1,2015,11,25,8,-4,-80.786,-78.224,1440.4,755,2015-11-25 08:00:00,2015-11-25 12:00:00,-1,329
1,2015,11,25,7,-5,-80.886,-77.457,1419.2,762.8,2015-11-25 07:00:00,2015-11-25 12:00:00,-1,329
1,2015,11,25,6,-6,-80.978,-76.716,1395.6,769.2,2015-11-25 06:00:00,2015-11-25 12:00:00,-1,329
1,2015,11,25,5,-7,-81.06,-75.944,1370.6,776.5,2015-11-25 05:00:00,2015-11-25 12:00:00,-1,329
1,2015,11,25,4,-8,-81.132,-75.081,1342.8,785.1,2015-11-25 04:00:00,2015-11-25 12:00:00,-1,329
1,2015,11,25,3,-9,-81.194,-74.126,1311.6,793.6,2015-11-25 03:00:00,2015-11-25 12:00:00,-1,329
1,2015,11,25,2,-10,-81.246,-73.079,1278.1,802.9,2015-11-25 02:00:00,2015-11-25 12:00:00,-1,329
1,2015,11,25,1,-11,-81.288,-71.943,1242.2,811.5,2015-11-25 01:00:00,2015-11-25 12:00:00,-1,329
1,2015,11,25,0,-12,-81.318,-70.719,1204.2,819.7,2015-11-25,2015-11-25 12:00:00,-1,329
1,2015,11,24,23,-13,-81.336,-69.475,1164.6,826.7,2015-11-24 23:00:00,2015-11-25 12:00:00,-1,329
1,2015,11,24,22,-14,-81.341,-68.275,1123.5,832.6,2015-11-24 22:00:00,2015-11-25 12:00:00,-1,329
1,2015,11,24,21,-15,-81.331,-67.123,1081.5,838.3,2015-11-24 21:00:00,2015-11-25 12:00:00,-1,329
1,2015,11,24,20,-16,-81.307,-66.024,1038.8,843,2015-11-24 20:00:00,2015-11-25 12:00:00,-1,329
1,2015,11,24,19,-17,-81.267,-64.987,996.2,847.8,2015-11-24 19:00:00,2015-11-25 12:00:00,-1,329
1,2015,11,24,18,-18,-81.213,-64.019,953.6,851.7,2015-11-24 18:00:00,2015-11-25 12:00:00,-1,329
1,2015,11,24,17,-19,-81.146,-63.108,913.9,855.6,2015-11-24 17:00:00,2015-11-25 12:00:00,-1,329
1,2015,11,24,16,-20,-81.069,-62.235,879.8,858.2,2015-11-24 16:00:00,2015-11-25 12:00:00,-1,329
1,2015,11,24,15,-21,-80.985,-61.395,851.2,860.1,2015-11-24 15:00:00,2015-11-25 12:00:00,-1,329
1,2015,11,24,14,-22,-80.893,-60.583,827.8,861.5,2015-11-24 14:00:00,2015-11-25 12:00:00,-1,329
1,2015,11,24,13,-23,-80.796,-59.795,809.4,862.1,2015-11-24 13:00:00,2015-11-25 12:00:00,-1,329
1,2015,11,24,12,-24,-80.694,-59.024,795.5,862,2015-11-24 12:00:00,2015-11-25 12:00:00,-1,329
1,2015,11,26,12,0,-80.3,-81.3,1500,724.7,2015-11-26 12:00:00,2015-11-26 12:00:00,24,330
1,2015,11,26,11,-1,-80.534,-80.966,1490.8,725.9,2015-11-26 11:00:00,2015-11-26 12:00:00,-1,330
1,2015,11,26,10,-2,-80.736,-80.614,1480.4,727.9,2015-11-26 10:00:00,2015-11-26 12:00:00,-1,330
1,2015,11,26,9,-3,-80.909,-80.254,1468.9,730.5,2015-11-26 09:00:00,2015-11-26 12:00:00,-1,330
1,2015,11,26,8,-4,-81.055,-79.893,1456.1,733.4,2015-11-26 08:00:00,2015-11-26 12:00:00,-1,330
1,2015,11,26,7,-5,-81.175,-79.54,1441.8,736.4,2015-11-26 07:00:00,2015-11-26 12:00:00,-1,330
1,2015,11,26,6,-6,-81.272,-79.2,1426.3,739.7,2015-11-26 06:00:00,2015-11-26 12:00:00,-1,330
1,2015,11,26,5,-7,-81.357,-78.853,1408.3,743.1,2015-11-26 05:00:00,2015-11-26 12:00:00,-1,330
1,2015,11,26,4,-8,-81.442,-78.469,1387.1,747.3,2015-11-26 04:00:00,2015-11-26 12:00:00,-1,330
1,2015,11,26,3,-9,-81.526,-78.04,1362.5,752.2,2015-11-26 03:00:00,2015-11-26 12:00:00,-1,330
1,2015,11,26,2,-10,-81.609,-77.561,1334.8,757.9,2015-11-26 02:00:00,2015-11-26 12:00:00,-1,330
1,2015,11,26,1,-11,-81.691,-77.023,1303.8,763.7,2015-11-26 01:00:00,2015-11-26 12:00:00,-1,330
1,2015,11,26,0,-12,-81.77,-76.416,1270.1,770.3,2015-11-26,2015-11-26 12:00:00,-1,330
1,2015,11,25,23,-13,-81.837,-75.692,1233.6,777.9,2015-11-25 23:00:00,2015-11-26 12:00:00,-1,330
1,2015,11,25,22,-14,-81.884,-74.813,1192.4,787.6,2015-11-25 22:00:00,2015-11-26 12:00:00,-1,330
1,2015,11,25,21,-15,-81.91,-73.789,1146.9,798.1,2015-11-25 21:00:00,2015-11-26 12:00:00,-1,330
1,2015,11,25,20,-16,-81.917,-72.634,1098.1,810.4,2015-11-25 20:00:00,2015-11-26 12:00:00,-1,330
1,2015,11,25,19,-17,-81.904,-71.357,1045.6,822.2,2015-11-25 19:00:00,2015-11-26 12:00:00,-1,330
1,2015,11,25,18,-18,-81.873,-69.966,990.8,835,2015-11-25 18:00:00,2015-11-26 12:00:00,-1,330
1,2015,11,25,17,-19,-81.829,-68.516,935.8,845,2015-11-25 17:00:00,2015-11-26 12:00:00,-1,330
1,2015,11,25,16,-20,-81.777,-67.058,883.5,853.3,2015-11-25 16:00:00,2015-11-26 12:00:00,-1,330
1,2015,11,25,15,-21,-81.714,-65.592,833.6,859.9,2015-11-25 15:00:00,2015-11-26 12:00:00,-1,330
1,2015,11,25,14,-22,-81.637,-64.114,786.1,865,2015-11-25 14:00:00,2015-11-26 12:00:00,-1,330
1,2015,11,25,13,-23,-81.542,-62.626,740.4,869.2,2015-11-25 13:00:00,2015-11-26 12:00:00,-1,330
1,2015,11,25,12,-24,-81.426,-61.134,696.1,872.5,2015-11-25 12:00:00,2015-11-26 12:00:00,-1,330
1,2015,11,27,12,0,-80.3,-81.3,1500,725.6,2015-11-27 12:00:00,2015-11-27 12:00:00,24,331
1,2015,11,27,11,-1,-80.477,-81.089,1506.4,724.6,2015-11-27 11:00:00,2015-11-27 12:00:00,-1,331
1,2015,11,27,10,-2,-80.642,-80.816,1508.8,724.9,2015-11-27 10:00:00,2015-11-27 12:00:00,-1,331
1,2015,11,27,9,-3,-80.796,-80.491,1507.4,726.1,2015-11-27 09:00:00,2015-11-27 12:00:00,-1,331
1,2015,11,27,8,-4,-80.94,-80.124,1502.4,728.2,2015-11-27 08:00:00,2015-11-27 12:00:00,-1,331
1,2015,11,27,7,-5,-81.071,-79.724,1493.9,730.6,2015-11-27 07:00:00,2015-11-27 12:00:00,-1,331
1,2015,11,27,6,-6,-81.192,-79.298,1482.2,733.6,2015-11-27 06:00:00,2015-11-27 12:00:00,-1,331
1,2015,11,27,5,-7,-81.309,-78.838,1468.9,737.2,2015-11-27 05:00:00,2015-11-27 12:00:00,-1,331
1,2015,11,27,4,-8,-81.43,-78.324,1455.5,741,2015-11-27 04:00:00,2015-11-27 12:00:00,-1,331
1,2015,11,27,3,-9,-81.553,-77.752,1441.8,745.1,2015-11-27 03:00:00,2015-11-27 12:00:00,-1,331
1,2015,11,27,2,-10,-81.679,-77.113,1427.7,749.3,2015-11-27 02:00:00,2015-11-27 12:00:00,-1,331
1,2015,11,27,1,-11,-81.806,-76.4,1413.3,753.7,2015-11-27 01:00:00,2015-11-27 12:00:00,-1,331
1,2015,11,27,0,-12,-81.935,-75.6,1399.2,758.6,2015-11-27,2015-11-27 12:00:00,-1,331
1,2015,11,26,23,-13,-82.05,-74.709,1384.3,763.8,2015-11-26 23:00:00,2015-11-27 12:00:00,-1,331
1,2015,11,26,22,-14,-82.142,-73.73,1368.5,769.2,2015-11-26 22:00:00,2015-11-27 12:00:00,-1,331
1,2015,11,26,21,-15,-82.211,-72.668,1352.4,775.7,2015-11-26 21:00:00,2015-11-27 12:00:00,-1,331
1,2015,11,26,20,-16,-82.26,-71.519,1334.9,781.6,2015-11-26 20:00:00,2015-11-27 12:00:00,-1,331
1,2015,11,26,19,-17,-82.289,-70.279,1316.7,788.2,2015-11-26 19:00:00,2015-11-27 12:00:00,-1,331
1,2015,11,26,18,-18,-82.299,-68.945,1296.7,793.5,2015-11-26 18:00:00,2015-11-27 12:00:00,-1,331
1,2015,11,26,17,-19,-82.299,-67.525,1275.5,798.3,2015-11-26 17:00:00,2015-11-27 12:00:00,-1,331
1,2015,11,26,16,-20,-82.296,-66.029,1252.9,802.2,2015-11-26 16:00:00,2015-11-27 12:00:00,-1,331
1,2015,11,26,15,-21,-82.286,-64.454,1229,805.7,2015-11-26 15:00:00,2015-11-27 12:00:00,-1,331
1,2015,11,26,14,-22,-82.267,-62.799,1204.1,807.9,2015-11-26 14:00:00,2015-11-27 12:00:00,-1,331
1,2015,11,26,13,-23,-82.235,-61.074,1178.6,808.3,2015-11-26 13:00:00,2015-11-27 12:00:00,-1,331
1,2015,11,26,12,-24,-82.187,-59.292,1153.6,807.8,2015-11-26 12:00:00,2015-11-27 12:00:00,-1,331
1,2015,11,28,12,0,-80.3,-81.3,1500,724.8,2015-11-28 12:00:00,2015-11-28 12:00:00,24,332
1,2015,11,28,11,-1,-80.314,-81.659,1492.1,721.3,2015-11-28 11:00:00,2015-11-28 12:00:00,-1,332
1,2015,11,28,10,-2,-80.325,-82.015,1479.6,718.6,2015-11-28 10:00:00,2015-11-28 12:00:00,-1,332
1,2015,11,28,9,-3,-80.332,-82.37,1462.5,716.3,2015-11-28 09:00:00,2015-11-28 12:00:00,-1,332
1,2015,11,28,8,-4,-80.336,-82.727,1440.7,714.5,2015-11-28 08:00:00,2015-11-28 12:00:00,-1,332
1,2015,11,28,7,-5,-80.336,-83.089,1414.3,713.1,2015-11-28 07:00:00,2015-11-28 12:00:00,-1,332
1,2015,11,28,6,-6,-80.332,-83.457,1383.2,712.2,2015-11-28 06:00:00,2015-11-28 12:00:00,-1,332
1,2015,11,28,5,-7,-80.332,-83.762,1351,712.5,2015-11-28 05:00:00,2015-11-28 12:00:00,-1,332
1,2015,11,28,4,-8,-80.338,-83.925,1321.6,713.9,2015-11-28 04:00:00,2015-11-28 12:00:00,-1,332
1,2015,11,28,3,-9,-80.35,-83.945,1294.7,716.5,2015-11-28 03:00:00,2015-11-28 12:00:00,-1,332
1,2015,11,28,2,-10,-80.367,-83.818,1270.4,720.6,2015-11-28 02:00:00,2015-11-28 12:00:00,-1,332
1,2015,11,28,1,-11,-80.387,-83.545,1248.2,726.3,2015-11-28 01:00:00,2015-11-28 12:00:00,-1,332
1,2015,11,28,0,-12,-80.411,-83.128,1227.7,733.2,2015-11-28,2015-11-28 12:00:00,-1,332
1,2015,11,27,23,-13,-80.439,-82.644,1205.1,740.2,2015-11-27 23:00:00,2015-11-28 12:00:00,-1,332
1,2015,11,27,22,-14,-80.473,-82.166,1180,747.2,2015-11-27 22:00:00,2015-11-28 12:00:00,-1,332
1,2015,11,27,21,-15,-80.513,-81.69,1151.6,754.4,2015-11-27 21:00:00,2015-11-28 12:00:00,-1,332
1,2015,11,27,20,-16,-80.559,-81.215,1120.2,762,2015-11-27 20:00:00,2015-11-28 12:00:00,-1,332
1,2015,11,27,19,-17,-80.61,-80.737,1085.8,769.9,2015-11-27 19:00:00,2015-11-28 12:00:00,-1,332
1,2015,11,27,18,-18,-80.666,-80.255,1048.3,778.2,2015-11-27 18:00:00,2015-11-28 12:00:00,-1,332
1,2015,11,27,17,-19,-80.732,-79.799,1012.2,786.1,2015-11-27 17:00:00,2015-11-28 12:00:00,-1,332
1,2015,11,27,16,-20,-80.811,-79.393,982.2,791.9,2015-11-27 16:00:00,2015-11-28 12:00:00,-1,332
1,2015,11,27,15,-21,-80.902,-79.034,958.5,796.1,2015-11-27 15:00:00,2015-11-28 12:00:00,-1,332
1,2015,11,27,14,-22,-81.004,-78.717,940.8,799,2015-11-27 14:00:00,2015-11-28 12:00:00,-1,332
1,2015,11,27,13,-23,-81.116,-78.437,929.1,800.6,2015-11-27 13:00:00,2015-11-28 12:00:00,-1,332
1,2015,11,27,12,-24,-81.237,-78.188,923.3,801,2015-11-27 12:00:00,2015-11-28 12:00:00,-1,332
1,2015,11,29,12,0,-80.3,-81.3,1500,724,2015-11-29 12:00:00,2015-11-29 12:00:00,24,333
1,2015,11,29,11,-1,-80.178,-80.95,1463.4,733.7,2015-11-29 11:00:00,2015-11-29 12:00:00,-1,333
1,2015,11,29,10,-2,-80.059,-80.622,1436,742.2,2015-11-29 10:00:00,2015-11-29 12:00:00,-1,333
1,2015,11,29,9,-3,-79.939,-80.321,1416.7,748.6,2015-11-29 09:00:00,2015-11-29 12:00:00,-1,333
1,2015,11,29,8,-4,-79.814,-80.047,1404.8,753,2015-11-29 08:00:00,2015-11-29 12:00:00,-1,333
1,2015,11,29,7,-5,-79.681,-79.8,1400.1,756,2015-11-29 07:00:00,2015-11-29 12:00:00,-1,333
1,2015,11,29,6,-6,-79.538,-79.583,1402.7,757.9,2015-11-29 06:00:00,2015-11-29 12:00:00,-1,333
1,2015,11,29,5,-7,-79.398,-79.406,1408,758.6,2015-11-29 05:00:00,2015-11-29 12:00:00,-1,333
1,2015,11,29,4,-8,-79.273,-79.278,1410.5,759.5,2015-11-29 04:00:00,2015-11-29 12:00:00,-1,333
1,2015,11,29,3,-9,-79.162,-79.205,1411.3,760.1,2015-11-29 03:00:00,2015-11-29 12:00:00,-1,333
1,2015,11,29,2,-10,-79.065,-79.191,1410.7,760.2,2015-11-29 02:00:00,2015-11-29 12:00:00,-1,333
1,2015,11,29,1,-11,-78.983,-79.24,1409.3,759.9,2015-11-29 01:00:00,2015-11-29 12:00:00,-1,333
1,2015,11,29,0,-12,-78.915,-79.359,1407.1,759,2015-11-29,2015-11-29 12:00:00,-1,333
1,2015,11,28,23,-13,-78.854,-79.532,1404.4,757.5,2015-11-28 23:00:00,2015-11-29 12:00:00,-1,333
1,2015,11,28,22,-14,-78.794,-79.743,1402.7,755.6,2015-11-28 22:00:00,2015-11-29 12:00:00,-1,333
1,2015,11,28,21,-15,-78.734,-79.993,1401.6,753.3,2015-11-28 21:00:00,2015-11-29 12:00:00,-1,333
1,2015,11,28,20,-16,-78.676,-80.285,1401.2,750.3,2015-11-28 20:00:00,2015-11-29 12:00:00,-1,333
1,2015,11,28,19,-17,-78.619,-80.622,1401.7,746.8,2015-11-28 19:00:00,2015-11-29 12:00:00,-1,333
1,2015,11,28,18,-18,-78.564,-81.006,1403.2,742.8,2015-11-28 18:00:00,2015-11-29 12:00:00,-1,333
1,2015,11,28,17,-19,-78.512,-81.431,1406.1,738.4,2015-11-28 17:00:00,2015-11-29 12:00:00,-1,333
1,2015,11,28,16,-20,-78.464,-81.889,1411.2,733.4,2015-11-28 16:00:00,2015-11-29 12:00:00,-1,333
1,2015,11,28,15,-21,-78.422,-82.381,1418.2,727.8,2015-11-28 15:00:00,2015-11-29 12:00:00,-1,333
1,2015,11,28,14,-22,-78.383,-82.906,1427,722,2015-11-28 14:00:00,2015-11-29 12:00:00,-1,333
1,2015,11,28,13,-23,-78.349,-83.458,1437.4,715.8,2015-11-28 13:00:00,2015-11-29 12:00:00,-1,333
1,2015,11,28,12,-24,-78.319,-84.034,1449.2,709.3,2015-11-28 12:00:00,2015-11-29 12:00:00,-1,333
1,2015,11,30,12,0,-80.3,-81.3,1500,719.9,2015-11-30 12:00:00,2015-11-30 12:00:00,24,334
1,2015,11,30,11,-1,-80.331,-79.534,1453.5,742.7,2015-11-30 11:00:00,2015-11-30 12:00:00,-1,334
1,2015,11,30,10,-2,-80.349,-77.779,1410.5,764.9,2015-11-30 10:00:00,2015-11-30 12:00:00,-1,334
1,2015,11,30,9,-3,-80.353,-76.037,1368.4,783.9,2015-11-30 09:00:00,2015-11-30 12:00:00,-1,334
1,2015,11,30,8,-4,-80.344,-74.311,1327.6,800.7,2015-11-30 08:00:00,2015-11-30 12:00:00,-1,334
1,2015,11,30,7,-5,-80.324,-72.597,1287.5,815.4,2015-11-30 07:00:00,2015-11-30 12:00:00,-1,334
1,2015,11,30,6,-6,-80.294,-70.893,1246.8,825.9,2015-11-30 06:00:00,2015-11-30 12:00:00,-1,334
1,2015,11,30,5,-7,-80.246,-69.213,1205,834.6,2015-11-30 05:00:00,2015-11-30 12:00:00,-1,334
1,2015,11,30,4,-8,-80.176,-67.57,1159,841.8,2015-11-30 04:00:00,2015-11-30 12:00:00,-1,334
1,2015,11,30,3,-9,-80.081,-65.968,1110.3,846.5,2015-11-30 03:00:00,2015-11-30 12:00:00,-1,334
1,2015,11,30,2,-10,-79.962,-64.417,1060.3,849.4,2015-11-30 02:00:00,2015-11-30 12:00:00,-1,334
1,2015,11,30,1,-11,-79.817,-62.937,1010.1,849.6,2015-11-30 01:00:00,2015-11-30 12:00:00,-1,334
1,2015,11,30,0,-12,-79.647,-61.556,961.8,850.4,2015-11-30,2015-11-30 12:00:00,-1,334
1,2015,11,29,23,-13,-79.458,-60.306,918.3,852.1,2015-11-29 23:00:00,2015-11-30 12:00:00,-1,334
1,2015,11,29,22,-14,-79.26,-59.203,880.5,853.6,2015-11-29 22:00:00,2015-11-30 12:00:00,-1,334
1,2015,11,29,21,-15,-79.06,-58.229,848.8,854.9,2015-11-29 21:00:00,2015-11-30 12:00:00,-1,334
1,2015,11,29,20,-16,-78.862,-57.372,822.7,856.2,2015-11-29 20:00:00,2015-11-30 12:00:00,-1,334
1,2015,11,29,19,-17,-78.668,-56.62,801.7,858.1,2015-11-29 19:00:00,2015-11-30 12:00:00,-1,334
1,2015,11,29,18,-18,-78.48,-55.96,784.9,859.8,2015-11-29 18:00:00,2015-11-30 12:00:00,-1,334
1,2015,11,29,17,-19,-78.293,-55.385,770.5,861.3,2015-11-29 17:00:00,2015-11-30 12:00:00,-1,334
1,2015,11,29,16,-20,-78.1,-54.886,756.5,863.2,2015-11-29 16:00:00,2015-11-30 12:00:00,-1,334
1,2015,11,29,15,-21,-77.905,-54.453,742.7,865.5,2015-11-29 15:00:00,2015-11-30 12:00:00,-1,334
1,2015,11,29,14,-22,-77.71,-54.075,728.5,867.9,2015-11-29 14:00:00,2015-11-30 12:00:00,-1,334
1,2015,11,29,13,-23,-77.518,-53.742,713.7,870.6,2015-11-29 13:00:00,2015-11-30 12:00:00,-1,334
1,2015,11,29,12,-24,-77.332,-53.444,698.3,875,2015-11-29 12:00:00,2015-11-30 12:00:00,-1,334
1,2015,12,1,12,0,-80.3,-81.3,1500,722.1,2015-12-01 12:00:00,2015-12-01 12:00:00,24,335
1,2015,12,1,11,-1,-80.383,-79.561,1440.3,744.9,2015-12-01 11:00:00,2015-12-01 12:00:00,-1,335
1,2015,12,1,10,-2,-80.459,-77.814,1378.9,766.7,2015-12-01 10:00:00,2015-12-01 12:00:00,-1,335
1,2015,12,1,9,-3,-80.527,-76.042,1314.1,787.3,2015-12-01 09:00:00,2015-12-01 12:00:00,-1,335
1,2015,12,1,8,-4,-80.587,-74.23,1245.4,806.1,2015-12-01 08:00:00,2015-12-01 12:00:00,-1,335
1,2015,12,1,7,-5,-80.636,-72.366,1172.7,822.5,2015-12-01 07:00:00,2015-12-01 12:00:00,-1,335
1,2015,12,1,6,-6,-80.673,-70.438,1096.4,836.5,2015-12-01 06:00:00,2015-12-01 12:00:00,-1,335
1,2015,12,1,5,-7,-80.689,-68.428,1017,848,2015-12-01 05:00:00,2015-12-01 12:00:00,-1,335
1,2015,12,1,4,-8,-80.671,-66.325,935.8,857.1,2015-12-01 04:00:00,2015-12-01 12:00:00,-1,335
1,2015,12,1,3,-9,-80.616,-64.13,855,862.6,2015-12-01 03:00:00,2015-12-01 12:00:00,-1,335
1,2015,12,1,2,-10,-80.522,-61.865,778.2,866.3,2015-12-01 02:00:00,2015-12-01 12:00:00,-1,335
1,2015,12,1,1,-11,-80.386,-59.535,708,867.9,2015-12-01 01:00:00,2015-12-01 12:00:00,-1,335
1,2015,12,1,0,-12,-80.201,-57.159,647.3,868.2,2015-12-01,2015-12-01 12:00:00,-1,335
1,2015,11,30,23,-13,-79.956,-54.79,596.8,870.1,2015-11-30 23:00:00,2015-12-01 12:00:00,-1,335
1,2015,11,30,22,-14,-79.65,-52.516,556,873.9,2015-11-30 22:00:00,2015-12-01 12:00:00,-1,335
1,2015,11,30,21,-15,-79.294,-50.371,526.7,879.8,2015-11-30 21:00:00,2015-12-01 12:00:00,-1,335
1,2015,11,30,20,-16,-78.895,-48.337,508.2,885.8,2015-11-30 20:00:00,2015-12-01 12:00:00,-1,335
1,2015,11,30,19,-17,-78.457,-46.387,499.7,892.3,2015-11-30 19:00:00,2015-12-01 12:00:00,-1,335
1,2015,11,30,18,-18,-77.985,-44.49,500.8,898.4,2015-11-30 18:00:00,2015-12-01 12:00:00,-1,335
1,2015,11,30,17,-19,-77.481,-42.673,508.6,904.8,2015-11-30 17:00:00,2015-12-01 12:00:00,-1,335
1,2015,11,30,16,-20,-76.957,-41.04,514.8,908.1,2015-11-30 16:00:00,2015-12-01 12:00:00,-1,335
1,2015,11,30,15,-21,-76.432,-39.625,515.5,910,2015-11-30 15:00:00,2015-12-01 12:00:00,-1,335
1,2015,11,30,14,-22,-75.919,-38.367,511.6,912.2,2015-11-30 14:00:00,2015-12-01 12:00:00,-1,335
1,2015,11,30,13,-23,-75.43,-37.197,505,915.3,2015-11-30 13:00:00,2015-12-01 12:00:00,-1,335
1,2015,11,30,12,-24,-74.977,-36.052,498.6,919.8,2015-11-30 12:00:00,2015-12-01 12:00:00,-1,335
1,2015,12,2,12,0,-80.3,-81.3,1500,726.5,2015-12-02 12:00:00,2015-12-02 12:00:00,24,336
1,2015,12,2,11,-1,-80.335,-80.118,1449.7,742.8,2015-12-02 11:00:00,2015-12-02 12:00:00,-1,336
1,2015,12,2,10,-2,-80.35,-78.914,1396.5,760,2015-12-02 10:00:00,2015-12-02 12:00:00,-1,336
1,2015,12,2,9,-3,-80.345,-77.703,1341.1,778,2015-12-02 09:00:00,2015-12-02 12:00:00,-1,336
1,2015,12,2,8,-4,-80.319,-76.496,1282.4,795,2015-12-02 08:00:00,2015-12-02 12:00:00,-1,336
1,2015,12,2,7,-5,-80.272,-75.306,1221.7,811.6,2015-12-02 07:00:00,2015-12-02 12:00:00,-1,336
1,2015,12,2,6,-6,-80.208,-74.139,1158.4,826.9,2015-12-02 06:00:00,2015-12-02 12:00:00,-1,336
1,2015,12,2,5,-7,-80.134,-73.01,1095.3,841.8,2015-12-02 05:00:00,2015-12-02 12:00:00,-1,336
1,2015,12,2,4,-8,-80.06,-71.919,1034.2,854.6,2015-12-02 04:00:00,2015-12-02 12:00:00,-1,336
1,2015,12,2,3,-9,-79.983,-70.864,976,865.3,2015-12-02 03:00:00,2015-12-02 12:00:00,-1,336
1,2015,12,2,2,-10,-79.903,-69.839,921.7,873.2,2015-12-02 02:00:00,2015-12-02 12:00:00,-1,336
1,2015,12,2,1,-11,-79.819,-68.838,872,877.8,2015-12-02 01:00:00,2015-12-02 12:00:00,-1,336
1,2015,12,2,0,-12,-79.731,-67.857,827.7,881.7,2015-12-02,2015-12-02 12:00:00,-1,336
1,2015,12,1,23,-13,-79.638,-66.892,787.7,884.4,2015-12-01 23:00:00,2015-12-02 12:00:00,-1,336
1,2015,12,1,22,-14,-79.536,-65.943,751.1,886.5,2015-12-01 22:00:00,2015-12-02 12:00:00,-1,336
1,2015,12,1,21,-15,-79.425,-65.016,718.1,888.4,2015-12-01 21:00:00,2015-12-02 12:00:00,-1,336
1,2015,12,1,20,-16,-79.303,-64.119,687.6,888.5,2015-12-01 20:00:00,2015-12-02 12:00:00,-1,336
1,2015,12,1,19,-17,-79.168,-63.257,660.1,888.6,2015-12-01 19:00:00,2015-12-02 12:00:00,-1,336
1,2015,12,1,18,-18,-79.02,-62.444,635.6,888.6,2015-12-01 18:00:00,2015-12-02 12:00:00,-1,336
1,2015,12,1,17,-19,-78.863,-61.681,613.1,888.2,2015-12-01 17:00:00,2015-12-02 12:00:00,-1,336
1,2015,12,1,16,-20,-78.701,-60.963,591.5,888,2015-12-01 16:00:00,2015-12-02 12:00:00,-1,336
1,2015,12,1,15,-21,-78.532,-60.296,570.8,888,2015-12-01 15:00:00,2015-12-02 12:00:00,-1,336
1,2015,12,1,14,-22,-78.357,-59.688,550.9,888.5,2015-12-01 14:00:00,2015-12-02 12:00:00,-1,336
1,2015,12,1,13,-23,-78.177,-59.147,531.6,889.4,2015-12-01 13:00:00,2015-12-02 12:00:00,-1,336
1,2015,12,1,12,-24,-77.991,-58.679,513,890.5,2015-12-01 12:00:00,2015-12-02 12:00:00,-1,336
1,2015,12,3,12,0,-80.3,-81.3,1500,723.4,2015-12-03 12:00:00,2015-12-03 12:00:00,24,337
1,2015,12,3,11,-1,-80.317,-80.031,1438,742.7,2015-12-03 11:00:00,2015-12-03 12:00:00,-1,337
1,2015,12,3,10,-2,-80.318,-78.816,1374.8,761.1,2015-12-03 10:00:00,2015-12-03 12:00:00,-1,337
1,2015,12,3,9,-3,-80.304,-77.658,1312,779.3,2015-12-03 09:00:00,2015-12-03 12:00:00,-1,337
1,2015,12,3,8,-4,-80.276,-76.568,1248.4,795.3,2015-12-03 08:00:00,2015-12-03 12:00:00,-1,337
1,2015,12,3,7,-5,-80.233,-75.555,1185.1,810.7,2015-12-03 07:00:00,2015-12-03 12:00:00,-1,337
1,2015,12,3,6,-6,-80.177,-74.623,1121.7,825,2015-12-03 06:00:00,2015-12-03 12:00:00,-1,337
1,2015,12,3,5,-7,-80.109,-73.745,1058.9,838.5,2015-12-03 05:00:00,2015-12-03 12:00:00,-1,337
1,2015,12,3,4,-8,-80.031,-72.895,999.3,852.1,2015-12-03 04:00:00,2015-12-03 12:00:00,-1,337
1,2015,12,3,3,-9,-79.945,-72.068,941.6,863.1,2015-12-03 03:00:00,2015-12-03 12:00:00,-1,337
1,2015,12,3,2,-10,-79.856,-71.246,886.7,871.1,2015-12-03 02:00:00,2015-12-03 12:00:00,-1,337
1,2015,12,3,1,-11,-79.766,-70.42,835.6,878.7,2015-12-03 01:00:00,2015-12-03 12:00:00,-1,337
1,2015,12,3,0,-12,-79.679,-69.588,787.7,884.9,2015-12-03,2015-12-03 12:00:00,-1,337
1,2015,12,2,23,-13,-79.597,-68.75,742.4,890,2015-12-02 23:00:00,2015-12-03 12:00:00,-1,337
1,2015,12,2,22,-14,-79.52,-67.904,699.7,894.9,2015-12-02 22:00:00,2015-12-03 12:00:00,-1,337
1,2015,12,2,21,-15,-79.448,-67.038,658.9,899.2,2015-12-02 21:00:00,2015-12-03 12:00:00,-1,337
1,2015,12,2,20,-16,-79.382,-66.143,619.3,902.6,2015-12-02 20:00:00,2015-12-03 12:00:00,-1,337
1,2015,12,2,19,-17,-79.32,-65.211,580.8,905.4,2015-12-02 19:00:00,2015-12-03 12:00:00,-1,337
1,2015,12,2,18,-18,-79.259,-64.236,542.6,906.9,2015-12-02 18:00:00,2015-12-03 12:00:00,-1,337
1,2015,12,2,17,-19,-79.199,-63.253,506.4,908.1,2015-12-02 17:00:00,2015-12-03 12:00:00,-1,337
1,2015,12,2,16,-20,-79.143,-62.293,474.4,909,2015-12-02 16:00:00,2015-12-03 12:00:00,-1,337
1,2015,12,2,15,-21,-79.091,-61.345,446.6,909.5,2015-12-02 15:00:00,2015-12-03 12:00:00,-1,337
1,2015,12,2,14,-22,-79.043,-60.399,423.3,909.5,2015-12-02 14:00:00,2015-12-03 12:00:00,-1,337
1,2015,12,2,13,-23,-78.999,-59.447,404.5,909.3,2015-12-02 13:00:00,2015-12-03 12:00:00,-1,337
1,2015,12,2,12,-24,-78.956,-58.474,390.3,908.8,2015-12-02 12:00:00,2015-12-03 12:00:00,-1,337
1,2015,12,4,12,0,-80.3,-81.3,1500,736,2015-12-04 12:00:00,2015-12-04 12:00:00,24,338
1,2015,12,4,11,-1,-80.285,-81.327,1502.3,735.1,2015-12-04 11:00:00,2015-12-04 12:00:00,-1,338
1,2015,12,4,10,-2,-80.261,-81.32,1503.3,734.8,2015-12-04 10:00:00,2015-12-04 12:00:00,-1,338
1,2015,12,4,9,-3,-80.226,-81.284,1503.3,735.1,2015-12-04 09:00:00,2015-12-04 12:00:00,-1,338
1,2015,12,4,8,-4,-80.182,-81.219,1502.4,735.9,2015-12-04 08:00:00,2015-12-04 12:00:00,-1,338
1,2015,12,4,7,-5,-80.127,-81.131,1500.5,737.3,2015-12-04 07:00:00,2015-12-04 12:00:00,-1,338
1,2015,12,4,6,-6,-80.063,-81.024,1497.8,739.2,2015-12-04 06:00:00,2015-12-04 12:00:00,-1,338
1,2015,12,4,5,-7,-79.993,-80.905,1492.8,741.4,2015-12-04 05:00:00,2015-12-04 12:00:00,-1,338
1,2015,12,4,4,-8,-79.923,-80.776,1482.7,743.4,2015-12-04 04:00:00,2015-12-04 12:00:00,-1,338
1,2015,12,4,3,-9,-79.852,-80.636,1468.1,746,2015-12-04 03:00:00,2015-12-04 12:00:00,-1,338
1,2015,12,4,2,-10,-79.78,-80.488,1448.9,749.2,2015-12-04 02:00:00,2015-12-04 12:00:00,-1,338
1,2015,12,4,1,-11,-79.706,-80.333,1425.4,752.9,2015-12-04 01:00:00,2015-12-04 12:00:00,-1,338
1,2015,12,4,0,-12,-79.628,-80.173,1397.5,757.1,2015-12-04,2015-12-04 12:00:00,-1,338
1,2015,12,3,23,-13,-79.548,-79.987,1365.8,761.8,2015-12-03 23:00:00,2015-12-04 12:00:00,-1,338
1,2015,12,3,22,-14,-79.464,-79.754,1328.9,767.3,2015-12-03 22:00:00,2015-12-04 12:00:00,-1,338
1,2015,12,3,21,-15,-79.378,-79.479,1288,773.8,2015-12-03 21:00:00,2015-12-04 12:00:00,-1,338
1,2015,12,3,20,-16,-79.29,-79.168,1243.4,780.7,2015-12-03 20:00:00,2015-12-04 12:00:00,-1,338
1,2015,12,3,19,-17,-79.199,-78.827,1195.8,788.2,2015-12-03 19:00:00,2015-12-04 12:00:00,-1,338
1,2015,12,3,18,-18,-79.105,-78.464,1145.5,796.2,2015-12-03 18:00:00,2015-12-04 12:00:00,-1,338
1,2015,12,3,17,-19,-79.013,-78.111,1097.5,804.5,2015-12-03 17:00:00,2015-12-04 12:00:00,-1,338
1,2015,12,3,16,-20,-78.927,-77.798,1057.3,811.2,2015-12-03 16:00:00,2015-12-04 12:00:00,-1,338
1,2015,12,3,15,-21,-78.845,-77.529,1025.2,816.6,2015-12-03 15:00:00,2015-12-04 12:00:00,-1,338
1,2015,12,3,14,-22,-78.765,-77.304,1001.1,820.1,2015-12-03 14:00:00,2015-12-04 12:00:00,-1,338
1,2015,12,3,13,-23,-78.688,-77.128,985.6,822.3,2015-12-03 13:00:00,2015-12-04 12:00:00,-1,338
1,2015,12,3,12,-24,-78.612,-76.999,978.8,823,2015-12-03 12:00:00,2015-12-04 12:00:00,-1,338
1,2015,12,5,12,0,-80.3,-81.3,1500,738.7,2015-12-05 12:00:00,2015-12-05 12:00:00,24,339
1,2015,12,5,11,-1,-80.499,-82.125,1525.6,724.8,2015-12-05 11:00:00,2015-12-05 12:00:00,-1,339
1,2015,12,5,10,-2,-80.675,-82.879,1555.1,711.7,2015-12-05 10:00:00,2015-12-05 12:00:00,-1,339
1,2015,12,5,9,-3,-80.828,-83.572,1589.4,699.5,2015-12-05 09:00:00,2015-12-05 12:00:00,-1,339
1,2015,12,5,8,-4,-80.96,-84.208,1629.1,688,2015-12-05 08:00:00,2015-12-05 12:00:00,-1,339
1,2015,12,5,7,-5,-81.074,-84.79,1674.8,676.6,2015-12-05 07:00:00,2015-12-05 12:00:00,-1,339
1,2015,12,5,6,-6,-81.169,-85.318,1726.7,665.5,2015-12-05 06:00:00,2015-12-05 12:00:00,-1,339
1,2015,12,5,5,-7,-81.249,-85.828,1777.5,654.2,2015-12-05 05:00:00,2015-12-05 12:00:00,-1,339
1,2015,12,5,4,-8,-81.317,-86.365,1820.6,644.4,2015-12-05 04:00:00,2015-12-05 12:00:00,-1,339
1,2015,12,5,3,-9,-81.372,-86.941,1855.9,635.3,2015-12-05 03:00:00,2015-12-05 12:00:00,-1,339
1,2015,12,5,2,-10,-81.415,-87.564,1883.3,626.7,2015-12-05 02:00:00,2015-12-05 12:00:00,-1,339
1,2015,12,5,1,-11,-81.445,-88.245,1903.9,619.2,2015-12-05 01:00:00,2015-12-05 12:00:00,-1,339
1,2015,12,5,0,-12,-81.46,-88.986,1917.2,612,2015-12-05,2015-12-05 12:00:00,-1,339
1,2015,12,4,23,-13,-81.457,-89.706,1927.5,605.6,2015-12-04 23:00:00,2015-12-05 12:00:00,-1,339
1,2015,12,4,22,-14,-81.433,-90.312,1937.9,600.2,2015-12-04 22:00:00,2015-12-05 12:00:00,-1,339
1,2015,12,4,21,-15,-81.391,-90.8,1948.7,596,2015-12-04 21:00:00,2015-12-05 12:00:00,-1,339
1,2015,12,4,20,-16,-81.334,-91.168,1959.5,592.5,2015-12-04 20:00:00,2015-12-05 12:00:00,-1,339
1,2015,12,4,19,-17,-81.262,-91.419,1970.1,589.8,2015-12-04 19:00:00,2015-12-05 12:00:00,-1,339
1,2015,12,4,18,-18,-81.179,-91.557,1980.4,588,2015-12-04 18:00:00,2015-12-05 12:00:00,-1,339
1,2015,12,4,17,-19,-81.093,-91.624,1989,586.6,2015-12-04 17:00:00,2015-12-05 12:00:00,-1,339
1,2015,12,4,16,-20,-81.012,-91.662,1993.8,585.8,2015-12-04 16:00:00,2015-12-05 12:00:00,-1,339
1,2015,12,4,15,-21,-80.937,-91.674,1995.3,585.5,2015-12-04 15:00:00,2015-12-05 12:00:00,-1,339
1,2015,12,4,14,-22,-80.868,-91.663,1993.4,585.5,2015-12-04 14:00:00,2015-12-05 12:00:00,-1,339
1,2015,12,4,13,-23,-80.805,-91.633,1988.4,585.9,2015-12-04 13:00:00,2015-12-05 12:00:00,-1,339
1,2015,12,4,12,-24,-80.749,-91.586,1980.3,586.7,2015-12-04 12:00:00,2015-12-05 12:00:00,-1,339
1,2015,12,6,12,0,-80.3,-81.3,1500,736,2015-12-06 12:00:00,2015-12-06 12:00:00,24,340
1,2015,12,6,11,-1,-80.479,-81.326,1532.9,729.8,2015-12-06 11:00:00,2015-12-06 12:00:00,-1,340
1,2015,12,6,10,-2,-80.649,-81.366,1561.5,724.3,2015-12-06 10:00:00,2015-12-06 12:00:00,-1,340
1,2015,12,6,9,-3,-80.81,-81.425,1586.3,719.1,2015-12-06 09:00:00,2015-12-06 12:00:00,-1,340
1,2015,12,6,8,-4,-80.964,-81.506,1607.8,714.2,2015-12-06 08:00:00,2015-12-06 12:00:00,-1,340
1,2015,12,6,7,-5,-81.109,-81.613,1626.3,709.5,2015-12-06 07:00:00,2015-12-06 12:00:00,-1,340
1,2015,12,6,6,-6,-81.247,-81.749,1642.3,704.9,2015-12-06 06:00:00,2015-12-06 12:00:00,-1,340
1,2015,12,6,5,-7,-81.385,-81.885,1657.5,700.9,2015-12-06 05:00:00,2015-12-06 12:00:00,-1,340
1,2015,12,6,4,-8,-81.53,-81.982,1673.1,696.8,2015-12-06 04:00:00,2015-12-06 12:00:00,-1,340
1,2015,12,6,3,-9,-81.684,-82.038,1689.5,693,2015-12-06 03:00:00,2015-12-06 12:00:00,-1,340
1,2015,12,6,2,-10,-81.846,-82.043,1706.7,689.3,2015-12-06 02:00:00,2015-12-06 12:00:00,-1,340
1,2015,12,6,1,-11,-82.017,-81.988,1724.8,686,2015-12-06 01:00:00,2015-12-06 12:00:00,-1,340
1,2015,12,6,0,-12,-82.197,-81.862,1743.7,683,2015-12-06,2015-12-06 12:00:00,-1,340
1,2015,12,5,23,-13,-82.375,-81.652,1764.4,680.7,2015-12-05 23:00:00,2015-12-06 12:00:00,-1,340
1,2015,12,5,22,-14,-82.538,-81.337,1785.2,679.2,2015-12-05 22:00:00,2015-12-06 12:00:00,-1,340
1,2015,12,5,21,-15,-82.686,-80.882,1806.9,678.8,2015-12-05 21:00:00,2015-12-06 12:00:00,-1,340
1,2015,12,5,20,-16,-82.817,-80.272,1829,679.4,2015-12-05 20:00:00,2015-12-06 12:00:00,-1,340
1,2015,12,5,19,-17,-82.931,-79.523,1851,680.8,2015-12-05 19:00:00,2015-12-06 12:00:00,-1,340
1,2015,12,5,18,-18,-83.029,-78.659,1873.1,682.9,2015-12-05 18:00:00,2015-12-06 12:00:00,-1,340
1,2015,12,5,17,-19,-83.114,-77.778,1891.4,684.7,2015-12-05 17:00:00,2015-12-06 12:00:00,-1,340
1,2015,12,5,16,-20,-83.188,-76.973,1899.5,687.2,2015-12-05 16:00:00,2015-12-06 12:00:00,-1,340
1,2015,12,5,15,-21,-83.252,-76.251,1898.9,690,2015-12-05 15:00:00,2015-12-06 12:00:00,-1,340
1,2015,12,5,14,-22,-83.306,-75.619,1890.2,693,2015-12-05 14:00:00,2015-12-06 12:00:00,-1,340
1,2015,12,5,13,-23,-83.352,-75.084,1874.1,696.4,2015-12-05 13:00:00,2015-12-06 12:00:00,-1,340
1,2015,12,5,12,-24,-83.388,-74.652,1850.7,699.6,2015-12-05 12:00:00,2015-12-06 12:00:00,-1,340
1,2015,12,7,12,0,-80.3,-81.3,1500,736,2015-12-07 12:00:00,2015-12-07 12:00:00,24,341
1,2015,12,7,11,-1,-80.231,-80.56,1487,746.4,2015-12-07 11:00:00,2015-12-07 12:00:00,-1,341
1,2015,12,7,10,-2,-80.168,-79.942,1475.7,755.4,2015-12-07 10:00:00,2015-12-07 12:00:00,-1,341
1,2015,12,7,9,-3,-80.112,-79.447,1466.1,762.1,2015-12-07 09:00:00,2015-12-07 12:00:00,-1,341
1,2015,12,7,8,-4,-80.063,-79.073,1459,767.2,2015-12-07 08:00:00,2015-12-07 12:00:00,-1,341
1,2015,12,7,7,-5,-80.021,-78.821,1454.6,770.7,2015-12-07 07:00:00,2015-12-07 12:00:00,-1,341
1,2015,12,7,6,-6,-79.987,-78.684,1453,772.3,2015-12-07 06:00:00,2015-12-07 12:00:00,-1,341
1,2015,12,7,5,-7,-79.967,-78.595,1453.1,773.3,2015-12-07 05:00:00,2015-12-07 12:00:00,-1,341
1,2015,12,7,4,-8,-79.966,-78.5,1453.1,774.5,2015-12-07 04:00:00,2015-12-07 12:00:00,-1,341
1,2015,12,7,3,-9,-79.986,-78.406,1453.1,775.7,2015-12-07 03:00:00,2015-12-07 12:00:00,-1,341
1,2015,12,7,2,-10,-80.025,-78.314,1452.5,776.5,2015-12-07 02:00:00,2015-12-07 12:00:00,-1,341
1,2015,12,7,1,-11,-80.083,-78.211,1451.1,776.8,2015-12-07 01:00:00,2015-12-07 12:00:00,-1,341
1,2015,12,7,0,-12,-80.16,-78.086,1449.1,777.1,2015-12-07,2015-12-07 12:00:00,-1,341
1,2015,12,6,23,-13,-80.246,-77.953,1447.9,777.2,2015-12-06 23:00:00,2015-12-07 12:00:00,-1,341
1,2015,12,6,22,-14,-80.331,-77.828,1449.5,776.8,2015-12-06 22:00:00,2015-12-07 12:00:00,-1,341
1,2015,12,6,21,-15,-80.415,-77.708,1453.8,776,2015-12-06 21:00:00,2015-12-07 12:00:00,-1,341
1,2015,12,6,20,-16,-80.498,-77.589,1460.5,774.9,2015-12-06 20:00:00,2015-12-07 12:00:00,-1,341
1,2015,12,6,19,-17,-80.579,-77.466,1469.7,773.6,2015-12-06 19:00:00,2015-12-07 12:00:00,-1,341
1,2015,12,6,18,-18,-80.658,-77.335,1480.9,771.9,2015-12-06 18:00:00,2015-12-07 12:00:00,-1,341
1,2015,12,6,17,-19,-80.742,-77.201,1492.9,769.9,2015-12-06 17:00:00,2015-12-07 12:00:00,-1,341
1,2015,12,6,16,-20,-80.836,-77.065,1506.3,767.8,2015-12-06 16:00:00,2015-12-07 12:00:00,-1,341
1,2015,12,6,15,-21,-80.94,-76.931,1519.9,765.4,2015-12-06 15:00:00,2015-12-07 12:00:00,-1,341
1,2015,12,6,14,-22,-81.054,-76.799,1533.4,762.8,2015-12-06 14:00:00,2015-12-07 12:00:00,-1,341
1,2015,12,6,13,-23,-81.177,-76.675,1546.3,760.1,2015-12-06 13:00:00,2015-12-07 12:00:00,-1,341
1,2015,12,6,12,-24,-81.308,-76.562,1558.2,757.3,2015-12-06 12:00:00,2015-12-07 12:00:00,-1,341
1,2015,12,8,12,0,-80.3,-81.3,1500,742.9,2015-12-08 12:00:00,2015-12-08 12:00:00,24,342
1,2015,12,8,11,-1,-80.395,-79.752,1467.5,761.2,2015-12-08 11:00:00,2015-12-08 12:00:00,-1,342
1,2015,12,8,10,-2,-80.491,-78.277,1431,777.1,2015-12-08 10:00:00,2015-12-08 12:00:00,-1,342
1,2015,12,8,9,-3,-80.584,-76.849,1392.1,792.3,2015-12-08 09:00:00,2015-12-08 12:00:00,-1,342
1,2015,12,8,8,-4,-80.669,-75.454,1351.6,806.6,2015-12-08 08:00:00,2015-12-08 12:00:00,-1,342
1,2015,12,8,7,-5,-80.745,-74.08,1309.6,818.9,2015-12-08 07:00:00,2015-12-08 12:00:00,-1,342
1,2015,12,8,6,-6,-80.807,-72.721,1267.3,830.2,2015-12-08 06:00:00,2015-12-08 12:00:00,-1,342
1,2015,12,8,5,-7,-80.851,-71.386,1222.1,838.6,2015-12-08 05:00:00,2015-12-08 12:00:00,-1,342
1,2015,12,8,4,-8,-80.875,-70.086,1173.5,847.6,2015-12-08 04:00:00,2015-12-08 12:00:00,-1,342
1,2015,12,8,3,-9,-80.878,-68.813,1121.5,854.6,2015-12-08 03:00:00,2015-12-08 12:00:00,-1,342
1,2015,12,8,2,-10,-80.862,-67.56,1068.5,862,2015-12-08 02:00:00,2015-12-08 12:00:00,-1,342
1,2015,12,8,1,-11,-80.83,-66.317,1014.9,867.5,2015-12-08 01:00:00,2015-12-08 12:00:00,-1,342
1,2015,12,8,0,-12,-80.782,-65.076,962.9,873,2015-12-08,2015-12-08 12:00:00,-1,342
1,2015,12,7,23,-13,-80.719,-63.854,914.5,876.8,2015-12-07 23:00:00,2015-12-08 12:00:00,-1,342
1,2015,12,7,22,-14,-80.641,-62.67,871.1,879.4,2015-12-07 22:00:00,2015-12-08 12:00:00,-1,342
1,2015,12,7,21,-15,-80.548,-61.517,832.6,880.7,2015-12-07 21:00:00,2015-12-08 12:00:00,-1,342
1,2015,12,7,20,-16,-80.439,-60.385,799.2,881.4,2015-12-07 20:00:00,2015-12-08 12:00:00,-1,342
1,2015,12,7,19,-17,-80.315,-59.27,770.9,882.3,2015-12-07 19:00:00,2015-12-08 12:00:00,-1,342
1,2015,12,7,18,-18,-80.179,-58.172,747.5,883,2015-12-07 18:00:00,2015-12-08 12:00:00,-1,342
1,2015,12,7,17,-19,-80.023,-57.126,727.5,882.8,2015-12-07 17:00:00,2015-12-08 12:00:00,-1,342
1,2015,12,7,16,-20,-79.838,-56.172,709.2,882.1,2015-12-07 16:00:00,2015-12-08 12:00:00,-1,342
1,2015,12,7,15,-21,-79.626,-55.311,692.3,881.9,2015-12-07 15:00:00,2015-12-08 12:00:00,-1,342
1,2015,12,7,14,-22,-79.387,-54.528,676.6,883,2015-12-07 14:00:00,2015-12-08 12:00:00,-1,342
1,2015,12,7,13,-23,-79.126,-53.803,661.9,884.9,2015-12-07 13:00:00,2015-12-08 12:00:00,-1,342
1,2015,12,7,12,-24,-78.847,-53.12,648.3,887.1,2015-12-07 12:00:00,2015-12-08 12:00:00,-1,342
1,2015,12,9,12,0,-80.3,-81.3,1500,742,2015-12-09 12:00:00,2015-12-09 12:00:00,24,343
1,2015,12,9,11,-1,-80.504,-79.712,1456.4,760.3,2015-12-09 11:00:00,2015-12-09 12:00:00,-1,343
1,2015,12,9,10,-2,-80.694,-78.258,1415.5,774.9,2015-12-09 10:00:00,2015-12-09 12:00:00,-1,343
1,2015,12,9,9,-3,-80.867,-76.917,1377.4,787.2,2015-12-09 09:00:00,2015-12-09 12:00:00,-1,343
1,2015,12,9,8,-4,-81.022,-75.67,1341.9,797.3,2015-12-09 08:00:00,2015-12-09 12:00:00,-1,343
1,2015,12,9,7,-5,-81.159,-74.502,1309.2,805.9,2015-12-09 07:00:00,2015-12-09 12:00:00,-1,343
1,2015,12,9,6,-6,-81.276,-73.403,1278.9,812.9,2015-12-09 06:00:00,2015-12-09 12:00:00,-1,343
1,2015,12,9,5,-7,-81.378,-72.324,1247.6,819.5,2015-12-09 05:00:00,2015-12-09 12:00:00,-1,343
1,2015,12,9,4,-8,-81.467,-71.221,1210,825.5,2015-12-09 04:00:00,2015-12-09 12:00:00,-1,343
1,2015,12,9,3,-9,-81.544,-70.084,1167.7,832.5,2015-12-09 03:00:00,2015-12-09 12:00:00,-1,343
1,2015,12,9,2,-10,-81.608,-68.91,1120.2,838.8,2015-12-09 02:00:00,2015-12-09 12:00:00,-1,343
1,2015,12,9,1,-11,-81.657,-67.701,1068.8,845.9,2015-12-09 01:00:00,2015-12-09 12:00:00,-1,343
1,2015,12,9,0,-12,-81.689,-66.454,1013.2,852,2015-12-09,2015-12-09 12:00:00,-1,343
1,2015,12,8,23,-13,-81.708,-65.203,959.2,858.7,2015-12-08 23:00:00,2015-12-09 12:00:00,-1,343
1,2015,12,8,22,-14,-81.716,-63.989,911.1,862.9,2015-12-08 22:00:00,2015-12-09 12:00:00,-1,343
1,2015,12,8,21,-15,-81.716,-62.809,869.1,866,2015-12-08 21:00:00,2015-12-09 12:00:00,-1,343
1,2015,12,8,20,-16,-81.71,-61.66,832.9,867.9,2015-12-08 20:00:00,2015-12-09 12:00:00,-1,343
1,2015,12,8,19,-17,-81.696,-60.543,802.5,869,2015-12-08 19:00:00,2015-12-09 12:00:00,-1,343
1,2015,12,8,18,-18,-81.676,-59.46,777.5,869.3,2015-12-08 18:00:00,2015-12-09 12:00:00,-1,343
1,2015,12,8,17,-19,-81.64,-58.377,755.5,869.1,2015-12-08 17:00:00,2015-12-09 12:00:00,-1,343
1,2015,12,8,16,-20,-81.581,-57.26,733.9,869.2,2015-12-08 16:00:00,2015-12-09 12:00:00,-1,343
1,2015,12,8,15,-21,-81.498,-56.113,712.3,869.9,2015-12-08 15:00:00,2015-12-09 12:00:00,-1,343
1,2015,12,8,14,-22,-81.386,-54.934,690.4,870.8,2015-12-08 14:00:00,2015-12-09 12:00:00,-1,343
1,2015,12,8,13,-23,-81.244,-53.727,668.1,871.9,2015-12-08 13:00:00,2015-12-09 12:00:00,-1,343
1,2015,12,8,12,-24,-81.068,-52.495,645.4,873.4,2015-12-08 12:00:00,2015-12-09 12:00:00,-1,343
1,2015,12,10,12,0,-80.3,-81.3,1500,746.9,2015-12-10 12:00:00,2015-12-10 12:00:00,24,344
1,2015,12,10,11,-1,-80.568,-81.087,1538.6,741.2,2015-12-10 11:00:00,2015-12-10 12:00:00,-1,344
1,2015,12,10,10,-2,-80.828,-80.835,1570.4,736.8,2015-12-10 10:00:00,2015-12-10 12:00:00,-1,344
1,2015,12,10,9,-3,-81.078,-80.545,1595.6,733.4,2015-12-10 09:00:00,2015-12-10 12:00:00,-1,344
1,2015,12,10,8,-4,-81.317,-80.214,1614.1,731,2015-12-10 08:00:00,2015-12-10 12:00:00,-1,344
1,2015,12,10,7,-5,-81.543,-79.844,1626.1,729.5,2015-12-10 07:00:00,2015-12-10 12:00:00,-1,344
1,2015,12,10,6,-6,-81.754,-79.434,1631.4,728.8,2015-12-10 06:00:00,2015-12-10 12:00:00,-1,344
1,2015,12,10,5,-7,-81.958,-79.028,1635.4,728.8,2015-12-10 05:00:00,2015-12-10 12:00:00,-1,344
1,2015,12,10,4,-8,-82.162,-78.667,1642.6,727.5,2015-12-10 04:00:00,2015-12-10 12:00:00,-1,344
1,2015,12,10,3,-9,-82.365,-78.347,1653.7,725.4,2015-12-10 03:00:00,2015-12-10 12:00:00,-1,344
1,2015,12,10,2,-10,-82.564,-78.062,1669,722.4,2015-12-10 02:00:00,2015-12-10 12:00:00,-1,344
1,2015,12,10,1,-11,-82.757,-77.789,1688.2,718.6,2015-12-10 01:00:00,2015-12-10 12:00:00,-1,344
1,2015,12,10,0,-12,-82.94,-77.515,1710.9,714.4,2015-12-10,2015-12-10 12:00:00,-1,344
1,2015,12,9,23,-13,-83.108,-77.244,1732.2,709.9,2015-12-09 23:00:00,2015-12-10 12:00:00,-1,344
1,2015,12,9,22,-14,-83.253,-76.98,1748.4,706.6,2015-12-09 22:00:00,2015-12-10 12:00:00,-1,344
1,2015,12,9,21,-15,-83.378,-76.72,1758.7,704.3,2015-12-09 21:00:00,2015-12-10 12:00:00,-1,344
1,2015,12,9,20,-16,-83.482,-76.461,1763,703,2015-12-09 20:00:00,2015-12-10 12:00:00,-1,344
1,2015,12,9,19,-17,-83.567,-76.201,1761.1,702.6,2015-12-09 19:00:00,2015-12-10 12:00:00,-1,344
1,2015,12,9,18,-18,-83.633,-75.936,1753.2,703.2,2015-12-09 18:00:00,2015-12-10 12:00:00,-1,344
1,2015,12,9,17,-19,-83.692,-75.614,1742.7,704.7,2015-12-09 17:00:00,2015-12-10 12:00:00,-1,344
1,2015,12,9,16,-20,-83.752,-75.183,1735.6,706,2015-12-09 16:00:00,2015-12-10 12:00:00,-1,344
1,2015,12,9,15,-21,-83.813,-74.639,1731.5,707,2015-12-09 15:00:00,2015-12-10 12:00:00,-1,344
1,2015,12,9,14,-22,-83.875,-73.979,1730.8,708,2015-12-09 14:00:00,2015-12-10 12:00:00,-1,344
1,2015,12,9,13,-23,-83.937,-73.199,1734.1,709,2015-12-09 13:00:00,2015-12-10 12:00:00,-1,344
1,2015,12,9,12,-24,-83.999,-72.296,1742,709.7,2015-12-09 12:00:00,2015-12-10 12:00:00,-1,344
1,2015,12,11,12,0,-80.3,-81.3,1500,750.9,2015-12-11 12:00:00,2015-12-11 12:00:00,24,345
1,2015,12,11,11,-1,-80.628,-82.278,1545.8,731,2015-12-11 11:00:00,2015-12-11 12:00:00,-1,345
1,2015,12,11,10,-2,-80.965,-83.333,1581.8,712.4,2015-12-11 10:00:00,2015-12-11 12:00:00,-1,345
1,2015,12,11,9,-3,-81.308,-84.476,1609.9,694.9,2015-12-11 09:00:00,2015-12-11 12:00:00,-1,345
1,2015,12,11,8,-4,-81.647,-85.715,1631.7,678.3,2015-12-11 08:00:00,2015-12-11 12:00:00,-1,345
1,2015,12,11,7,-5,-81.972,-87.04,1649.4,662,2015-12-11 07:00:00,2015-12-11 12:00:00,-1,345
1,2015,12,11,6,-6,-82.277,-88.416,1665.9,648.2,2015-12-11 06:00:00,2015-12-11 12:00:00,-1,345
1,2015,12,11,5,-7,-82.567,-89.843,1680.6,636.7,2015-12-11 05:00:00,2015-12-11 12:00:00,-1,345
1,2015,12,11,4,-8,-82.847,-91.334,1694,627.9,2015-12-11 04:00:00,2015-12-11 12:00:00,-1,345
1,2015,12,11,3,-9,-83.121,-92.891,1704,620.9,2015-12-11 03:00:00,2015-12-11 12:00:00,-1,345
1,2015,12,11,2,-10,-83.391,-94.541,1709.8,616.3,2015-12-11 02:00:00,2015-12-11 12:00:00,-1,345
1,2015,12,11,1,-11,-83.66,-96.301,1711.7,614.2,2015-12-11 01:00:00,2015-12-11 12:00:00,-1,345
1,2015,12,11,0,-12,-83.93,-98.185,1707.4,614.2,2015-12-11,2015-12-11 12:00:00,-1,345
1,2015,12,10,23,-13,-84.185,-100.139,1702.5,615.6,2015-12-10 23:00:00,2015-12-11 12:00:00,-1,345
1,2015,12,10,22,-14,-84.404,-102.08,1701.3,617,2015-12-10 22:00:00,2015-12-11 12:00:00,-1,345
1,2015,12,10,21,-15,-84.587,-103.978,1704.3,618.9,2015-12-10 21:00:00,2015-12-11 12:00:00,-1,345
1,2015,12,10,20,-16,-84.734,-105.808,1711.8,620.7,2015-12-10 20:00:00,2015-12-11 12:00:00,-1,345
1,2015,12,10,19,-17,-84.843,-107.526,1723.4,622.5,2015-12-10 19:00:00,2015-12-11 12:00:00,-1,345
1,2015,12,10,18,-18,-84.916,-109.113,1738.3,624,2015-12-10 18:00:00,2015-12-11 12:00:00,-1,345
1,2015,12,10,17,-19,-84.963,-110.703,1754.7,624.9,2015-12-10 17:00:00,2015-12-11 12:00:00,-1,345
1,2015,12,10,16,-20,-84.997,-112.417,1770.4,626.7,2015-12-10 16:00:00,2015-12-11 12:00:00,-1,345
1,2015,12,10,15,-21,-85.015,-114.211,1782.8,628.7,2015-12-10 15:00:00,2015-12-11 12:00:00,-1,345
1,2015,12,10,14,-22,-85.014,-116.043,1791.9,632.1,2015-12-10 14:00:00,2015-12-11 12:00:00,-1,345
1,2015,12,10,13,-23,-84.991,-117.879,1796.5,637.1,2015-12-10 13:00:00,2015-12-11 12:00:00,-1,345
1,2015,12,10,12,-24,-84.945,-119.661,1795.2,643.7,2015-12-10 12:00:00,2015-12-11 12:00:00,-1,345
1,2015,12,12,12,0,-80.3,-81.3,1500,750.4,2015-12-12 12:00:00,2015-12-12 12:00:00,24,346
1,2015,12,12,11,-1,-80.57,-82.06,1545.9,733.9,2015-12-12 11:00:00,2015-12-12 12:00:00,-1,346
1,2015,12,12,10,-2,-80.832,-82.945,1584.4,717.5,2015-12-12 10:00:00,2015-12-12 12:00:00,-1,346
1,2015,12,12,9,-3,-81.085,-83.947,1615.8,701.3,2015-12-12 09:00:00,2015-12-12 12:00:00,-1,346
1,2015,12,12,8,-4,-81.327,-85.054,1640.8,685.5,2015-12-12 08:00:00,2015-12-12 12:00:00,-1,346
1,2015,12,12,7,-5,-81.549,-86.25,1660.4,670.8,2015-12-12 07:00:00,2015-12-12 12:00:00,-1,346
1,2015,12,12,6,-6,-81.746,-87.514,1674.2,657,2015-12-12 06:00:00,2015-12-12 12:00:00,-1,346
1,2015,12,12,5,-7,-81.924,-88.916,1684,644.2,2015-12-12 05:00:00,2015-12-12 12:00:00,-1,346
1,2015,12,12,4,-8,-82.086,-90.546,1692.1,631.7,2015-12-12 04:00:00,2015-12-12 12:00:00,-1,346
1,2015,12,12,3,-9,-82.229,-92.405,1699.5,619.6,2015-12-12 03:00:00,2015-12-12 12:00:00,-1,346
1,2015,12,12,2,-10,-82.351,-94.479,1710.3,609.6,2015-12-12 02:00:00,2015-12-12 12:00:00,-1,346
1,2015,12,12,1,-11,-82.452,-96.738,1725.2,601.4,2015-12-12 01:00:00,2015-12-12 12:00:00,-1,346
1,2015,12,12,0,-12,-82.531,-99.145,1748.6,596.5,2015-12-12,2015-12-12 12:00:00,-1,346
1,2015,12,11,23,-13,-82.59,-101.625,1778.9,594.9,2015-12-11 23:00:00,2015-12-12 12:00:00,-1,346
1,2015,12,11,22,-14,-82.631,-104.062,1812.6,595.8,2015-12-11 22:00:00,2015-12-12 12:00:00,-1,346
1,2015,12,11,21,-15,-82.655,-106.442,1848.1,599.3,2015-12-11 21:00:00,2015-12-12 12:00:00,-1,346
1,2015,12,11,20,-16,-82.663,-108.751,1884.4,605.9,2015-12-11 20:00:00,2015-12-12 12:00:00,-1,346
1,2015,12,11,19,-17,-82.658,-110.982,1920.4,614.2,2015-12-11 19:00:00,2015-12-12 12:00:00,-1,346
1,2015,12,11,18,-18,-82.64,-113.153,1953.4,623.5,2015-12-11 18:00:00,2015-12-12 12:00:00,-1,346
1,2015,12,11,17,-19,-82.61,-115.332,1986.2,635,2015-12-11 17:00:00,2015-12-12 12:00:00,-1,346
1,2015,12,11,16,-20,-82.574,-117.56,2020.2,647.4,2015-12-11 16:00:00,2015-12-12 12:00:00,-1,346
1,2015,12,11,15,-21,-82.53,-119.805,2052.2,660.1,2015-12-11 15:00:00,2015-12-12 12:00:00,-1,346
1,2015,12,11,14,-22,-82.474,-122.03,2077.8,672.9,2015-12-11 14:00:00,2015-12-12 12:00:00,-1,346
1,2015,12,11,13,-23,-82.408,-124.196,2096.3,684.1,2015-12-11 13:00:00,2015-12-12 12:00:00,-1,346
1,2015,12,11,12,-24,-82.329,-126.278,2107.3,694.3,2015-12-11 12:00:00,2015-12-12 12:00:00,-1,346
1,2015,12,13,12,0,-80.3,-81.3,1500,746.4,2015-12-13 12:00:00,2015-12-13 12:00:00,24,347
1,2015,12,13,11,-1,-80.549,-81.983,1546.9,731.6,2015-12-13 11:00:00,2015-12-13 12:00:00,-1,347
1,2015,12,13,10,-2,-80.805,-82.747,1593.5,715.9,2015-12-13 10:00:00,2015-12-13 12:00:00,-1,347
1,2015,12,13,9,-3,-81.063,-83.608,1638.1,700,2015-12-13 09:00:00,2015-12-13 12:00:00,-1,347
1,2015,12,13,8,-4,-81.317,-84.592,1678,683.7,2015-12-13 08:00:00,2015-12-13 12:00:00,-1,347
1,2015,12,13,7,-5,-81.559,-85.727,1710.9,667.6,2015-12-13 07:00:00,2015-12-13 12:00:00,-1,347
1,2015,12,13,6,-6,-81.782,-87.035,1734.2,651.9,2015-12-13 06:00:00,2015-12-13 12:00:00,-1,347
1,2015,12,13,5,-7,-81.986,-88.585,1747.6,637.2,2015-12-13 05:00:00,2015-12-13 12:00:00,-1,347
1,2015,12,13,4,-8,-82.174,-90.442,1753.5,622.8,2015-12-13 04:00:00,2015-12-13 12:00:00,-1,347
1,2015,12,13,3,-9,-82.341,-92.638,1753.4,609.8,2015-12-13 03:00:00,2015-12-13 12:00:00,-1,347
1,2015,12,13,2,-10,-82.482,-95.175,1748.1,599.1,2015-12-13 02:00:00,2015-12-13 12:00:00,-1,347
1,2015,12,13,1,-11,-82.593,-98.016,1743.2,593.8,2015-12-13 01:00:00,2015-12-13 12:00:00,-1,347
1,2015,12,13,0,-12,-82.671,-101.1,1739.3,593.5,2015-12-13,2015-12-13 12:00:00,-1,347
1,2015,12,12,23,-13,-82.713,-104.274,1738.9,597.6,2015-12-12 23:00:00,2015-12-13 12:00:00,-1,347
1,2015,12,12,22,-14,-82.711,-107.399,1743.3,607.2,2015-12-12 22:00:00,2015-12-13 12:00:00,-1,347
1,2015,12,12,21,-15,-82.673,-110.431,1753.4,619.5,2015-12-12 21:00:00,2015-12-13 12:00:00,-1,347
1,2015,12,12,20,-16,-82.602,-113.361,1767.7,635.6,2015-12-12 20:00:00,2015-12-13 12:00:00,-1,347
1,2015,12,12,19,-17,-82.501,-116.193,1785.8,654.2,2015-12-12 19:00:00,2015-12-13 12:00:00,-1,347
1,2015,12,12,18,-18,-82.373,-118.898,1801.8,671.1,2015-12-12 18:00:00,2015-12-13 12:00:00,-1,347
1,2015,12,12,17,-19,-82.227,-121.449,1813.6,685,2015-12-12 17:00:00,2015-12-13 12:00:00,-1,347
1,2015,12,12,16,-20,-82.073,-123.822,1823.7,696,2015-12-12 16:00:00,2015-12-13 12:00:00,-1,347
1,2015,12,12,15,-21,-81.912,-125.991,1830.5,704.7,2015-12-12 15:00:00,2015-12-13 12:00:00,-1,347
1,2015,12,12,14,-22,-81.746,-127.958,1834.2,711,2015-12-12 14:00:00,2015-12-13 12:00:00,-1,347
1,2015,12,12,13,-23,-81.577,-129.727,1835.4,714.9,2015-12-12 13:00:00,2015-12-13 12:00:00,-1,347
1,2015,12,12,12,-24,-81.407,-131.308,1834.8,717.1,2015-12-12 12:00:00,2015-12-13 12:00:00,-1,347
1,2015,12,14,12,0,-80.3,-81.3,1500,746.5,2015-12-14 12:00:00,2015-12-14 12:00:00,24,348
1,2015,12,14,11,-1,-80.396,-82.206,1535.5,732.2,2015-12-14 11:00:00,2015-12-14 12:00:00,-1,348
1,2015,12,14,10,-2,-80.496,-83.125,1568.7,717.9,2015-12-14 10:00:00,2015-12-14 12:00:00,-1,348
1,2015,12,14,9,-3,-80.599,-84.067,1598.7,703.9,2015-12-14 09:00:00,2015-12-14 12:00:00,-1,348
1,2015,12,14,8,-4,-80.704,-85.041,1625.2,690,2015-12-14 08:00:00,2015-12-14 12:00:00,-1,348
1,2015,12,14,7,-5,-80.809,-86.054,1647.5,676.7,2015-12-14 07:00:00,2015-12-14 12:00:00,-1,348
1,2015,12,14,6,-6,-80.911,-87.112,1664.5,663.8,2015-12-14 06:00:00,2015-12-14 12:00:00,-1,348
1,2015,12,14,5,-7,-81.005,-88.256,1678.1,651.6,2015-12-14 05:00:00,2015-12-14 12:00:00,-1,348
1,2015,12,14,4,-8,-81.09,-89.519,1690.4,639.1,2015-12-14 04:00:00,2015-12-14 12:00:00,-1,348
1,2015,12,14,3,-9,-81.163,-90.892,1702.5,627.9,2015-12-14 03:00:00,2015-12-14 12:00:00,-1,348
1,2015,12,14,2,-10,-81.223,-92.367,1714,617.3,2015-12-14 02:00:00,2015-12-14 12:00:00,-1,348
1,2015,12,14,1,-11,-81.267,-93.932,1725.4,608.4,2015-12-14 01:00:00,2015-12-14 12:00:00,-1,348
1,2015,12,14,0,-12,-81.294,-95.575,1736,600.8,2015-12-14,2015-12-14 12:00:00,-1,348
1,2015,12,13,23,-13,-81.301,-97.258,1743.7,595.6,2015-12-13 23:00:00,2015-12-14 12:00:00,-1,348
1,2015,12,13,22,-14,-81.288,-98.939,1747.6,593.2,2015-12-13 22:00:00,2015-12-14 12:00:00,-1,348
1,2015,12,13,21,-15,-81.255,-100.601,1746.8,593,2015-12-13 21:00:00,2015-12-14 12:00:00,-1,348
1,2015,12,13,20,-16,-81.2,-102.232,1741,595.1,2015-12-13 20:00:00,2015-12-14 12:00:00,-1,348
1,2015,12,13,19,-17,-81.123,-103.809,1731,599.3,2015-12-13 19:00:00,2015-12-14 12:00:00,-1,348
1,2015,12,13,18,-18,-81.026,-105.315,1716,604.5,2015-12-13 18:00:00,2015-12-14 12:00:00,-1,348
1,2015,12,13,17,-19,-80.915,-106.763,1701.4,611.4,2015-12-13 17:00:00,2015-12-14 12:00:00,-1,348
1,2015,12,13,16,-20,-80.797,-108.172,1690.4,618.3,2015-12-13 16:00:00,2015-12-14 12:00:00,-1,348
1,2015,12,13,15,-21,-80.67,-109.539,1684.8,625.2,2015-12-13 15:00:00,2015-12-14 12:00:00,-1,348
1,2015,12,13,14,-22,-80.538,-110.863,1684.6,631.6,2015-12-13 14:00:00,2015-12-14 12:00:00,-1,348
1,2015,12,13,13,-23,-80.401,-112.148,1689.6,637.3,2015-12-13 13:00:00,2015-12-14 12:00:00,-1,348
1,2015,12,13,12,-24,-80.26,-113.397,1699.2,641.9,2015-12-13 12:00:00,2015-12-14 12:00:00,-1,348
1,2015,12,15,12,0,-80.3,-81.3,1500,743.7,2015-12-15 12:00:00,2015-12-15 12:00:00,24,349
1,2015,12,15,11,-1,-80.376,-82.701,1549.4,722.6,2015-12-15 11:00:00,2015-12-15 12:00:00,-1,349
1,2015,12,15,10,-2,-80.449,-84.131,1592.5,701.4,2015-12-15 10:00:00,2015-12-15 12:00:00,-1,349
1,2015,12,15,9,-3,-80.518,-85.579,1628.7,681.6,2015-12-15 09:00:00,2015-12-15 12:00:00,-1,349
1,2015,12,15,8,-4,-80.58,-87.029,1657.4,663.1,2015-12-15 08:00:00,2015-12-15 12:00:00,-1,349
1,2015,12,15,7,-5,-80.632,-88.468,1679,647.1,2015-12-15 07:00:00,2015-12-15 12:00:00,-1,349
1,2015,12,15,6,-6,-80.677,-89.892,1693.1,632.9,2015-12-15 06:00:00,2015-12-15 12:00:00,-1,349
1,2015,12,15,5,-7,-80.705,-91.346,1702.5,621.7,2015-12-15 05:00:00,2015-12-15 12:00:00,-1,349
1,2015,12,15,4,-8,-80.707,-92.88,1708.1,611.4,2015-12-15 04:00:00,2015-12-15 12:00:00,-1,349
1,2015,12,15,3,-9,-80.678,-94.484,1711.3,603.4,2015-12-15 03:00:00,2015-12-15 12:00:00,-1,349
1,2015,12,15,2,-10,-80.617,-96.139,1712.7,597.9,2015-12-15 02:00:00,2015-12-15 12:00:00,-1,349
1,2015,12,15,1,-11,-80.523,-97.816,1711.9,594.4,2015-12-15 01:00:00,2015-12-15 12:00:00,-1,349
1,2015,12,15,0,-12,-80.395,-99.484,1709.5,593.7,2015-12-15,2015-12-15 12:00:00,-1,349
1,2015,12,14,23,-13,-80.232,-101.042,1704.2,595.6,2015-12-14 23:00:00,2015-12-15 12:00:00,-1,349
1,2015,12,14,22,-14,-80.035,-102.411,1693.3,598.7,2015-12-14 22:00:00,2015-12-15 12:00:00,-1,349
1,2015,12,14,21,-15,-79.81,-103.585,1683.7,607.3,2015-12-14 21:00:00,2015-12-15 12:00:00,-1,349
1,2015,12,14,20,-16,-79.561,-104.568,1670.5,617.5,2015-12-14 20:00:00,2015-12-15 12:00:00,-1,349
1,2015,12,14,19,-17,-79.294,-105.382,1653.8,628.3,2015-12-14 19:00:00,2015-12-15 12:00:00,-1,349
1,2015,12,14,18,-18,-79.013,-106.048,1635,639.2,2015-12-14 18:00:00,2015-12-15 12:00:00,-1,349
1,2015,12,14,17,-19,-78.726,-106.595,1613.9,649.4,2015-12-14 17:00:00,2015-12-15 12:00:00,-1,349
1,2015,12,14,16,-20,-78.439,-107.038,1590.6,659.2,2015-12-14 16:00:00,2015-12-15 12:00:00,-1,349
1,2015,12,14,15,-21,-78.155,-107.381,1564.6,668.7,2015-12-14 15:00:00,2015-12-15 12:00:00,-1,349
1,2015,12,14,14,-22,-77.877,-107.626,1535.9,677.8,2015-12-14 14:00:00,2015-12-15 12:00:00,-1,349
1,2015,12,14,13,-23,-77.608,-107.776,1504.6,686.7,2015-12-14 13:00:00,2015-12-15 12:00:00,-1,349
1,2015,12,14,12,-24,-77.354,-107.843,1473,697.5,2015-12-14 12:00:00,2015-12-15 12:00:00,-1,349
1,2015,12,16,12,0,-80.3,-81.3,1500,743.4,2015-12-16 12:00:00,2015-12-16 12:00:00,24,350
1,2015,12,16,11,-1,-80.067,-83.026,1499.6,727.2,2015-12-16 11:00:00,2015-12-16 12:00:00,-1,350
1,2015,12,16,10,-2,-79.801,-84.803,1488.9,709.7,2015-12-16 10:00:00,2015-12-16 12:00:00,-1,350
1,2015,12,16,9,-3,-79.496,-86.59,1463.5,693.2,2015-12-16 09:00:00,2015-12-16 12:00:00,-1,350
1,2015,12,16,8,-4,-79.151,-88.32,1422.5,682.3,2015-12-16 08:00:00,2015-12-16 12:00:00,-1,350
1,2015,12,16,7,-5,-78.764,-89.954,1363.9,677.3,2015-12-16 07:00:00,2015-12-16 12:00:00,-1,350
1,2015,12,16,6,-6,-78.333,-91.455,1287.6,680.6,2015-12-16 06:00:00,2015-12-16 12:00:00,-1,350
1,2015,12,16,5,-7,-77.861,-92.764,1195.8,690.8,2015-12-16 05:00:00,2015-12-16 12:00:00,-1,350
1,2015,12,16,4,-8,-77.36,-93.814,1098.2,708.2,2015-12-16 04:00:00,2015-12-16 12:00:00,-1,350
1,2015,12,16,3,-9,-76.843,-94.597,1001.7,731.4,2015-12-16 03:00:00,2015-12-16 12:00:00,-1,350
1,2015,12,16,2,-10,-76.313,-95.153,905.3,757,2015-12-16 02:00:00,2015-12-16 12:00:00,-1,350
1,2015,12,16,1,-11,-75.771,-95.518,805.6,784.4,2015-12-16 01:00:00,2015-12-16 12:00:00,-1,350
1,2015,12,16,0,-12,-75.215,-95.734,697.4,814,2015-12-16,2015-12-16 12:00:00,-1,350
1,2015,12,15,23,-13,-74.655,-95.86,585.3,843.9,2015-12-15 23:00:00,2015-12-16 12:00:00,-1,350
1,2015,12,15,22,-14,-74.113,-95.942,485.1,869.9,2015-12-15 22:00:00,2015-12-16 12:00:00,-1,350
1,2015,12,15,21,-15,-73.59,-96,402.7,893.5,2015-12-15 21:00:00,2015-12-16 12:00:00,-1,350
1,2015,12,15,20,-16,-73.089,-96.049,336.9,914.1,2015-12-15 20:00:00,2015-12-16 12:00:00,-1,350
1,2015,12,15,19,-17,-72.607,-96.107,286,932.6,2015-12-15 19:00:00,2015-12-16 12:00:00,-1,350
1,2015,12,15,18,-18,-72.144,-96.187,247.2,944.8,2015-12-15 18:00:00,2015-12-16 12:00:00,-1,350
1,2015,12,15,17,-19,-71.699,-96.285,218.5,954,2015-12-15 17:00:00,2015-12-16 12:00:00,-1,350
1,2015,12,15,16,-20,-71.269,-96.402,197.7,961.8,2015-12-15 16:00:00,2015-12-16 12:00:00,-1,350
1,2015,12,15,15,-21,-70.851,-96.556,182.8,968.4,2015-12-15 15:00:00,2015-12-16 12:00:00,-1,350
1,2015,12,15,14,-22,-70.441,-96.767,172.3,974.3,2015-12-15 14:00:00,2015-12-16 12:00:00,-1,350
1,2015,12,15,13,-23,-70.039,-97.047,165.6,979.6,2015-12-15 13:00:00,2015-12-16 12:00:00,-1,350
1,2015,12,15,12,-24,-69.641,-97.388,160.8,980.6,2015-12-15 12:00:00,2015-12-16 12:00:00,-1,350
1,2015,12,17,12,0,-80.3,-81.3,1500,740.6,2015-12-17 12:00:00,2015-12-17 12:00:00,24,351
1,2015,12,17,11,-1,-80.104,-82.678,1544.8,723.9,2015-12-17 11:00:00,2015-12-17 12:00:00,-1,351
1,2015,12,17,10,-2,-79.898,-84.165,1584,705.4,2015-12-17 10:00:00,2015-12-17 12:00:00,-1,351
1,2015,12,17,9,-3,-79.672,-85.703,1614.7,686.7,2015-12-17 09:00:00,2015-12-17 12:00:00,-1,351
1,2015,12,17,8,-4,-79.419,-87.195,1636,670.5,2015-12-17 08:00:00,2015-12-17 12:00:00,-1,351
1,2015,12,17,7,-5,-79.139,-88.575,1649.3,659.2,2015-12-17 07:00:00,2015-12-17 12:00:00,-1,351
1,2015,12,17,6,-6,-78.83,-89.818,1654.4,651.6,2015-12-17 06:00:00,2015-12-17 12:00:00,-1,351
1,2015,12,17,5,-7,-78.488,-90.938,1651.2,649,2015-12-17 05:00:00,2015-12-17 12:00:00,-1,351
1,2015,12,17,4,-8,-78.105,-91.951,1637.2,650.1,2015-12-17 04:00:00,2015-12-17 12:00:00,-1,351
1,2015,12,17,3,-9,-77.68,-92.843,1610.9,655.4,2015-12-17 03:00:00,2015-12-17 12:00:00,-1,351
1,2015,12,17,2,-10,-77.214,-93.593,1573,667.1,2015-12-17 02:00:00,2015-12-17 12:00:00,-1,351
1,2015,12,17,1,-11,-76.71,-94.178,1521.4,684.2,2015-12-17 01:00:00,2015-12-17 12:00:00,-1,351
1,2015,12,17,0,-12,-76.173,-94.584,1453.6,704.9,2015-12-17,2015-12-17 12:00:00,-1,351
1,2015,12,16,23,-13,-75.608,-94.811,1374.4,729.2,2015-12-16 23:00:00,2015-12-17 12:00:00,-1,351
1,2015,12,16,22,-14,-75.02,-94.864,1289.7,754.6,2015-12-16 22:00:00,2015-12-17 12:00:00,-1,351
1,2015,12,16,21,-15,-74.42,-94.823,1205.9,777.4,2015-12-16 21:00:00,2015-12-17 12:00:00,-1,351
1,2015,12,16,20,-16,-73.814,-94.775,1131.8,798.9,2015-12-16 20:00:00,2015-12-17 12:00:00,-1,351
1,2015,12,16,19,-17,-73.206,-94.726,1067.7,819.9,2015-12-16 19:00:00,2015-12-17 12:00:00,-1,351
1,2015,12,16,18,-18,-72.596,-94.681,1013.4,840.3,2015-12-16 18:00:00,2015-12-17 12:00:00,-1,351
1,2015,12,16,17,-19,-71.994,-94.665,965,853.9,2015-12-16 17:00:00,2015-12-17 12:00:00,-1,351
1,2015,12,16,16,-20,-71.41,-94.701,923.1,865.6,2015-12-16 16:00:00,2015-12-17 12:00:00,-1,351
1,2015,12,16,15,-21,-70.839,-94.779,889.1,876,2015-12-16 15:00:00,2015-12-17 12:00:00,-1,351
1,2015,12,16,14,-22,-70.279,-94.89,862.7,885.6,2015-12-16 14:00:00,2015-12-17 12:00:00,-1,351
1,2015,12,16,13,-23,-69.726,-95.035,841.6,891.5,2015-12-16 13:00:00,2015-12-17 12:00:00,-1,351
1,2015,12,16,12,-24,-69.183,-95.221,822.7,894,2015-12-16 12:00:00,2015-12-17 12:00:00,-1,351
1,2015,12,18,12,0,-80.3,-81.3,1500,736.4,2015-12-18 12:00:00,2015-12-18 12:00:00,24,352
1,2015,12,18,11,-1,-80.424,-82.571,1539.4,718.2,2015-12-18 11:00:00,2015-12-18 12:00:00,-1,352
1,2015,12,18,10,-2,-80.519,-83.926,1578.4,699.2,2015-12-18 10:00:00,2015-12-18 12:00:00,-1,352
1,2015,12,18,9,-3,-80.58,-85.342,1616.4,680.4,2015-12-18 09:00:00,2015-12-18 12:00:00,-1,352
1,2015,12,18,8,-4,-80.603,-86.781,1652.6,661.9,2015-12-18 08:00:00,2015-12-18 12:00:00,-1,352
1,2015,12,18,7,-5,-80.586,-88.206,1687.1,645.3,2015-12-18 07:00:00,2015-12-18 12:00:00,-1,352
1,2015,12,18,6,-6,-80.533,-89.585,1720,630.5,2015-12-18 06:00:00,2015-12-18 12:00:00,-1,352
1,2015,12,18,5,-7,-80.447,-90.927,1750.3,618,2015-12-18 05:00:00,2015-12-18 12:00:00,-1,352
1,2015,12,18,4,-8,-80.331,-92.255,1773.5,607.1,2015-12-18 04:00:00,2015-12-18 12:00:00,-1,352
1,2015,12,18,3,-9,-80.186,-93.577,1790.7,599,2015-12-18 03:00:00,2015-12-18 12:00:00,-1,352
1,2015,12,18,2,-10,-80.012,-94.892,1799.9,592,2015-12-18 02:00:00,2015-12-18 12:00:00,-1,352
1,2015,12,18,1,-11,-79.808,-96.18,1806,592,2015-12-18 01:00:00,2015-12-18 12:00:00,-1,352
1,2015,12,18,0,-12,-79.572,-97.407,1802.9,594.8,2015-12-18,2015-12-18 12:00:00,-1,352
1,2015,12,17,23,-13,-79.3,-98.521,1794,601.6,2015-12-17 23:00:00,2015-12-18 12:00:00,-1,352
1,2015,12,17,22,-14,-78.988,-99.475,1778.7,610.2,2015-12-17 22:00:00,2015-12-18 12:00:00,-1,352
1,2015,12,17,21,-15,-78.643,-100.271,1757.9,620.9,2015-12-17 21:00:00,2015-12-18 12:00:00,-1,352
1,2015,12,17,20,-16,-78.268,-100.915,1731.4,633.6,2015-12-17 20:00:00,2015-12-18 12:00:00,-1,352
1,2015,12,17,19,-17,-77.869,-101.42,1698.1,647.7,2015-12-17 19:00:00,2015-12-18 12:00:00,-1,352
1,2015,12,17,18,-18,-77.45,-101.801,1657.8,663.5,2015-12-17 18:00:00,2015-12-18 12:00:00,-1,352
1,2015,12,17,17,-19,-77.025,-102.058,1612.3,683.6,2015-12-17 17:00:00,2015-12-18 12:00:00,-1,352
1,2015,12,17,16,-20,-76.605,-102.196,1559.4,704.1,2015-12-17 16:00:00,2015-12-18 12:00:00,-1,352
1,2015,12,17,15,-21,-76.19,-102.224,1499.3,725.1,2015-12-17 15:00:00,2015-12-18 12:00:00,-1,352
1,2015,12,17,14,-22,-75.778,-102.149,1431.8,746.7,2015-12-17 14:00:00,2015-12-18 12:00:00,-1,352
1,2015,12,17,13,-23,-75.369,-101.976,1356.9,769,2015-12-17 13:00:00,2015-12-18 12:00:00,-1,352
1,2015,12,17,12,-24,-74.96,-101.715,1274.3,791.2,2015-12-17 12:00:00,2015-12-18 12:00:00,-1,352
1,2015,12,19,12,0,-80.3,-81.3,1500,733.5,2015-12-19 12:00:00,2015-12-19 12:00:00,24,353
1,2015,12,19,11,-1,-80.422,-81.965,1520,722.8,2015-12-19 11:00:00,2015-12-19 12:00:00,-1,353
1,2015,12,19,10,-2,-80.533,-82.763,1540,711,2015-12-19 10:00:00,2015-12-19 12:00:00,-1,353
1,2015,12,19,9,-3,-80.632,-83.693,1559.5,698.2,2015-12-19 09:00:00,2015-12-19 12:00:00,-1,353
1,2015,12,19,8,-4,-80.715,-84.755,1578.7,684.4,2015-12-19 08:00:00,2015-12-19 12:00:00,-1,353
1,2015,12,19,7,-5,-80.781,-85.939,1597.6,669.7,2015-12-19 07:00:00,2015-12-19 12:00:00,-1,353
1,2015,12,19,6,-6,-80.827,-87.234,1615.8,654.3,2015-12-19 06:00:00,2015-12-19 12:00:00,-1,353
1,2015,12,19,5,-7,-80.859,-88.607,1634.4,640.8,2015-12-19 05:00:00,2015-12-19 12:00:00,-1,353
1,2015,12,19,4,-8,-80.883,-90.04,1649.8,627.6,2015-12-19 04:00:00,2015-12-19 12:00:00,-1,353
1,2015,12,19,3,-9,-80.892,-91.544,1664.1,616.2,2015-12-19 03:00:00,2015-12-19 12:00:00,-1,353
1,2015,12,19,2,-10,-80.882,-93.126,1676.8,605.8,2015-12-19 02:00:00,2015-12-19 12:00:00,-1,353
1,2015,12,19,1,-11,-80.849,-94.786,1688.6,597.6,2015-12-19 01:00:00,2015-12-19 12:00:00,-1,353
1,2015,12,19,0,-12,-80.787,-96.5,1699.3,591.5,2015-12-19,2015-12-19 12:00:00,-1,353
1,2015,12,18,23,-13,-80.689,-98.215,1709.1,587.5,2015-12-18 23:00:00,2015-12-19 12:00:00,-1,353
1,2015,12,18,22,-14,-80.548,-99.88,1717.5,586,2015-12-18 22:00:00,2015-12-19 12:00:00,-1,353
1,2015,12,18,21,-15,-80.363,-101.458,1725.2,587.6,2015-12-18 21:00:00,2015-12-19 12:00:00,-1,353
1,2015,12,18,20,-16,-80.137,-102.924,1729.4,590.4,2015-12-18 20:00:00,2015-12-19 12:00:00,-1,353
1,2015,12,18,19,-17,-79.873,-104.246,1731.1,596.8,2015-12-18 19:00:00,2015-12-19 12:00:00,-1,353
1,2015,12,18,18,-18,-79.576,-105.397,1729.3,607.1,2015-12-18 18:00:00,2015-12-19 12:00:00,-1,353
1,2015,12,18,17,-19,-79.258,-106.38,1720.8,618.3,2015-12-18 17:00:00,2015-12-19 12:00:00,-1,353
1,2015,12,18,16,-20,-78.931,-107.213,1704,629.6,2015-12-18 16:00:00,2015-12-19 12:00:00,-1,353
1,2015,12,18,15,-21,-78.599,-107.907,1680.7,640.4,2015-12-18 15:00:00,2015-12-19 12:00:00,-1,353
1,2015,12,18,14,-22,-78.266,-108.474,1651.9,650.6,2015-12-18 14:00:00,2015-12-19 12:00:00,-1,353
1,2015,12,18,13,-23,-77.935,-108.918,1619.1,660.4,2015-12-18 13:00:00,2015-12-19 12:00:00,-1,353
1,2015,12,18,12,-24,-77.609,-109.243,1583.3,669.8,2015-12-18 12:00:00,2015-12-19 12:00:00,-1,353
1,2015,12,20,12,0,-80.3,-81.3,1500,740.2,2015-12-20 12:00:00,2015-12-20 12:00:00,24,354
1,2015,12,20,11,-1,-80.358,-81.263,1517.9,737.8,2015-12-20 11:00:00,2015-12-20 12:00:00,-1,354
1,2015,12,20,10,-2,-80.412,-81.286,1534.7,734.9,2015-12-20 10:00:00,2015-12-20 12:00:00,-1,354
1,2015,12,20,9,-3,-80.462,-81.369,1550.3,731.6,2015-12-20 09:00:00,2015-12-20 12:00:00,-1,354
1,2015,12,20,8,-4,-80.508,-81.511,1564.7,727.9,2015-12-20 08:00:00,2015-12-20 12:00:00,-1,354
1,2015,12,20,7,-5,-80.551,-81.713,1577.6,723.7,2015-12-20 07:00:00,2015-12-20 12:00:00,-1,354
1,2015,12,20,6,-6,-80.59,-81.976,1589.2,719.3,2015-12-20 06:00:00,2015-12-20 12:00:00,-1,354
1,2015,12,20,5,-7,-80.627,-82.281,1598.3,714.5,2015-12-20 05:00:00,2015-12-20 12:00:00,-1,354
1,2015,12,20,4,-8,-80.664,-82.609,1605.1,709.7,2015-12-20 04:00:00,2015-12-20 12:00:00,-1,354
1,2015,12,20,3,-9,-80.7,-82.957,1609.1,704.9,2015-12-20 03:00:00,2015-12-20 12:00:00,-1,354
1,2015,12,20,2,-10,-80.734,-83.324,1610.4,700.2,2015-12-20 02:00:00,2015-12-20 12:00:00,-1,354
1,2015,12,20,1,-11,-80.767,-83.71,1608.9,695.6,2015-12-20 01:00:00,2015-12-20 12:00:00,-1,354
1,2015,12,20,0,-12,-80.797,-84.113,1604.6,691.2,2015-12-20,2015-12-20 12:00:00,-1,354
1,2015,12,19,23,-13,-80.825,-84.536,1598.9,686.9,2015-12-19 23:00:00,2015-12-20 12:00:00,-1,354
1,2015,12,19,22,-14,-80.85,-84.982,1593.2,682.4,2015-12-19 22:00:00,2015-12-20 12:00:00,-1,354
1,2015,12,19,21,-15,-80.871,-85.447,1587,677.8,2015-12-19 21:00:00,2015-12-20 12:00:00,-1,354
1,2015,12,19,20,-16,-80.887,-85.93,1580.4,673,2015-12-19 20:00:00,2015-12-20 12:00:00,-1,354
1,2015,12,19,19,-17,-80.898,-86.431,1573.8,668.1,2015-12-19 19:00:00,2015-12-20 12:00:00,-1,354
1,2015,12,19,18,-18,-80.903,-86.95,1567.3,663,2015-12-19 18:00:00,2015-12-20 12:00:00,-1,354
1,2015,12,19,17,-19,-80.91,-87.518,1561,657.3,2015-12-19 17:00:00,2015-12-20 12:00:00,-1,354
1,2015,12,19,16,-20,-80.925,-88.167,1555.7,651.8,2015-12-19 16:00:00,2015-12-20 12:00:00,-1,354
1,2015,12,19,15,-21,-80.947,-88.9,1550.2,645.5,2015-12-19 15:00:00,2015-12-20 12:00:00,-1,354
1,2015,12,19,14,-22,-80.975,-89.726,1544.4,638.5,2015-12-19 14:00:00,2015-12-20 12:00:00,-1,354
1,2015,12,19,13,-23,-81.006,-90.649,1538.6,632,2015-12-19 13:00:00,2015-12-20 12:00:00,-1,354
1,2015,12,19,12,-24,-81.038,-91.666,1532,625.4,2015-12-19 12:00:00,2015-12-20 12:00:00,-1,354
1,2015,12,21,12,0,-80.3,-81.3,1500,740.4,2015-12-21 12:00:00,2015-12-21 12:00:00,24,355
1,2015,12,21,11,-1,-80.423,-81.194,1521.6,737.8,2015-12-21 11:00:00,2015-12-21 12:00:00,-1,355
1,2015,12,21,10,-2,-80.542,-81.152,1539.7,735,2015-12-21 10:00:00,2015-12-21 12:00:00,-1,355
1,2015,12,21,9,-3,-80.657,-81.176,1554.5,731.8,2015-12-21 09:00:00,2015-12-21 12:00:00,-1,355
1,2015,12,21,8,-4,-80.769,-81.268,1565.7,728.2,2015-12-21 08:00:00,2015-12-21 12:00:00,-1,355
1,2015,12,21,7,-5,-80.879,-81.431,1573.3,724.4,2015-12-21 07:00:00,2015-12-21 12:00:00,-1,355
1,2015,12,21,6,-6,-80.985,-81.668,1577.2,720.2,2015-12-21 06:00:00,2015-12-21 12:00:00,-1,355
1,2015,12,21,5,-7,-81.09,-81.984,1579.5,715.9,2015-12-21 05:00:00,2015-12-21 12:00:00,-1,355
1,2015,12,21,4,-8,-81.196,-82.384,1581.6,710.6,2015-12-21 04:00:00,2015-12-21 12:00:00,-1,355
1,2015,12,21,3,-9,-81.301,-82.878,1583.8,704.5,2015-12-21 03:00:00,2015-12-21 12:00:00,-1,355
1,2015,12,21,2,-10,-81.403,-83.469,1585.8,697.6,2015-12-21 02:00:00,2015-12-21 12:00:00,-1,355
1,2015,12,21,1,-11,-81.499,-84.16,1587.8,689.9,2015-12-21 01:00:00,2015-12-21 12:00:00,-1,355
1,2015,12,21,0,-12,-81.59,-84.954,1589.7,681.5,2015-12-21,2015-12-21 12:00:00,-1,355
1,2015,12,20,23,-13,-81.663,-85.827,1590.2,672.2,2015-12-20 23:00:00,2015-12-21 12:00:00,-1,355
1,2015,12,20,22,-14,-81.709,-86.745,1589.3,663.1,2015-12-20 22:00:00,2015-12-21 12:00:00,-1,355
1,2015,12,20,21,-15,-81.725,-87.703,1587.4,654.3,2015-12-20 21:00:00,2015-12-21 12:00:00,-1,355
1,2015,12,20,20,-16,-81.713,-88.689,1585.6,646.7,2015-12-20 20:00:00,2015-12-21 12:00:00,-1,355
1,2015,12,20,19,-17,-81.671,-89.686,1583.8,639.2,2015-12-20 19:00:00,2015-12-21 12:00:00,-1,355
1,2015,12,20,18,-18,-81.6,-90.682,1583.3,632.4,2015-12-20 18:00:00,2015-12-21 12:00:00,-1,355
1,2015,12,20,17,-19,-81.51,-91.657,1582,626,2015-12-20 17:00:00,2015-12-21 12:00:00,-1,355
1,2015,12,20,16,-20,-81.409,-92.598,1577.4,620.5,2015-12-20 16:00:00,2015-12-21 12:00:00,-1,355
1,2015,12,20,15,-21,-81.301,-93.487,1569.3,617,2015-12-20 15:00:00,2015-12-21 12:00:00,-1,355
1,2015,12,20,14,-22,-81.185,-94.314,1556.7,614,2015-12-20 14:00:00,2015-12-21 12:00:00,-1,355
1,2015,12,20,13,-23,-81.064,-95.076,1539.7,611.6,2015-12-20 13:00:00,2015-12-21 12:00:00,-1,355
1,2015,12,20,12,-24,-80.939,-95.767,1519.3,611.3,2015-12-20 12:00:00,2015-12-21 12:00:00,-1,355
1,2015,12,22,12,0,-80.3,-81.3,1500,743.1,2015-12-22 12:00:00,2015-12-22 12:00:00,24,356
1,2015,12,22,11,-1,-80.341,-81.309,1513.9,740.6,2015-12-22 11:00:00,2015-12-22 12:00:00,-1,356
1,2015,12,22,10,-2,-80.378,-81.376,1525.9,737.8,2015-12-22 10:00:00,2015-12-22 12:00:00,-1,356
1,2015,12,22,9,-3,-80.409,-81.502,1536,734.7,2015-12-22 09:00:00,2015-12-22 12:00:00,-1,356
1,2015,12,22,8,-4,-80.436,-81.688,1544.4,731.1,2015-12-22 08:00:00,2015-12-22 12:00:00,-1,356
1,2015,12,22,7,-5,-80.458,-81.932,1551,727.2,2015-12-22 07:00:00,2015-12-22 12:00:00,-1,356
1,2015,12,22,6,-6,-80.474,-82.236,1555.9,722.8,2015-12-22 06:00:00,2015-12-22 12:00:00,-1,356
1,2015,12,22,5,-7,-80.49,-82.54,1559.3,719,2015-12-22 05:00:00,2015-12-22 12:00:00,-1,356
1,2015,12,22,4,-8,-80.508,-82.783,1561.3,716,2015-12-22 04:00:00,2015-12-22 12:00:00,-1,356
1,2015,12,22,3,-9,-80.529,-82.966,1562,713.7,2015-12-22 03:00:00,2015-12-22 12:00:00,-1,356
1,2015,12,22,2,-10,-80.553,-83.091,1561.5,712.1,2015-12-22 02:00:00,2015-12-22 12:00:00,-1,356
1,2015,12,22,1,-11,-80.58,-83.158,1559.8,711.3,2015-12-22 01:00:00,2015-12-22 12:00:00,-1,356
1,2015,12,22,0,-12,-80.61,-83.166,1557.1,711.1,2015-12-22,2015-12-22 12:00:00,-1,356
1,2015,12,21,23,-13,-80.643,-83.16,1554.1,711.1,2015-12-21 23:00:00,2015-12-22 12:00:00,-1,356
1,2015,12,21,22,-14,-80.678,-83.184,1551.6,710.7,2015-12-21 22:00:00,2015-12-22 12:00:00,-1,356
1,2015,12,21,21,-15,-80.714,-83.241,1549.5,709.8,2015-12-21 21:00:00,2015-12-22 12:00:00,-1,356
1,2015,12,21,20,-16,-80.752,-83.333,1547.9,708.5,2015-12-21 20:00:00,2015-12-22 12:00:00,-1,356
1,2015,12,21,19,-17,-80.79,-83.462,1546.6,706.8,2015-12-21 19:00:00,2015-12-22 12:00:00,-1,356
1,2015,12,21,18,-18,-80.828,-83.63,1545.8,704.7,2015-12-21 18:00:00,2015-12-22 12:00:00,-1,356
1,2015,12,21,17,-19,-80.868,-83.824,1546.4,702.2,2015-12-21 17:00:00,2015-12-22 12:00:00,-1,356
1,2015,12,21,16,-20,-80.915,-84.034,1551.1,699,2015-12-21 16:00:00,2015-12-22 12:00:00,-1,356
1,2015,12,21,15,-21,-80.968,-84.266,1559.3,695.2,2015-12-21 15:00:00,2015-12-22 12:00:00,-1,356
1,2015,12,21,14,-22,-81.027,-84.524,1570.8,690.8,2015-12-21 14:00:00,2015-12-22 12:00:00,-1,356
1,2015,12,21,13,-23,-81.092,-84.814,1585.5,685.8,2015-12-21 13:00:00,2015-12-22 12:00:00,-1,356
1,2015,12,21,12,-24,-81.162,-85.141,1603.3,680.2,2015-12-21 12:00:00,2015-12-22 12:00:00,-1,356
1,2015,12,23,12,0,-80.3,-81.3,1500,751.1,2015-12-23 12:00:00,2015-12-23 12:00:00,24,357
1,2015,12,23,11,-1,-80.402,-81.178,1505.7,750.1,2015-12-23 11:00:00,2015-12-23 12:00:00,-1,357
1,2015,12,23,10,-2,-80.497,-81.059,1508.7,749.5,2015-12-23 10:00:00,2015-12-23 12:00:00,-1,357
1,2015,12,23,9,-3,-80.585,-80.94,1509.2,749.2,2015-12-23 09:00:00,2015-12-23 12:00:00,-1,357
1,2015,12,23,8,-4,-80.667,-80.813,1507.2,749.4,2015-12-23 08:00:00,2015-12-23 12:00:00,-1,357
1,2015,12,23,7,-5,-80.743,-80.674,1502.8,749.9,2015-12-23 07:00:00,2015-12-23 12:00:00,-1,357
1,2015,12,23,6,-6,-80.812,-80.519,1496.1,750.9,2015-12-23 06:00:00,2015-12-23 12:00:00,-1,357
1,2015,12,23,5,-7,-80.876,-80.374,1487.6,751.9,2015-12-23 05:00:00,2015-12-23 12:00:00,-1,357
1,2015,12,23,4,-8,-80.935,-80.271,1478.5,752.5,2015-12-23 04:00:00,2015-12-23 12:00:00,-1,357
1,2015,12,23,3,-9,-80.989,-80.21,1468.6,752.9,2015-12-23 03:00:00,2015-12-23 12:00:00,-1,357
1,2015,12,23,2,-10,-81.04,-80.189,1457.7,753,2015-12-23 02:00:00,2015-12-23 12:00:00,-1,357
1,2015,12,23,1,-11,-81.086,-80.208,1446.1,752.8,2015-12-23 01:00:00,2015-12-23 12:00:00,-1,357
1,2015,12,23,0,-12,-81.129,-80.266,1433.5,752.4,2015-12-23,2015-12-23 12:00:00,-1,357
1,2015,12,22,23,-13,-81.17,-80.371,1421.2,751.5,2015-12-22 23:00:00,2015-12-23 12:00:00,-1,357
1,2015,12,22,22,-14,-81.208,-80.534,1409.1,750,2015-12-22 22:00:00,2015-12-23 12:00:00,-1,357
1,2015,12,22,21,-15,-81.245,-80.753,1397.8,747.9,2015-12-22 21:00:00,2015-12-23 12:00:00,-1,357
1,2015,12,22,20,-16,-81.28,-81.032,1387.1,745.2,2015-12-22 20:00:00,2015-12-23 12:00:00,-1,357
1,2015,12,22,19,-17,-81.314,-81.371,1377.4,741.8,2015-12-22 19:00:00,2015-12-23 12:00:00,-1,357
1,2015,12,22,18,-18,-81.346,-81.773,1368.7,737.8,2015-12-22 18:00:00,2015-12-23 12:00:00,-1,357
1,2015,12,22,17,-19,-81.377,-82.218,1362.1,733.3,2015-12-22 17:00:00,2015-12-23 12:00:00,-1,357
1,2015,12,22,16,-20,-81.404,-82.684,1357.9,728.4,2015-12-22 16:00:00,2015-12-23 12:00:00,-1,357
1,2015,12,22,15,-21,-81.428,-83.165,1356.3,723.1,2015-12-22 15:00:00,2015-12-23 12:00:00,-1,357
1,2015,12,22,14,-22,-81.448,-83.657,1357,717.5,2015-12-22 14:00:00,2015-12-23 12:00:00,-1,357
1,2015,12,22,13,-23,-81.464,-84.155,1359.9,711.7,2015-12-22 13:00:00,2015-12-23 12:00:00,-1,357
1,2015,12,22,12,-24,-81.476,-84.656,1364.8,705.7,2015-12-22 12:00:00,2015-12-23 12:00:00,-1,357
1,2015,12,24,12,0,-80.3,-81.3,1500,740.4,2015-12-24 12:00:00,2015-12-24 12:00:00,24,358
1,2015,12,24,11,-1,-80.524,-82.674,1534.4,719.7,2015-12-24 11:00:00,2015-12-24 12:00:00,-1,358
1,2015,12,24,10,-2,-80.751,-84.086,1563.2,700.1,2015-12-24 10:00:00,2015-12-24 12:00:00,-1,358
1,2015,12,24,9,-3,-80.975,-85.566,1586,681.4,2015-12-24 09:00:00,2015-12-24 12:00:00,-1,358
1,2015,12,24,8,-4,-81.191,-87.131,1602.7,663.5,2015-12-24 08:00:00,2015-12-24 12:00:00,-1,358
1,2015,12,24,7,-5,-81.393,-88.794,1613.9,647.5,2015-12-24 07:00:00,2015-12-24 12:00:00,-1,358
1,2015,12,24,6,-6,-81.579,-90.57,1618.8,633.2,2015-12-24 06:00:00,2015-12-24 12:00:00,-1,358
1,2015,12,24,5,-7,-81.748,-92.454,1621.1,621,2015-12-24 05:00:00,2015-12-24 12:00:00,-1,358
1,2015,12,24,4,-8,-81.898,-94.428,1623.6,612.2,2015-12-24 04:00:00,2015-12-24 12:00:00,-1,358
1,2015,12,24,3,-9,-82.031,-96.478,1626.8,605.6,2015-12-24 03:00:00,2015-12-24 12:00:00,-1,358
1,2015,12,24,2,-10,-82.148,-98.605,1630.3,601.8,2015-12-24 02:00:00,2015-12-24 12:00:00,-1,358
1,2015,12,24,1,-11,-82.25,-100.801,1632.7,600.9,2015-12-24 01:00:00,2015-12-24 12:00:00,-1,358
1,2015,12,24,0,-12,-82.337,-103.066,1633.1,602.4,2015-12-24,2015-12-24 12:00:00,-1,358
1,2015,12,23,23,-13,-82.4,-105.382,1633.8,607.7,2015-12-23 23:00:00,2015-12-24 12:00:00,-1,358
1,2015,12,23,22,-14,-82.426,-107.703,1633.3,616.8,2015-12-23 22:00:00,2015-12-24 12:00:00,-1,358
1,2015,12,23,21,-15,-82.412,-110.009,1633,627.7,2015-12-23 21:00:00,2015-12-24 12:00:00,-1,358
1,2015,12,23,20,-16,-82.359,-112.277,1632.4,640.2,2015-12-23 20:00:00,2015-12-24 12:00:00,-1,358
1,2015,12,23,19,-17,-82.269,-114.481,1633.2,654.7,2015-12-23 19:00:00,2015-12-24 12:00:00,-1,358
1,2015,12,23,18,-18,-82.146,-116.6,1633.9,669,2015-12-23 18:00:00,2015-12-24 12:00:00,-1,358
1,2015,12,23,17,-19,-82.007,-118.623,1634.4,681.5,2015-12-23 17:00:00,2015-12-24 12:00:00,-1,358
1,2015,12,23,16,-20,-81.862,-120.552,1634.5,692.1,2015-12-23 16:00:00,2015-12-24 12:00:00,-1,358
1,2015,12,23,15,-21,-81.717,-122.369,1633.5,700.7,2015-12-23 15:00:00,2015-12-24 12:00:00,-1,358
1,2015,12,23,14,-22,-81.572,-124.058,1631.3,707.4,2015-12-23 14:00:00,2015-12-24 12:00:00,-1,358
1,2015,12,23,13,-23,-81.426,-125.619,1628.2,712.3,2015-12-23 13:00:00,2015-12-24 12:00:00,-1,358
1,2015,12,23,12,-24,-81.281,-127.065,1623.8,716,2015-12-23 12:00:00,2015-12-24 12:00:00,-1,358
1,2015,12,25,12,0,-80.3,-81.3,1500,741.4,2015-12-25 12:00:00,2015-12-25 12:00:00,24,359
1,2015,12,25,11,-1,-80.474,-81.928,1499.5,731.6,2015-12-25 11:00:00,2015-12-25 12:00:00,-1,359
1,2015,12,25,10,-2,-80.642,-82.691,1498.7,720.7,2015-12-25 10:00:00,2015-12-25 12:00:00,-1,359
1,2015,12,25,9,-3,-80.807,-83.602,1498.1,708.6,2015-12-25 09:00:00,2015-12-25 12:00:00,-1,359
1,2015,12,25,8,-4,-80.969,-84.672,1498.3,695.1,2015-12-25 08:00:00,2015-12-25 12:00:00,-1,359
1,2015,12,25,7,-5,-81.129,-85.906,1499.4,680.4,2015-12-25 07:00:00,2015-12-25 12:00:00,-1,359
1,2015,12,25,6,-6,-81.284,-87.298,1501.6,664.6,2015-12-25 06:00:00,2015-12-25 12:00:00,-1,359
1,2015,12,25,5,-7,-81.435,-88.832,1504.9,650.2,2015-12-25 05:00:00,2015-12-25 12:00:00,-1,359
1,2015,12,25,4,-8,-81.58,-90.49,1505.8,636.9,2015-12-25 04:00:00,2015-12-25 12:00:00,-1,359
1,2015,12,25,3,-9,-81.725,-92.268,1505,624.9,2015-12-25 03:00:00,2015-12-25 12:00:00,-1,359
1,2015,12,25,2,-10,-81.869,-94.151,1504.5,616.2,2015-12-25 02:00:00,2015-12-25 12:00:00,-1,359
1,2015,12,25,1,-11,-82.011,-96.119,1503.5,609.6,2015-12-25 01:00:00,2015-12-25 12:00:00,-1,359
1,2015,12,25,0,-12,-82.154,-98.152,1504.4,604.9,2015-12-25,2015-12-25 12:00:00,-1,359
1,2015,12,24,23,-13,-82.287,-100.25,1506.9,602.6,2015-12-24 23:00:00,2015-12-25 12:00:00,-1,359
1,2015,12,24,22,-14,-82.4,-102.411,1508.5,603.9,2015-12-24 22:00:00,2015-12-25 12:00:00,-1,359
1,2015,12,24,21,-15,-82.491,-104.582,1506.4,607.5,2015-12-24 21:00:00,2015-12-25 12:00:00,-1,359
1,2015,12,24,20,-16,-82.555,-106.693,1501.1,614.4,2015-12-24 20:00:00,2015-12-25 12:00:00,-1,359
1,2015,12,24,19,-17,-82.593,-108.678,1489.6,623.4,2015-12-24 19:00:00,2015-12-25 12:00:00,-1,359
1,2015,12,24,18,-18,-82.606,-110.486,1471.1,633.7,2015-12-24 18:00:00,2015-12-25 12:00:00,-1,359
1,2015,12,24,17,-19,-82.604,-112.143,1453.3,645.3,2015-12-24 17:00:00,2015-12-25 12:00:00,-1,359
1,2015,12,24,16,-20,-82.598,-113.699,1441.6,656.4,2015-12-24 16:00:00,2015-12-25 12:00:00,-1,359
1,2015,12,24,15,-21,-82.583,-115.161,1435.8,667,2015-12-24 15:00:00,2015-12-25 12:00:00,-1,359
1,2015,12,24,14,-22,-82.559,-116.53,1435.4,677.7,2015-12-24 14:00:00,2015-12-25 12:00:00,-1,359
1,2015,12,24,13,-23,-82.526,-117.807,1439.1,687.7,2015-12-24 13:00:00,2015-12-25 12:00:00,-1,359
1,2015,12,24,12,-24,-82.483,-118.989,1445,696.7,2015-12-24 12:00:00,2015-12-25 12:00:00,-1,359
1,2015,12,26,12,0,-80.3,-81.3,1500,746.1,2015-12-26 12:00:00,2015-12-26 12:00:00,24,360
1,2015,12,26,11,-1,-80.324,-81.939,1491.4,739.3,2015-12-26 11:00:00,2015-12-26 12:00:00,-1,360
1,2015,12,26,10,-2,-80.35,-82.694,1480.2,731.5,2015-12-26 10:00:00,2015-12-26 12:00:00,-1,360
1,2015,12,26,9,-3,-80.378,-83.58,1465.8,722.5,2015-12-26 09:00:00,2015-12-26 12:00:00,-1,360
1,2015,12,26,8,-4,-80.406,-84.615,1447.3,712.4,2015-12-26 08:00:00,2015-12-26 12:00:00,-1,360
1,2015,12,26,7,-5,-80.431,-85.819,1423.8,700.9,2015-12-26 07:00:00,2015-12-26 12:00:00,-1,360
1,2015,12,26,6,-6,-80.45,-87.217,1393.5,688.5,2015-12-26 06:00:00,2015-12-26 12:00:00,-1,360
1,2015,12,26,5,-7,-80.471,-88.817,1357.9,675.3,2015-12-26 05:00:00,2015-12-26 12:00:00,-1,360
1,2015,12,26,4,-8,-80.501,-90.617,1319.8,662.3,2015-12-26 04:00:00,2015-12-26 12:00:00,-1,360
1,2015,12,26,3,-9,-80.533,-92.625,1278,651.6,2015-12-26 03:00:00,2015-12-26 12:00:00,-1,360
1,2015,12,26,2,-10,-80.558,-94.832,1233,644.2,2015-12-26 02:00:00,2015-12-26 12:00:00,-1,360
1,2015,12,26,1,-11,-80.565,-97.218,1184.9,641.9,2015-12-26 01:00:00,2015-12-26 12:00:00,-1,360
1,2015,12,26,0,-12,-80.541,-99.751,1133,643.9,2015-12-26,2015-12-26 12:00:00,-1,360
1,2015,12,25,23,-13,-80.479,-102.314,1076.6,650.2,2015-12-25 23:00:00,2015-12-26 12:00:00,-1,360
1,2015,12,25,22,-14,-80.377,-104.804,1018.1,661.8,2015-12-25 22:00:00,2015-12-26 12:00:00,-1,360
1,2015,12,25,21,-15,-80.238,-107.19,958.4,676.2,2015-12-25 21:00:00,2015-12-26 12:00:00,-1,360
1,2015,12,25,20,-16,-80.069,-109.459,898.7,692.5,2015-12-25 20:00:00,2015-12-26 12:00:00,-1,360
1,2015,12,25,19,-17,-79.876,-111.583,842.9,709.6,2015-12-25 19:00:00,2015-12-26 12:00:00,-1,360
1,2015,12,25,18,-18,-79.674,-113.473,797.8,723.2,2015-12-25 18:00:00,2015-12-26 12:00:00,-1,360
1,2015,12,25,17,-19,-79.482,-115.139,761.1,732.5,2015-12-25 17:00:00,2015-12-26 12:00:00,-1,360
1,2015,12,25,16,-20,-79.308,-116.623,730.8,737.9,2015-12-25 16:00:00,2015-12-26 12:00:00,-1,360
1,2015,12,25,15,-21,-79.154,-117.994,705.4,740.7,2015-12-25 15:00:00,2015-12-26 12:00:00,-1,360
1,2015,12,25,14,-22,-79.015,-119.305,684.4,741.6,2015-12-25 14:00:00,2015-12-26 12:00:00,-1,360
1,2015,12,25,13,-23,-78.889,-120.593,667.4,741.7,2015-12-25 13:00:00,2015-12-26 12:00:00,-1,360
1,2015,12,25,12,-24,-78.773,-121.881,654.2,741.2,2015-12-25 12:00:00,2015-12-26 12:00:00,-1,360
1,2015,12,27,12,0,-80.3,-81.3,1500,743.2,2015-12-27 12:00:00,2015-12-27 12:00:00,24,361
1,2015,12,27,11,-1,-80.468,-81.889,1517.3,732.6,2015-12-27 11:00:00,2015-12-27 12:00:00,-1,361
1,2015,12,27,10,-2,-80.635,-82.566,1531.3,721.7,2015-12-27 10:00:00,2015-12-27 12:00:00,-1,361
1,2015,12,27,9,-3,-80.801,-83.334,1541.1,710.4,2015-12-27 09:00:00,2015-12-27 12:00:00,-1,361
1,2015,12,27,8,-4,-80.964,-84.201,1546.2,698.8,2015-12-27 08:00:00,2015-12-27 12:00:00,-1,361
1,2015,12,27,7,-5,-81.124,-85.178,1545.6,687.2,2015-12-27 07:00:00,2015-12-27 12:00:00,-1,361
1,2015,12,27,6,-6,-81.281,-86.276,1538.7,675.6,2015-12-27 06:00:00,2015-12-27 12:00:00,-1,361
1,2015,12,27,5,-7,-81.428,-87.515,1525.8,663.8,2015-12-27 05:00:00,2015-12-27 12:00:00,-1,361
1,2015,12,27,4,-8,-81.56,-88.899,1508.6,653.4,2015-12-27 04:00:00,2015-12-27 12:00:00,-1,361
1,2015,12,27,3,-9,-81.679,-90.411,1486.4,643.4,2015-12-27 03:00:00,2015-12-27 12:00:00,-1,361
1,2015,12,27,2,-10,-81.784,-92.04,1460,634.6,2015-12-27 02:00:00,2015-12-27 12:00:00,-1,361
1,2015,12,27,1,-11,-81.875,-93.768,1431.1,628.6,2015-12-27 01:00:00,2015-12-27 12:00:00,-1,361
1,2015,12,27,0,-12,-81.954,-95.575,1399.5,624.7,2015-12-27,2015-12-27 12:00:00,-1,361
1,2015,12,26,23,-13,-82.016,-97.439,1363.1,622.4,2015-12-26 23:00:00,2015-12-27 12:00:00,-1,361
1,2015,12,26,22,-14,-82.056,-99.32,1322.5,623.5,2015-12-26 22:00:00,2015-12-27 12:00:00,-1,361
1,2015,12,26,21,-15,-82.075,-101.183,1277.9,627,2015-12-26 21:00:00,2015-12-27 12:00:00,-1,361
1,2015,12,26,20,-16,-82.078,-103.002,1230.8,633.1,2015-12-26 20:00:00,2015-12-27 12:00:00,-1,361
1,2015,12,26,19,-17,-82.068,-104.771,1181.6,641.6,2015-12-26 19:00:00,2015-12-27 12:00:00,-1,361
1,2015,12,26,18,-18,-82.048,-106.48,1131,651.7,2015-12-26 18:00:00,2015-12-27 12:00:00,-1,361
1,2015,12,26,17,-19,-82.024,-108.158,1081,663.1,2015-12-26 17:00:00,2015-12-27 12:00:00,-1,361
1,2015,12,26,16,-20,-82.001,-109.843,1034.5,675.4,2015-12-26 16:00:00,2015-12-27 12:00:00,-1,361
1,2015,12,26,15,-21,-81.98,-111.533,992.8,688.6,2015-12-26 15:00:00,2015-12-27 12:00:00,-1,361
1,2015,12,26,14,-22,-81.963,-113.231,957.7,702.3,2015-12-26 14:00:00,2015-12-27 12:00:00,-1,361
1,2015,12,26,13,-23,-81.951,-114.952,930.9,716.6,2015-12-26 13:00:00,2015-12-27 12:00:00,-1,361
1,2015,12,26,12,-24,-81.942,-116.698,912.2,729.9,2015-12-26 12:00:00,2015-12-27 12:00:00,-1,361
1,2015,12,28,12,0,-80.3,-81.3,1500,732.8,2015-12-28 12:00:00,2015-12-28 12:00:00,24,362
1,2015,12,28,11,-1,-80.48,-82.29,1532.7,717.2,2015-12-28 11:00:00,2015-12-28 12:00:00,-1,362
1,2015,12,28,10,-2,-80.656,-83.348,1558.7,701.6,2015-12-28 10:00:00,2015-12-28 12:00:00,-1,362
1,2015,12,28,9,-3,-80.824,-84.484,1578.2,686.3,2015-12-28 09:00:00,2015-12-28 12:00:00,-1,362
1,2015,12,28,8,-4,-80.982,-85.697,1591.5,671.4,2015-12-28 08:00:00,2015-12-28 12:00:00,-1,362
1,2015,12,28,7,-5,-81.128,-86.974,1599.1,657.2,2015-12-28 07:00:00,2015-12-28 12:00:00,-1,362
1,2015,12,28,6,-6,-81.258,-88.3,1601.8,644.5,2015-12-28 06:00:00,2015-12-28 12:00:00,-1,362
1,2015,12,28,5,-7,-81.375,-89.673,1601.4,633.1,2015-12-28 05:00:00,2015-12-28 12:00:00,-1,362
1,2015,12,28,4,-8,-81.482,-91.105,1602,623.3,2015-12-28 04:00:00,2015-12-28 12:00:00,-1,362
1,2015,12,28,3,-9,-81.577,-92.6,1601.6,614.2,2015-12-28 03:00:00,2015-12-28 12:00:00,-1,362
1,2015,12,28,2,-10,-81.661,-94.169,1600.8,607.5,2015-12-28 02:00:00,2015-12-28 12:00:00,-1,362
1,2015,12,28,1,-11,-81.734,-95.824,1597.7,602.2,2015-12-28 01:00:00,2015-12-28 12:00:00,-1,362
1,2015,12,28,0,-12,-81.796,-97.578,1592.4,598.3,2015-12-28,2015-12-28 12:00:00,-1,362
1,2015,12,27,23,-13,-81.842,-99.376,1585.9,596.9,2015-12-27 23:00:00,2015-12-28 12:00:00,-1,362
1,2015,12,27,22,-14,-81.87,-101.158,1578.6,598.1,2015-12-27 22:00:00,2015-12-28 12:00:00,-1,362
1,2015,12,27,21,-15,-81.88,-102.925,1570.7,601.1,2015-12-27 21:00:00,2015-12-28 12:00:00,-1,362
1,2015,12,27,20,-16,-81.872,-104.676,1563.1,605.8,2015-12-27 20:00:00,2015-12-28 12:00:00,-1,362
1,2015,12,27,19,-17,-81.851,-106.41,1556.6,612,2015-12-27 19:00:00,2015-12-28 12:00:00,-1,362
1,2015,12,27,18,-18,-81.82,-108.137,1551.4,619.3,2015-12-27 18:00:00,2015-12-28 12:00:00,-1,362
1,2015,12,27,17,-19,-81.78,-109.901,1547.5,627.9,2015-12-27 17:00:00,2015-12-28 12:00:00,-1,362
1,2015,12,27,16,-20,-81.728,-111.735,1544.6,638.6,2015-12-27 16:00:00,2015-12-28 12:00:00,-1,362
1,2015,12,27,15,-21,-81.665,-113.627,1541,649.7,2015-12-27 15:00:00,2015-12-28 12:00:00,-1,362
1,2015,12,27,14,-22,-81.59,-115.56,1536.1,661.1,2015-12-27 14:00:00,2015-12-28 12:00:00,-1,362
1,2015,12,27,13,-23,-81.504,-117.519,1529.9,672.9,2015-12-27 13:00:00,2015-12-28 12:00:00,-1,362
1,2015,12,27,12,-24,-81.41,-119.487,1522.1,684.6,2015-12-27 12:00:00,2015-12-28 12:00:00,-1,362
1,2015,12,29,12,0,-80.3,-81.3,1500,735.2,2015-12-29 12:00:00,2015-12-29 12:00:00,24,363
1,2015,12,29,11,-1,-80.45,-81.778,1496.7,728.1,2015-12-29 11:00:00,2015-12-29 12:00:00,-1,363
1,2015,12,29,10,-2,-80.595,-82.295,1499.1,719.8,2015-12-29 10:00:00,2015-12-29 12:00:00,-1,363
1,2015,12,29,9,-3,-80.736,-82.85,1506.9,711,2015-12-29 09:00:00,2015-12-29 12:00:00,-1,363
1,2015,12,29,8,-4,-80.871,-83.443,1519.6,701.6,2015-12-29 08:00:00,2015-12-29 12:00:00,-1,363
1,2015,12,29,7,-5,-81,-84.068,1537,691.6,2015-12-29 07:00:00,2015-12-29 12:00:00,-1,363
1,2015,12,29,6,-6,-81.126,-84.72,1558.9,681.3,2015-12-29 06:00:00,2015-12-29 12:00:00,-1,363
1,2015,12,29,5,-7,-81.249,-85.431,1581.7,670.8,2015-12-29 05:00:00,2015-12-29 12:00:00,-1,363
1,2015,12,29,4,-8,-81.372,-86.246,1599.4,660.4,2015-12-29 04:00:00,2015-12-29 12:00:00,-1,363
1,2015,12,29,3,-9,-81.494,-87.178,1612.9,649.7,2015-12-29 03:00:00,2015-12-29 12:00:00,-1,363
1,2015,12,29,2,-10,-81.616,-88.244,1622.4,639.1,2015-12-29 02:00:00,2015-12-29 12:00:00,-1,363
1,2015,12,29,1,-11,-81.737,-89.455,1628,628.1,2015-12-29 01:00:00,2015-12-29 12:00:00,-1,363
1,2015,12,29,0,-12,-81.856,-90.827,1631.3,618,2015-12-29,2015-12-29 12:00:00,-1,363
1,2015,12,28,23,-13,-81.963,-92.326,1631.9,608.9,2015-12-28 23:00:00,2015-12-29 12:00:00,-1,363
1,2015,12,28,22,-14,-82.046,-93.892,1630.4,601.5,2015-12-28 22:00:00,2015-12-29 12:00:00,-1,363
1,2015,12,28,21,-15,-82.099,-95.499,1624.3,595.9,2015-12-28 21:00:00,2015-12-29 12:00:00,-1,363
1,2015,12,28,20,-16,-82.12,-97.112,1613.7,592.8,2015-12-28 20:00:00,2015-12-29 12:00:00,-1,363
1,2015,12,28,19,-17,-82.107,-98.693,1598.5,592,2015-12-28 19:00:00,2015-12-29 12:00:00,-1,363
1,2015,12,28,18,-18,-82.057,-100.201,1577.9,592.6,2015-12-28 18:00:00,2015-12-29 12:00:00,-1,363
1,2015,12,28,17,-19,-81.984,-101.655,1557.8,596,2015-12-28 17:00:00,2015-12-29 12:00:00,-1,363
1,2015,12,28,16,-20,-81.902,-103.094,1541.6,599.2,2015-12-28 16:00:00,2015-12-29 12:00:00,-1,363
1,2015,12,28,15,-21,-81.811,-104.504,1529.2,603.3,2015-12-28 15:00:00,2015-12-29 12:00:00,-1,363
1,2015,12,28,14,-22,-81.712,-105.876,1520.3,608.5,2015-12-28 14:00:00,2015-12-29 12:00:00,-1,363
1,2015,12,28,13,-23,-81.604,-107.209,1514.9,613.9,2015-12-28 13:00:00,2015-12-29 12:00:00,-1,363
1,2015,12,28,12,-24,-81.489,-108.499,1512.8,619.6,2015-12-28 12:00:00,2015-12-29 12:00:00,-1,363
1,2015,12,30,12,0,-80.3,-81.3,1500,743.9,2015-12-30 12:00:00,2015-12-30 12:00:00,24,364
1,2015,12,30,11,-1,-80.389,-81.234,1514.2,741.9,2015-12-30 11:00:00,2015-12-30 12:00:00,-1,364
1,2015,12,30,10,-2,-80.475,-81.251,1533.7,738.1,2015-12-30 10:00:00,2015-12-30 12:00:00,-1,364
1,2015,12,30,9,-3,-80.556,-81.351,1558.1,733.1,2015-12-30 09:00:00,2015-12-30 12:00:00,-1,364
1,2015,12,30,8,-4,-80.634,-81.536,1587.2,726.9,2015-12-30 08:00:00,2015-12-30 12:00:00,-1,364
1,2015,12,30,7,-5,-80.708,-81.811,1620.9,719.4,2015-12-30 07:00:00,2015-12-30 12:00:00,-1,364
1,2015,12,30,6,-6,-80.779,-82.178,1658.9,710.8,2015-12-30 06:00:00,2015-12-30 12:00:00,-1,364
1,2015,12,30,5,-7,-80.849,-82.617,1698.9,701.1,2015-12-30 05:00:00,2015-12-30 12:00:00,-1,364
1,2015,12,30,4,-8,-80.918,-83.104,1736.2,691.5,2015-12-30 04:00:00,2015-12-30 12:00:00,-1,364
1,2015,12,30,3,-9,-80.987,-83.64,1771.6,681.7,2015-12-30 03:00:00,2015-12-30 12:00:00,-1,364
1,2015,12,30,2,-10,-81.057,-84.231,1805.3,671.7,2015-12-30 02:00:00,2015-12-30 12:00:00,-1,364
1,2015,12,30,1,-11,-81.128,-84.884,1837.3,661.4,2015-12-30 01:00:00,2015-12-30 12:00:00,-1,364
1,2015,12,30,0,-12,-81.199,-85.602,1866.9,650.6,2015-12-30,2015-12-30 12:00:00,-1,364
1,2015,12,29,23,-13,-81.269,-86.383,1894.5,639.5,2015-12-29 23:00:00,2015-12-30 12:00:00,-1,364
1,2015,12,29,22,-14,-81.339,-87.22,1919.6,628.4,2015-12-29 22:00:00,2015-12-30 12:00:00,-1,364
1,2015,12,29,21,-15,-81.407,-88.108,1943.2,618,2015-12-29 21:00:00,2015-12-30 12:00:00,-1,364
1,2015,12,29,20,-16,-81.475,-89.042,1965.3,608.1,2015-12-29 20:00:00,2015-12-30 12:00:00,-1,364
1,2015,12,29,19,-17,-81.54,-90.014,1986.1,598.1,2015-12-29 19:00:00,2015-12-30 12:00:00,-1,364
1,2015,12,29,18,-18,-81.602,-91.02,2007.1,589.3,2015-12-29 18:00:00,2015-12-30 12:00:00,-1,364
1,2015,12,29,17,-19,-81.66,-92.046,2024.8,580.9,2015-12-29 17:00:00,2015-12-30 12:00:00,-1,364
1,2015,12,29,16,-20,-81.717,-93.085,2035.4,574.4,2015-12-29 16:00:00,2015-12-30 12:00:00,-1,364
1,2015,12,29,15,-21,-81.771,-94.142,2038.8,569.2,2015-12-29 15:00:00,2015-12-30 12:00:00,-1,364
1,2015,12,29,14,-22,-81.824,-95.226,2034.8,564.7,2015-12-29 14:00:00,2015-12-30 12:00:00,-1,364
1,2015,12,29,13,-23,-81.873,-96.34,2024.4,562.1,2015-12-29 13:00:00,2015-12-30 12:00:00,-1,364
1,2015,12,29,12,-24,-81.918,-97.487,2006.1,560.1,2015-12-29 12:00:00,2015-12-30 12:00:00,-1,364
1,2015,12,31,12,0,-80.3,-81.3,1500,742.4,2015-12-31 12:00:00,2015-12-31 12:00:00,24,365
1,2015,12,31,11,-1,-80.468,-81.976,1545.6,728.4,2015-12-31 11:00:00,2015-12-31 12:00:00,-1,365
1,2015,12,31,10,-2,-80.631,-82.737,1590.9,713.9,2015-12-31 10:00:00,2015-12-31 12:00:00,-1,365
1,2015,12,31,9,-3,-80.785,-83.578,1635,699.2,2015-12-31 09:00:00,2015-12-31 12:00:00,-1,365
1,2015,12,31,8,-4,-80.931,-84.492,1677.4,684.2,2015-12-31 08:00:00,2015-12-31 12:00:00,-1,365
1,2015,12,31,7,-5,-81.067,-85.471,1717.1,669.2,2015-12-31 07:00:00,2015-12-31 12:00:00,-1,365
1,2015,12,31,6,-6,-81.192,-86.503,1753.5,654.3,2015-12-31 06:00:00,2015-12-31 12:00:00,-1,365
1,2015,12,31,5,-7,-81.303,-87.572,1786.6,640.2,2015-12-31 05:00:00,2015-12-31 12:00:00,-1,365
1,2015,12,31,4,-8,-81.397,-88.654,1816,628.6,2015-12-31 04:00:00,2015-12-31 12:00:00,-1,365
1,2015,12,31,3,-9,-81.474,-89.732,1840.7,617.8,2015-12-31 03:00:00,2015-12-31 12:00:00,-1,365
1,2015,12,31,2,-10,-81.535,-90.799,1861.8,608.9,2015-12-31 02:00:00,2015-12-31 12:00:00,-1,365
1,2015,12,31,1,-11,-81.581,-91.851,1878.4,601.3,2015-12-31 01:00:00,2015-12-31 12:00:00,-1,365
1,2015,12,31,0,-12,-81.611,-92.883,1890.3,594.8,2015-12-31,2015-12-31 12:00:00,-1,365
1,2015,12,30,23,-13,-81.624,-93.887,1895.6,589.4,2015-12-30 23:00:00,2015-12-31 12:00:00,-1,365
1,2015,12,30,22,-14,-81.617,-94.852,1895.3,585,2015-12-30 22:00:00,2015-12-31 12:00:00,-1,365
1,2015,12,30,21,-15,-81.589,-95.76,1890.5,582.8,2015-12-30 21:00:00,2015-12-31 12:00:00,-1,365
1,2015,12,30,20,-16,-81.54,-96.589,1881.3,581.5,2015-12-30 20:00:00,2015-12-31 12:00:00,-1,365
1,2015,12,30,19,-17,-81.469,-97.322,1868.2,580.9,2015-12-30 19:00:00,2015-12-31 12:00:00,-1,365
1,2015,12,30,18,-18,-81.377,-97.945,1853,581.5,2015-12-30 18:00:00,2015-12-31 12:00:00,-1,365
1,2015,12,30,17,-19,-81.271,-98.447,1838,582.3,2015-12-30 17:00:00,2015-12-31 12:00:00,-1,365
1,2015,12,30,16,-20,-81.156,-98.824,1826.7,582.7,2015-12-30 16:00:00,2015-12-31 12:00:00,-1,365
1,2015,12,30,15,-21,-81.035,-99.077,1819.1,582.9,2015-12-30 15:00:00,2015-12-31 12:00:00,-1,365
1,2015,12,30,14,-22,-80.909,-99.207,1815.3,583,2015-12-30 14:00:00,2015-12-31 12:00:00,-1,365
1,2015,12,30,13,-23,-80.78,-99.218,1815.7,582.8,2015-12-30 13:00:00,2015-12-31 12:00:00,-1,365
1,2015,12,30,12,-24,-80.65,-99.115,1820.5,582.4,2015-12-30 12:00:00,2015-12-31 12:00:00,-1,365
